"TEST_NAME","TEST_CODE","PASS_SCORE","TOTAL_QUESTIONS","SCORED_QUESTIONS","UNSCORED_QUESTIONS","TIME_MINUTES","DOMAIN","QUESTION","OPTION_A","OPTION_B","OPTION_C","OPTION_D","CORRECT_ANSWER","EXPLANATION"
"AWS Certified Cloud Practitioner","CLF-C02","700","65","50","15","90","Cloud Concepts","What does the AWS Cloud offer that traditional on-premises infrastructure cannot easily provide?","Guaranteed zero-latency connections to all users","Physical access to servers in AWS data centers","The ability to provision resources globally in minutes","Fixed monthly pricing regardless of usage","C","AWS allows global provisioning in minutes — impossible with on-premises infrastructure that requires procurement and installation."
"AWS Certified Cloud Practitioner","CLF-C02","700","65","50","15","90","Cloud Concepts","Which cloud deployment model runs entirely on AWS infrastructure with no on-premises components?","Public cloud","Community cloud","Hybrid cloud","Private cloud","A","A public cloud deployment uses shared AWS infrastructure with no customer-owned hardware. Private cloud runs on dedicated or on-premises infrastructure."
"AWS Certified Cloud Practitioner","CLF-C02","700","65","50","15","90","Cloud Concepts","A company wants to keep sensitive workloads on-premises while using AWS for burst capacity. Which deployment model does this describe?","Public cloud","Hybrid cloud","Private cloud","Multi-cloud","B","Hybrid cloud connects on-premises infrastructure to AWS, allowing workloads to move between environments based on need."
"AWS Certified Cloud Practitioner","CLF-C02","700","65","50","15","90","Cloud Concepts","What is the primary economic advantage of AWS's pay-as-you-go pricing?","You pay only for resources you consume with no upfront commitment","Reserved Instances are always cheaper than on-premises hardware","AWS provides a fixed discount of 20% compared to on-premises costs","AWS eliminates all IT spending from your organization","A","Pay-as-you-go means you incur costs only for actual usage, converting capital expenditure to variable operational expenditure."
"AWS Certified Cloud Practitioner","CLF-C02","700","65","50","15","90","Cloud Concepts","What AWS concept describes the cost reduction achieved when many customers share the same infrastructure?","Economies of scale","Elasticity benefits","Global infrastructure savings","Reserved capacity pricing","A","AWS aggregates usage across hundreds of thousands of customers, enabling lower per-unit costs that are passed on as lower prices."
"AWS Certified Cloud Practitioner","CLF-C02","700","65","50","15","90","Cloud Concepts","Which benefit of cloud computing allows a business to avoid guessing how much capacity they need?","High availability","Global reach","Fault tolerance","Elasticity","D","Elasticity lets you scale capacity up or down automatically based on actual demand, eliminating over-provisioning and under-provisioning."
"AWS Certified Cloud Practitioner","CLF-C02","700","65","50","15","90","Cloud Concepts","What does 'high availability' mean in the context of AWS architecture?","All AWS services are guaranteed to have 100% uptime at all times","Systems remain operational with minimal downtime even when components fail","Applications automatically scale to handle any amount of traffic","Data is automatically backed up to multiple AWS Regions","B","High availability uses redundant components across Availability Zones so that failure of one component does not bring down the system."
"AWS Certified Cloud Practitioner","CLF-C02","700","65","50","15","90","Cloud Concepts","What is an AWS Region?","A virtual network boundary within an AWS account","A geographic area containing multiple isolated data center clusters called Availability Zones","A pricing zone that determines the cost of AWS services","A single data center where AWS hosts all services for a country","B","Each AWS Region is a separate geographic area with multiple Availability Zones providing fault isolation and low-latency access."
"AWS Certified Cloud Practitioner","CLF-C02","700","65","50","15","90","Cloud Concepts","What is an AWS Availability Zone?","One or more discrete data centers with redundant power networking and connectivity within a Region","A geographic area containing multiple AWS Regions","A content delivery network edge location","A logical grouping of AWS accounts within an organization","A","Availability Zones are physically separate data centers within a Region — isolated from each other to prevent correlated failures."
"AWS Certified Cloud Practitioner","CLF-C02","700","65","50","15","90","Cloud Concepts","Why would a company deploy an application across multiple Availability Zones?","To reduce the cost of running the application","To comply with AWS's mandatory multi-AZ deployment policy","To ensure the application remains available if one data center fails","To access services that are only available in specific Availability Zones","C","Multi-AZ deployment provides fault isolation — if one AZ loses power or connectivity, the application continues running in other AZs."
"AWS Certified Cloud Practitioner","CLF-C02","700","65","50","15","90","Cloud Concepts","What are AWS Edge Locations used for?","Caching content closer to end users to reduce latency for services like CloudFront","Hosting the primary copies of S3 data in multiple continents","Running EC2 instances closer to specific geographic markets","Providing direct physical access to AWS hardware for enterprise customers","A","Edge Locations are CloudFront CDN points of presence that cache content near users, dramatically reducing load times."
"AWS Certified Cloud Practitioner","CLF-C02","700","65","50","15","90","Cloud Concepts","What does 'fault tolerance' mean in AWS architecture?","Applications automatically switch to a cheaper tier when traffic is low","The system can automatically fix bugs in application code","A system continues operating correctly even when one or more components fail","AWS guarantees no hardware will ever fail in your deployment","C","Fault-tolerant systems are designed so component failures do not cause system failure — redundancy absorbs the impact."
"AWS Certified Cloud Practitioner","CLF-C02","700","65","50","15","90","Cloud Concepts","Which AWS concept refers to the ability to quickly acquire or release resources to match current demand?","Elasticity","Availability","Durability","Portability","A","Elasticity is the ability to automatically scale resources up during demand spikes and down when demand drops, matching supply to need."
"AWS Certified Cloud Practitioner","CLF-C02","700","65","50","15","90","Cloud Concepts","What is the difference between elasticity and scalability in AWS?","Elasticity applies only to storage; scalability applies only to compute","Elasticity is automated dynamic scaling; scalability is the general ability to grow to handle more load","They are identical concepts with different names used in different AWS documentation","Scalability means paying less at high volumes; elasticity means paying more for faster resources","B","Scalability is the capacity to handle growth; elasticity specifically refers to automatic dynamic scaling up and down in real time."
"AWS Certified Cloud Practitioner","CLF-C02","700","65","50","15","90","Cloud Concepts","A startup wants to launch a global application without investing in physical data centers. Which cloud benefit best describes why AWS is suitable?","AWS guarantees faster application performance than any on-premises setup","Startups receive free AWS credits that cover all infrastructure costs","Trade capital expense for variable expense while going global in minutes","AWS provides dedicated physical servers at each geographic location","C","AWS eliminates upfront capital for data centers and allows instant global deployment — a fundamental cloud advantage for startups."
"AWS Certified Cloud Practitioner","CLF-C02","700","65","50","15","90","Cloud Concepts","What is the AWS Well-Architected Framework?","A certification program for AWS architects to demonstrate cloud design skills","A pricing calculator that estimates the total cost of well-designed cloud architectures","AWS's mandatory deployment checklist that all production workloads must pass before launch","A set of best practices across five pillars to help build secure reliable efficient and cost-optimized cloud architectures","D","The Well-Architected Framework provides guiding principles across Operational Excellence, Security, Reliability, Performance, Cost Optimization, and Sustainability."
"AWS Certified Cloud Practitioner","CLF-C02","700","65","50","15","90","Cloud Concepts","Which Well-Architected Framework pillar focuses on protecting data systems and assets?","Reliability","Security","Operational Excellence","Performance Efficiency","B","The Security pillar covers identity management, detection controls, infrastructure protection, data protection, and incident response."
"AWS Certified Cloud Practitioner","CLF-C02","700","65","50","15","90","Cloud Concepts","Which Well-Architected Framework pillar focuses on the ability to recover from failures and meet demand?","Security","Reliability","Cost Optimization","Performance Efficiency","B","The Reliability pillar covers fault tolerance, recovery planning, and the ability to dynamically acquire resources to meet demand."
"AWS Certified Cloud Practitioner","CLF-C02","700","65","50","15","90","Cloud Concepts","What does the Cost Optimization pillar of the Well-Architected Framework focus on?","Achieving business outcomes at the lowest price point by eliminating waste and right-sizing resources","Reducing the number of AWS services used to minimize complexity and cost","Moving all workloads to Spot Instances to achieve the lowest possible compute costs","Ensuring all resources use Reserved Instances for maximum savings","A","Cost Optimization includes understanding spending, selecting right-sized resources, using appropriate pricing models, and eliminating unused resources."
"AWS Certified Cloud Practitioner","CLF-C02","700","65","50","15","90","Cloud Concepts","What is the Sustainability pillar of the Well-Architected Framework concerned with?","Measuring the financial sustainability of cloud spending over time","Complying with environmental regulations in each AWS Region","Minimizing the environmental impact of running cloud workloads","Ensuring workloads can sustain traffic indefinitely without maintenance","C","The Sustainability pillar encourages using the right amount of resources, choosing efficient architectures, and maximizing hardware utilization."
"AWS Certified Cloud Practitioner","CLF-C02","700","65","50","15","90","Cloud Concepts","What does 'loose coupling' mean in cloud architecture?","Reducing the number of network connections between services to improve performance","Designing components that interact through well-defined interfaces so failures in one component do not cascade to others","Using lightweight container workloads instead of virtual machines","Connecting AWS services with low-latency network links to reduce coupling overhead","B","Loose coupling isolates failures — when services interact only through APIs and queues, one failing service does not take down others."
"AWS Certified Cloud Practitioner","CLF-C02","700","65","50","15","90","Cloud Concepts","What does 'design for failure' mean as an AWS architecture principle?","Assume every component can fail and architect the system so that failures are expected and handled gracefully","Choose AWS services with the highest published SLAs to minimize the chance of failure","Build systems that automatically detect and fix application code bugs before they cause failures","Test systems by intentionally breaking components in a staging environment only","A","Designing for failure means building redundancy and recovery paths so component failures are non-events rather than outages."
"AWS Certified Cloud Practitioner","CLF-C02","700","65","50","15","90","Cloud Concepts","What is the cloud principle behind 'stop guessing capacity'?","Use elasticity to scale resources automatically based on actual demand rather than over-provisioning for peak load","Ask AWS support to estimate required capacity before launching any workload","Use AWS Compute Optimizer to receive a one-time capacity recommendation at launch","Purchase Reserved Instances for three years to lock in capacity at a discount","A","Cloud elasticity eliminates the need to guess peak capacity — you provision for current demand and scale as needed."
"AWS Certified Cloud Practitioner","CLF-C02","700","65","50","15","90","Cloud Concepts","What does 'benefit from massive economies of scale' mean as a cloud computing advantage?","Customers automatically receive lower prices as their own usage volume increases","AWS's aggregated purchasing power from millions of customers results in lower per-unit costs passed on as lower prices","AWS provides free services to companies that reach a certain spending threshold","Large enterprises receive larger discounts than small companies from AWS","B","AWS's scale across hundreds of thousands of customers drives down hardware, power, and operational costs, which AWS passes on through competitive pricing."
"AWS Certified Cloud Practitioner","CLF-C02","700","65","50","15","90","Cloud Concepts","What is Infrastructure as Code (IaC) in the context of AWS?","Writing application code that runs directly on AWS physical infrastructure","AWS's proprietary language for configuring network routing and security policies","Defining and provisioning AWS infrastructure through machine-readable configuration files rather than manual console actions","A programming model where EC2 instances execute code without an operating system","C","IaC tools like AWS CloudFormation and Terraform let you version, review, and automate infrastructure deployments reproducibly."
"AWS Certified Cloud Practitioner","CLF-C02","700","65","50","15","90","Cloud Concepts","What is a microservices architecture?","An architecture that uses the smallest EC2 instance types to minimize cost","A design pattern for applications that run on a single powerful server","AWS's term for Lambda functions that perform micro-scale tasks","An approach where an application is built as a collection of small independent services that each perform a specific function","D","Microservices decompose applications into independent services that can be deployed, scaled, and updated individually."
"AWS Certified Cloud Practitioner","CLF-C02","700","65","50","15","90","Cloud Concepts","What is serverless computing in AWS?","A pricing model where you pay for servers only when they are idle","Running code without provisioning or managing servers — AWS handles all infrastructure automatically","A deployment model where code runs exclusively on customers' on-premises hardware","Computing that uses servers that are invisible to the customer because they are inside containers","B","Serverless (like Lambda) means you provide code and AWS handles provisioning, scaling, patching, and managing servers entirely."
"AWS Certified Cloud Practitioner","CLF-C02","700","65","50","15","90","Cloud Concepts","What is the AWS Shared Responsibility Model?","AWS and the customer share equal responsibility for all aspects of cloud security","AWS is responsible for all security including customer data protection and application vulnerabilities","AWS is responsible for security of the cloud infrastructure; customers are responsible for security in the cloud (their data applications and configurations)","Customers are fully responsible for all security since they own their accounts","C","The Shared Responsibility Model divides security duties: AWS owns hardware and hypervisor; customers own OS, apps, data, and IAM."
"AWS Certified Cloud Practitioner","CLF-C02","700","65","50","15","90","Cloud Concepts","Which of the following is the customer's responsibility under the AWS Shared Responsibility Model?","Maintaining the hypervisor that runs EC2 instances","Managing operating system patches on EC2 instances","Patching the network infrastructure that connects AWS Regions","Securing the physical AWS data center facilities","B","Customers are responsible for what runs ON the infrastructure: OS patches, application updates, and security group configuration on EC2."
"AWS Certified Cloud Practitioner","CLF-C02","700","65","50","15","90","Cloud Concepts","Which of the following is AWS's responsibility under the Shared Responsibility Model?","Protecting the physical security of the data centers where hardware runs","Encrypting customer data stored in S3 buckets","Managing IAM user access policies within a customer account","Patching the operating systems running on customer EC2 instances","A","AWS is responsible for physical security, hardware, networking infrastructure, and the hypervisor — the security 'of' the cloud."
"AWS Certified Cloud Practitioner","CLF-C02","700","65","50","15","90","Cloud Concepts","What is the principle of 'least privilege' in AWS security?","Users and services should be granted only the minimum permissions needed to perform their specific tasks","AWS accounts should use the fewest number of services to minimize the attack surface","New IAM users should start with full administrator access and have permissions removed over time","Security groups should allow the least amount of outbound traffic possible","A","Least privilege minimizes damage from compromised credentials by ensuring accounts can only access what they legitimately need."
"AWS Certified Cloud Practitioner","CLF-C02","700","65","50","15","90","Cloud Concepts","What does 'stop spending money running and maintaining data centers' mean as a cloud benefit?","AWS automatically migrates on-premises applications to the cloud at no cost","Customers no longer pay any infrastructure costs since AWS covers all expenses","AWS lets you focus on your applications while AWS handles racking servers, cooling, power, and physical maintenance","Companies can close all offices and run entirely on AWS virtual infrastructure","C","Eliminating data center operations frees capital and engineering time to focus on differentiating business activities."
"AWS Certified Cloud Practitioner","CLF-C02","700","65","50","15","90","Cloud Concepts","What is a Content Delivery Network (CDN) and which AWS service provides it?","A globally distributed cache that serves content from locations near users; Amazon CloudFront is AWS's CDN","A database caching layer that stores query results; served by Amazon ElastiCache","A network for transferring large datasets between AWS Regions; served by AWS Direct Connect","A private network for connecting corporate offices to AWS; served by AWS VPN","A","CDNs cache content at edge locations worldwide. CloudFront delivers content from the location closest to each user for low latency."
"AWS Certified Cloud Practitioner","CLF-C02","700","65","50","15","90","Cloud Concepts","What does 'go global in minutes' mean as an AWS cloud benefit?","Applications can be deployed to AWS Regions around the world quickly using the same tools and APIs","AWS planes can physically deliver hardware to any global location within minutes","AWS operates in every country in the world with local offices for rapid support","AWS provides guaranteed sub-minute deployment times for all application types","A","AWS's global infrastructure and consistent APIs mean deploying to a new Region takes minutes, not months of data center procurement."
"AWS Certified Cloud Practitioner","CLF-C02","700","65","50","15","90","Cloud Concepts","What is AWS Local Zones?","Small edge computing devices that run AWS services inside customer offices","A pricing zone that applies lower costs to customers in specific local markets","A feature that restricts AWS resources to a specific local geographic area for compliance","An extension of an AWS Region that places compute storage and database services closer to large population centers","D","Local Zones extend AWS infrastructure to metropolitan areas, reducing latency for applications requiring single-digit millisecond response times."
"AWS Certified Cloud Practitioner","CLF-C02","700","65","50","15","90","Cloud Concepts","What is AWS Wavelength?","A high-speed fiber network connecting AWS Regions to each other","Infrastructure embedded in telecommunications providers' 5G networks to deliver ultra-low latency to mobile devices","A service that optimizes Wi-Fi connectivity for IoT devices on AWS","A monitoring service that measures network latency across all AWS Regions","B","AWS Wavelength deploys AWS compute and storage at the edge of 5G networks for applications requiring less than 10ms latency to mobile users."
"AWS Certified Cloud Practitioner","CLF-C02","700","65","50","15","90","Cloud Concepts","What is the AWS Global Infrastructure and why does it matter?","The worldwide network of Regions Availability Zones and Edge Locations that provides the physical foundation for AWS services","AWS's internal network that connects employees at offices around the world","A premium support tier that provides global 24/7 phone access to AWS engineers","A management console that shows the global status of all AWS services in real time","A","The Global Infrastructure is the physical backbone of AWS — Regions, AZs, and edge locations provide redundancy, low latency, and compliance options."
"AWS Certified Cloud Practitioner","CLF-C02","700","65","50","15","90","Cloud Concepts","What is the primary purpose of AWS Outposts?","Extending AWS networking capabilities to remote offices with limited connectivity","Providing a dedicated connection from a customer's data center to AWS","Offering physical storage devices to transfer large datasets to S3","Running AWS infrastructure and services on-premises in a customer's own data center","D","Outposts brings AWS hardware and services fully into customer premises, giving the AWS experience with on-premises data residency."
"AWS Certified Cloud Practitioner","CLF-C02","700","65","50","15","90","Cloud Concepts","What does 'increase speed and agility' mean as a cloud computing benefit?","AWS servers run applications faster than equivalent on-premises hardware","AWS support responds to tickets faster than internal IT teams can resolve issues","Cloud deployments automatically use the fastest available network connections","New IT resources are available in minutes rather than weeks allowing teams to experiment and innovate faster","D","Cloud eliminates procurement delays — developers get resources in minutes, accelerating experimentation and reducing time to market."
"AWS Certified Cloud Practitioner","CLF-C02","700","65","50","15","90","Cloud Concepts","What is cloud computing's impact on capital expenditure (CapEx)?","Cloud eliminates all IT spending since AWS provides services free of charge","CapEx remains the same but OpEx increases when migrating to cloud","Cloud requires larger upfront CapEx investment than on-premises due to Reserved Instance purchases","Cloud replaces large upfront capital investments with variable operational expenses (OpEx) paid only for what is used","D","Shifting from CapEx (servers, buildings) to OpEx (pay-per-use) frees capital and allows spending to flex with business activity."
"AWS Certified Cloud Practitioner","CLF-C02","700","65","50","15","90","Cloud Concepts","What is a Service Level Agreement (SLA) in the context of AWS?","A document listing all features included in each tier of a managed AWS service","A commitment from AWS about the minimum uptime percentage for a service with financial credits if not met","An agreement defining how quickly AWS support will respond to critical tickets","A contract requiring customers to maintain a minimum monthly spend on AWS","B","AWS SLAs commit to uptime percentages (like 99.9% for many services) and provide service credits when AWS fails to meet the commitment."
"AWS Certified Cloud Practitioner","CLF-C02","700","65","50","15","90","Cloud Concepts","What does 'reliability' mean in the context of the Well-Architected Framework?","Achieving 100% uptime by deploying in every available AWS Region simultaneously","Ensuring that application performance remains constant regardless of traffic levels","The ability of a workload to perform its intended function correctly and consistently recover from failures","Using only AWS-managed services that AWS guarantees will never fail","C","Reliability covers mechanisms to recover from infrastructure or service disruptions and dynamically acquire resources to meet demand."
"AWS Certified Cloud Practitioner","CLF-C02","700","65","50","15","90","Cloud Concepts","What is the cloud computing deployment model where all resources are on-premises and managed by the organization?","Public cloud","Community cloud","Private cloud","Hybrid cloud","C","A private cloud uses dedicated infrastructure owned and operated by a single organization, either on-premises or at a dedicated hosting provider."
"AWS Certified Cloud Practitioner","CLF-C02","700","65","50","15","90","Security and Compliance","What is AWS Identity and Access Management (IAM)?","A network service that controls which IP addresses can reach AWS resources","A service for managing user identities permissions and access to AWS resources","A monitoring service that tracks user activity across all AWS accounts","A service for encrypting data stored in AWS databases and storage","B","IAM lets you create users, groups, and roles and attach policies that define what each identity is allowed to do in AWS."
"AWS Certified Cloud Practitioner","CLF-C02","700","65","50","15","90","Security and Compliance","What is an IAM Policy?","A password rule that controls the complexity required for IAM user passwords","A set of network rules controlling which users can access EC2 instances","An agreement between AWS and the customer about identity management responsibilities","A JSON document that defines permissions specifying what actions are allowed or denied on which AWS resources","D","IAM Policies are JSON documents attached to identities or resources that grant or deny specific API actions on specified resources."
"AWS Certified Cloud Practitioner","CLF-C02","700","65","50","15","90","Security and Compliance","What is the root user in an AWS account?","The account owner identity with unrestricted access to all resources and account settings created when the account is opened","A special IAM role that can be assumed by any user to perform privileged actions","An AWS employee account used to manage customer accounts in emergencies","The first IAM user created in a new AWS account with administrator permissions","A","The root user has unrestricted access including account closure and changing billing information — it should be rarely used and protected with MFA."
"AWS Certified Cloud Practitioner","CLF-C02","700","65","50","15","90","Security and Compliance","Why should you avoid using the AWS root user for everyday tasks?","AWS requires you to use IAM users for regulatory compliance in all scenarios","The root user account incurs additional charges for each API call made","The root user cannot be assigned permissions so it cannot perform most tasks","The root user has unrestricted power so compromise of this account could be catastrophic and irreversible","D","Using root for daily tasks is dangerous — a compromised root account can delete all resources, close the account, or change payment methods."
"AWS Certified Cloud Practitioner","CLF-C02","700","65","50","15","90","Security and Compliance","What is Multi-Factor Authentication (MFA) in AWS?","A method for verifying that multiple IAM users have approved a sensitive action","A feature that requires two AWS administrators to approve any permission change","An encryption standard that uses multiple keys to protect data in transit","An extra layer of authentication requiring a second form of verification beyond a password to access AWS accounts","D","MFA adds a one-time code from a device (phone app or hardware token) as a second factor, protecting accounts even if passwords are stolen."
"AWS Certified Cloud Practitioner","CLF-C02","700","65","50","15","90","Security and Compliance","What is the AWS Security Token Service (STS)?","A service that stores and rotates long-term security credentials for applications","A service that validates SSL certificates for AWS services","A monitoring service that detects security threats across AWS accounts","A service that issues temporary short-lived credentials for accessing AWS resources","D","STS issues temporary credentials used by IAM roles — they expire automatically, reducing risk compared to long-term access keys."
"AWS Certified Cloud Practitioner","CLF-C02","700","65","50","15","90","Security and Compliance","What is an IAM Role?","A security token that replaces passwords for accessing the AWS Management Console","An IAM identity with specific permissions that can be assumed by users services or applications that need temporary access","An AWS-managed identity that automatically grants access to all services in a Region","A named set of permission levels such as ReadOnly Admin or PowerUser assigned to IAM users","B","Roles are not tied to a specific user — they are assumed temporarily by entities (users, EC2 instances, Lambda functions) that need their permissions."
"AWS Certified Cloud Practitioner","CLF-C02","700","65","50","15","90","Security and Compliance","What is the difference between an IAM User and an IAM Role?","Roles are more powerful than users and can bypass IAM policies","Users can only access the console; Roles can only be used programmatically via the API","Users have permanent credentials tied to one person; Roles have temporary credentials that any authorized entity can assume","Users are for humans and Roles are only for AWS services — humans cannot assume roles","C","IAM Users have long-term credentials for a specific person. Roles are assumed temporarily by users, services, or cross-account entities."
"AWS Certified Cloud Practitioner","CLF-C02","700","65","50","15","90","Security and Compliance","What is an IAM Group?","A collection of IAM users that share the same permissions through policies attached to the group","A billing construct that groups IAM user costs together for cost allocation","A set of IAM roles that can be assigned to a department or team","A network boundary that controls which IAM users can access specific Regions","A","Groups simplify permission management — attach policies to a group and all users in that group inherit those permissions."
"AWS Certified Cloud Practitioner","CLF-C02","700","65","50","15","90","Security and Compliance","What is the AWS principle of 'never share access keys'?","AWS encryption keys should never be shared between different S3 buckets","Each person or application should have unique credentials so that access can be individually tracked and revoked","SSL/TLS certificates should not be reused across multiple web applications","AWS KMS keys should be created per service rather than shared across services","B","Shared access keys make auditing impossible and mean you cannot revoke one person's access without affecting everyone who shares the key."
"AWS Certified Cloud Practitioner","CLF-C02","700","65","50","15","90","Security and Compliance","What is AWS CloudTrail?","A service that records all API calls made in an AWS account for auditing governance and compliance","A service that monitors the performance of applications running on EC2 instances","A version control system for tracking changes to AWS CloudFormation templates","A network monitoring service that records all network traffic within a VPC","A","CloudTrail logs every API call including who made it, from where, on which resource, and when — essential for security audits and incident investigation."
"AWS Certified Cloud Practitioner","CLF-C02","700","65","50","15","90","Security and Compliance","What is Amazon GuardDuty?","A web application firewall that blocks common attacks against applications","A threat detection service that continuously monitors AWS accounts for malicious activity using ML and threat intelligence","A service that audits IAM policies and flags overly permissive permissions","A network monitoring service that analyzes VPC Flow Logs for performance issues","B","GuardDuty analyzes CloudTrail, VPC Flow Logs, and DNS logs using ML to detect threats like compromised credentials and unusual behavior."
"AWS Certified Cloud Practitioner","CLF-C02","700","65","50","15","90","Security and Compliance","What is AWS Shield?","An encryption service that protects data stored in S3 and EBS from unauthorized access","A service that monitors IAM policies and alerts when they are overly permissive","A managed DDoS protection service that defends AWS applications against volumetric and infrastructure attacks","A firewall service that inspects application traffic for SQL injection and XSS attacks","C","Shield Standard (free) provides automatic DDoS protection. Shield Advanced adds enhanced detection, 24/7 DRT support, and cost protection."
"AWS Certified Cloud Practitioner","CLF-C02","700","65","50","15","90","Security and Compliance","What is AWS WAF (Web Application Firewall)?","A network firewall that filters all traffic entering and leaving a VPC","A service that automatically patches web application code vulnerabilities","A firewall that monitors and controls HTTP requests to web applications protecting against common exploits like SQL injection","A DDoS protection service that absorbs volumetric attacks before they reach applications","C","WAF sits in front of CloudFront, ALB, or API Gateway and filters malicious web requests based on configurable rules."
"AWS Certified Cloud Practitioner","CLF-C02","700","65","50","15","90","Security and Compliance","What is Amazon Inspector?","A tool that reviews CloudFormation templates for security misconfigurations before deployment","An automated security assessment service that scans EC2 instances and container images for vulnerabilities","A service that monitors and alerts on changes to IAM permissions","A compliance dashboard showing whether accounts meet specific regulatory standards","B","Inspector continuously scans workloads for software vulnerabilities and unintended network exposure, providing prioritized findings."
"AWS Certified Cloud Practitioner","CLF-C02","700","65","50","15","90","Security and Compliance","What is AWS Trusted Advisor?","A compliance service that certifies that AWS environments meet specific regulatory requirements","A monitoring service that automatically remediates security issues detected in AWS accounts","A support service that assigns a dedicated AWS architect to help design your infrastructure","An online tool that inspects AWS environments and provides recommendations across cost optimization security performance and fault tolerance","D","Trusted Advisor checks against AWS best practices across 5 categories and flags issues like open S3 buckets, unused resources, and over-permissive IAM."
"AWS Certified Cloud Practitioner","CLF-C02","700","65","50","15","90","Security and Compliance","What is Amazon Macie?","A data security service that uses ML to discover classify and protect sensitive data like PII stored in S3","A key management service that encrypts data stored in S3 buckets","A compliance service that ensures S3 buckets meet data residency requirements","A network security service that monitors API calls for unauthorized access patterns","A","Macie automatically discovers sensitive data (credit card numbers, SSNs) in S3 and alerts you to data exposure risks."
"AWS Certified Cloud Practitioner","CLF-C02","700","65","50","15","90","Security and Compliance","What is AWS Key Management Service (KMS)?","A password manager that securely stores application credentials and database passwords","A service that manages SSH key pairs for connecting to EC2 instances","A service that issues SSL/TLS certificates for encrypting data in transit","A managed service for creating and controlling the encryption keys used to encrypt data across AWS services","D","KMS manages customer master keys (CMKs) used to encrypt data in S3, EBS, RDS, and other services with full audit logging."
"AWS Certified Cloud Practitioner","CLF-C02","700","65","50","15","90","Security and Compliance","What is AWS Secrets Manager?","A service that manages encryption keys for encrypting AWS services","A service that stores rotates and manages secrets like database passwords and API keys used by applications","A compliance tool that audits whether applications are storing secrets securely","An IAM feature that generates and stores temporary credentials for cross-account access","B","Secrets Manager securely stores secrets, automatically rotates them, and integrates with RDS and other services to update credentials automatically."
"AWS Certified Cloud Practitioner","CLF-C02","700","65","50","15","90","Security and Compliance","What is AWS Certificate Manager (ACM)?","A compliance certification management tool for tracking regulatory certifications","A service that provisions manages and renews SSL/TLS certificates for use with AWS services","A service that issues and manages IAM certifications and credentials","A service that generates and stores security keys for KMS encryption","B","ACM handles the complexity of creating, storing, and renewing SSL/TLS certificates, integrating natively with CloudFront, ALB, and API Gateway."
"AWS Certified Cloud Practitioner","CLF-C02","700","65","50","15","90","Security and Compliance","What is a Security Group in AWS?","A virtual firewall that controls inbound and outbound traffic to EC2 instances using allow rules","A group of IAM users that share the same security policies and access levels","A network segment that isolates resources from each other within a VPC","A set of AWS Config rules that enforce security standards across an account","A","Security Groups act as virtual firewalls with stateful rules — you specify allowed inbound and outbound traffic; everything else is denied by default."
"AWS Certified Cloud Practitioner","CLF-C02","700","65","50","15","90","Security and Compliance","What is a Network Access Control List (NACL) in AWS?","A firewall that sits in front of Application Load Balancers to filter web traffic","An IAM policy document controlling which services can access resources in a VPC","An optional stateless firewall at the subnet level in a VPC that evaluates traffic using ordered numbered rules","A list of allowed IP addresses that can connect to EC2 instances via SSH","C","NACLs are stateless subnet-level firewalls with numbered rules evaluated in order. Unlike Security Groups, return traffic must be explicitly allowed."
"AWS Certified Cloud Practitioner","CLF-C02","700","65","50","15","90","Security and Compliance","What is the difference between Security Groups and NACLs?","Security Groups block traffic while NACLs only log traffic for monitoring","NACLs apply to individual EC2 instances while Security Groups apply to entire subnets","Security Groups are stateful instance-level firewalls; NACLs are stateless subnet-level firewalls with ordered rules","Security Groups use TCP rules while NACLs use IP-based rules for traffic control","C","Key differences: Security Groups are stateful (return traffic automatic), instance-level, allow-only. NACLs are stateless, subnet-level, allow and deny."
"AWS Certified Cloud Practitioner","CLF-C02","700","65","50","15","90","Security and Compliance","What is Amazon VPC (Virtual Private Cloud)?","A private DNS service that provides name resolution within AWS accounts","A content delivery network that provides private cached content to corporate users","A logically isolated network section of the AWS cloud where customers launch AWS resources in a defined virtual network","A dedicated physical network connection between a corporate data center and AWS","C","A VPC gives you complete control over your virtual networking environment including IP ranges, subnets, route tables, and gateways."
"AWS Certified Cloud Practitioner","CLF-C02","700","65","50","15","90","Security and Compliance","What is a public subnet in a VPC?","A subnet whose route table directs internet-bound traffic through an Internet Gateway making resources reachable from the internet","A subnet reserved for AWS-managed services that customers cannot modify","A subnet that is shared between multiple AWS accounts within an organization","A subnet with no security groups applied allowing all traffic by default","A","Public subnets have a route to an Internet Gateway, allowing resources with public IPs to communicate with the internet."
"AWS Certified Cloud Practitioner","CLF-C02","700","65","50","15","90","Security and Compliance","What is a private subnet in a VPC?","A subnet with no route to an Internet Gateway so resources cannot be directly reached from the internet","A subnet dedicated to a single EC2 instance for maximum isolation","A subnet with enhanced encryption applied to all traffic entering and leaving it","A subnet that requires a VPN connection to access any resources within it","A","Private subnets lack a direct internet route, protecting backend resources like databases. They can reach the internet via a NAT Gateway if needed."
"AWS Certified Cloud Practitioner","CLF-C02","700","65","50","15","90","Security and Compliance","What is AWS Config?","A service that continuously records and evaluates AWS resource configurations against desired configuration rules","A tool for creating and deploying CloudFormation configuration templates","A service for managing application configuration files stored in AWS","A monitoring service that tracks application performance configuration metrics","A","Config provides a configuration history and compliance dashboard, evaluating whether resources comply with rules like 'all S3 buckets must have encryption enabled.'"
"AWS Certified Cloud Practitioner","CLF-C02","700","65","50","15","90","Security and Compliance","What is Amazon Detective?","A logging service that records all network traffic in a VPC for forensic analysis","A compliance tool that investigates regulatory violations in AWS environments","A security service that uses ML to analyze and visualize security data to rapidly investigate potential security issues","A service that monitors API calls and detects suspicious activity in real time","C","Detective automatically collects log data and uses ML/graph theory to help you analyze security issues faster than manual investigation."
"AWS Certified Cloud Practitioner","CLF-C02","700","65","50","15","90","Security and Compliance","What is AWS Security Hub?","An IAM service that centralizes identity management across multiple AWS accounts","A compliance service that certifies AWS environments against specific standards","A managed firewall service that centralizes network protection across all VPCs","A centralized security findings dashboard that aggregates alerts from multiple AWS security services into one place","D","Security Hub aggregates findings from GuardDuty, Inspector, Macie, and more into a single dashboard prioritized by severity."
"AWS Certified Cloud Practitioner","CLF-C02","700","65","50","15","90","Security and Compliance","What compliance program ensures that AWS handles payment card data securely?","FedRAMP","PCI DSS","SOC 2","HIPAA","B","PCI DSS (Payment Card Industry Data Security Standard) governs how payment card data is stored, processed, and transmitted."
"AWS Certified Cloud Practitioner","CLF-C02","700","65","50","15","90","Security and Compliance","What is HIPAA compliance relevant to in AWS?","HIPAA compliance is managed entirely by AWS so customers have no additional obligations","All AWS customers must comply with HIPAA data protection requirements by default","HIPAA requires that healthcare companies store all data in US-East Regions only","Healthcare customers handling protected health information (PHI) must use HIPAA-eligible AWS services","D","HIPAA governs US healthcare data. AWS offers eligible services and signs Business Associate Agreements, but customers configure their environments for compliance."
"AWS Certified Cloud Practitioner","CLF-C02","700","65","50","15","90","Security and Compliance","What is AWS Artifact?","A tool for creating and managing digital certificates for encrypting application data","A repository for storing AWS CloudFormation templates and infrastructure code","A service for storing and versioning application deployment artifacts and packages","A self-service portal for accessing AWS compliance reports and agreements like SOC reports and PCI certifications","D","Artifact provides on-demand access to AWS's compliance documentation — auditors can download the reports they need without contacting AWS."
"AWS Certified Cloud Practitioner","CLF-C02","700","65","50","15","90","Security and Compliance","What is the purpose of enabling VPC Flow Logs?","To log all API calls made to AWS services within an account for audit trails","To track changes to VPC configurations like subnet and routing table modifications","To monitor the performance of EC2 instances in terms of CPU and memory usage","To capture information about IP traffic going to and from network interfaces in a VPC for security and monitoring","D","VPC Flow Logs record source/destination IPs, ports, protocol, and accept/reject status for all traffic — essential for security investigation."
"AWS Certified Cloud Practitioner","CLF-C02","700","65","50","15","90","Security and Compliance","What is encryption at rest and which AWS services support it?","Encrypting data before it is sent from on-premises systems to AWS services","Encrypting stored data so it cannot be read without the decryption key; supported by S3 EBS RDS and many other services","A feature that encrypts EC2 instance memory to protect running applications","Encrypting data only while it travels between a user's browser and an AWS service","B","Encryption at rest protects stored data. S3, EBS, RDS, DynamoDB all support encryption at rest using KMS keys."
"AWS Certified Cloud Practitioner","CLF-C02","700","65","50","15","90","Security and Compliance","What is encryption in transit?","A feature that encrypts data within EC2 instances during processing","Encrypting data before it is stored permanently in AWS storage services","Encrypting data as it moves between systems using protocols like TLS/SSL to prevent interception","Encrypting AMIs and snapshots when transferring them between AWS Regions","C","Encryption in transit (TLS) protects data moving between clients and services or between AWS services from eavesdropping."
"AWS Certified Cloud Practitioner","CLF-C02","700","65","50","15","90","Security and Compliance","What is AWS IAM Access Analyzer?","A service that analyzes IAM user activity to detect compromised credentials","A tool that analyzes resource policies to identify resources shared with external entities or public access","A tool that reviews and automatically remedediates overly permissive IAM policies","A compliance checker that verifies IAM configurations meet security benchmarks","B","Access Analyzer identifies S3 buckets, IAM roles, KMS keys, and other resources that grant access outside your account or organization."
"AWS Certified Cloud Practitioner","CLF-C02","700","65","50","15","90","Security and Compliance","What is AWS Organizations used for in the context of security?","A billing service that consolidates invoices from multiple AWS accounts","A service for organizing EC2 instances and other resources into logical groups","Centrally managing multiple AWS accounts with shared policies called Service Control Policies that limit what accounts can do","Managing a group of IAM users across different departments in a single account","C","Organizations allows central governance — SCPs restrict what even administrators in member accounts can do, enabling guardrails across the company."
"AWS Certified Cloud Practitioner","CLF-C02","700","65","50","15","90","Security and Compliance","What is a Service Control Policy (SCP) in AWS Organizations?","A policy that sets maximum permissions for accounts in an organization overriding even administrator actions","An IAM policy document that controls access to a specific AWS service for all users","A billing policy that controls how spending is allocated across organizational accounts","A policy that defines which AWS services are included in an organization's support contract","A","SCPs don't grant permissions — they restrict what is possible. Even if an IAM admin has full rights, SCPs can prevent certain actions at the account level."
"AWS Certified Cloud Practitioner","CLF-C02","700","65","50","15","90","Security and Compliance","What is Amazon Cognito used for?","Managing IAM users and roles for AWS console and API access","Adding user sign-up sign-in and access control to web and mobile applications","A directory service for connecting Active Directory to AWS services","A single sign-on service for accessing multiple AWS accounts from one login","B","Cognito handles authentication and authorization for your applications — user pools for authentication, identity pools for AWS access."
"AWS Certified Cloud Practitioner","CLF-C02","700","65","50","15","90","Security and Compliance","What is AWS Directory Service?","A managed service for running Microsoft Active Directory or Simple AD in the AWS cloud","A service for discovering and cataloging AWS resources across an account","An IAM service for organizing users and groups into directory structures","A DNS management service for routing traffic to AWS resources","A","Directory Service offers Managed Microsoft AD, AD Connector, and Simple AD for enterprises needing AD-compatible identity management in AWS."
"AWS Certified Cloud Practitioner","CLF-C02","700","65","50","15","90","Security and Compliance","What is the principle of 'defense in depth' in AWS security?","Using multiple layers of security controls so that if one layer fails others continue to protect the resource","Building the deepest possible VPC network infrastructure to maximize isolation","Encrypting data with multiple encryption algorithms simultaneously for stronger protection","Using the most advanced security services rather than multiple overlapping ones","A","Defense in depth combines perimeter firewalls, network ACLs, security groups, IAM, encryption, and monitoring so no single failure exposes resources."
"AWS Certified Cloud Practitioner","CLF-C02","700","65","50","15","90","Security and Compliance","What is AWS Single Sign-On (IAM Identity Center)?","A feature that lets IAM users access multiple services without re-entering their password","A service that provides centralized access management allowing users to sign in once and access multiple AWS accounts and applications","An MFA service that uses a single authentication factor across all AWS services","A service that generates single-use passwords for IAM users logging into the console","B","IAM Identity Center (formerly SSO) manages access to multiple AWS accounts and SAML apps from a central place, integrating with corporate directories."
"AWS Certified Cloud Practitioner","CLF-C02","700","65","50","15","90","Security and Compliance","What is data sovereignty in cloud computing?","The concept that data is subject to the laws of the country where it is stored requiring careful Region selection","A compliance framework requiring all data to be stored in encrypted format","The principle that customers own their data and AWS cannot access it without permission","The ability for customers to delete all their data from AWS at any time","A","Data sovereignty means legal jurisdiction follows where data physically resides — choosing AWS Regions must account for local data residency laws."
"AWS Certified Cloud Practitioner","CLF-C02","700","65","50","15","90","Security and Compliance","What is the AWS Well-Architected Tool?","An automated tool that remediates security vulnerabilities in AWS environments","A console-based tool that guides customers through Well-Architected Framework reviews and identifies areas for improvement","A deployment tool for applying Well-Architected Framework templates to accounts","A cost calculator that estimates well-architected infrastructure costs","B","The Well-Architected Tool provides structured workload review questions mapped to the six pillars, generating improvement plan reports."
"AWS Certified Cloud Practitioner","CLF-C02","700","65","50","15","90","Security and Compliance","What is Amazon GuardDuty finding type 'UnauthorizedAccess'?","An alert triggered when an IAM policy grants access beyond the account boundary","An alert indicating an API call was made from an IP associated with known malicious activity or an unusual location","A finding generated when a new IAM user is created without proper approval","A notification that an IAM user entered the wrong password too many times","B","UnauthorizedAccess findings flag API calls from unusual locations or known bad actors — a potential indicator of credential compromise."
"AWS Certified Cloud Practitioner","CLF-C02","700","65","50","15","90","Security and Compliance","What does 'enable traceability' mean as an AWS security best practice?","Log and monitor all actions and changes in the environment so you can trace any activity back to its source","Enable VPC Flow Logs on all subnets to capture every network packet","Require all users to use named IAM users instead of role assumption","Configure CloudFront to log all content delivery activity for compliance","A","Traceability means CloudTrail logging every API call, CloudWatch logging metrics, and having the audit capability to investigate any event."
"AWS Certified Cloud Practitioner","CLF-C02","700","65","50","15","90","Security and Compliance","What is AWS IAM best practice regarding access keys?","Use root user access keys for all automated processes for maximum reliability","Rotate access keys regularly and never embed them in application code or commit them to source repositories","Disable all access keys and only use IAM roles through the console","Create one shared access key for all developers to use for simplicity","B","Hardcoded access keys are a major security risk — use IAM roles for EC2/Lambda, rotate keys regularly, and use Secrets Manager for applications."
"AWS Certified Cloud Practitioner","CLF-C02","700","65","50","15","90","Security and Compliance","What is a Penetration Test in AWS and what does the customer policy say?","An AWS service that continuously tests your infrastructure for vulnerabilities automatically","A security test simulating attacks on your own AWS resources which is allowed for most services without prior approval","A test that requires purchasing an AWS security subscription before conducting","A test that is prohibited by AWS policy and requires special government authorization","B","AWS allows customers to conduct penetration testing on their own resources for most services without requesting permission in advance."
"AWS Certified Cloud Practitioner","CLF-C02","700","65","50","15","90","Security and Compliance","What is Amazon Security Lake?","A compliance database that stores regulatory certification records for AWS accounts","A service that automatically centralizes security data from AWS services and partners into a purpose-built data lake","An S3-based storage tier optimized for long-term archival of security log files","A DDoS protection service that absorbs attack traffic into a secure lake architecture","B","Security Lake normalizes and stores security data in OCSF format in S3 for unified analysis across your organization and security tools."
"AWS Certified Cloud Practitioner","CLF-C02","700","65","50","15","90","Cloud Technology and Services","What is Amazon EC2?","A managed virtual desktop service for running desktop applications in the cloud","A service providing resizable virtual compute capacity in the cloud on demand","A managed container orchestration service for running Docker applications","A serverless function service that runs code in response to events","B","EC2 (Elastic Compute Cloud) provides virtual servers (instances) where you choose CPU, memory, storage, and OS, paying per second of use."
"AWS Certified Cloud Practitioner","CLF-C02","700","65","50","15","90","Cloud Technology and Services","What is the difference between EC2 On-Demand and Reserved Instances?","On-Demand instances can be stopped anytime; Reserved Instances run continuously","On-Demand charges per second with no commitment; Reserved Instances require a 1 or 3 year commitment in exchange for up to 72% discount","On-Demand uses shared hardware; Reserved Instances run on dedicated physical servers","Reserved Instances allow you to reserve more CPU than On-Demand instances provide","B","On-Demand offers flexibility at full price. Reserved Instances trade commitment for significant discounts — ideal for predictable workloads."
"AWS Certified Cloud Practitioner","CLF-C02","700","65","50","15","90","Cloud Technology and Services","What are EC2 Spot Instances?","EC2 instances pre-purchased at a spot price for a fixed 6-month term","A dedicated instance type reserved exclusively for one customer at a fixed price","Instances that automatically scale to the spot where demand is highest globally","Unused EC2 capacity offered at up to 90% discount that AWS can reclaim with 2 minutes notice when capacity is needed","D","Spot Instances are AWS's spare capacity sold cheaply. AWS can reclaim them — ideal for fault-tolerant batch jobs, not for critical applications."
"AWS Certified Cloud Practitioner","CLF-C02","700","65","50","15","90","Cloud Technology and Services","What are EC2 Savings Plans?","A flexible pricing model that offers up to 66% discount on compute in exchange for committing to a consistent dollar-per-hour spend","A plan that allows you to save EC2 instance configurations and deploy them later","A group purchasing program where multiple accounts pool spending for larger discounts","An automatic savings feature that stops unused EC2 instances after hours","A","Savings Plans offer Reserved Instance-like discounts while allowing flexibility to change instance type, size, OS, and even Region."
"AWS Certified Cloud Practitioner","CLF-C02","700","65","50","15","90","Cloud Technology and Services","What is Amazon EC2 Auto Scaling?","A service that automatically patches EC2 operating systems during off-peak hours","A feature that automatically upgrades EC2 instances to larger sizes when CPU is high","A service that automatically adds or removes EC2 instances based on demand to maintain performance and minimize cost","A load balancing service that distributes traffic across EC2 instances","C","Auto Scaling maintains a fleet of EC2 instances, scaling out during demand peaks and in during quiet periods based on policies you define."
"AWS Certified Cloud Practitioner","CLF-C02","700","65","50","15","90","Cloud Technology and Services","What is Elastic Load Balancing (ELB)?","A service that balances read and write operations across multiple RDS database nodes","A service that automatically adjusts EC2 instance sizes based on traffic patterns","A service that automatically distributes incoming application traffic across multiple targets like EC2 instances","A CDN service that distributes static content globally to reduce server load","C","ELB distributes traffic across healthy targets, performing health checks and routing only to available instances, improving availability and fault tolerance."
"AWS Certified Cloud Practitioner","CLF-C02","700","65","50","15","90","Cloud Technology and Services","What is the difference between Application Load Balancer (ALB) and Network Load Balancer (NLB)?","NLB handles web traffic while ALB handles database traffic balancing","ALB is for internet-facing traffic; NLB is only for internal traffic between services","ALB operates at HTTP/HTTPS layer 7 routing by URL or headers; NLB operates at TCP layer 4 for ultra-low latency","ALB supports auto scaling while NLB requires manual scaling configuration","C","ALB understands HTTP — it can route to different targets based on path or host headers. NLB handles TCP/UDP at extreme performance and static IPs."
"AWS Certified Cloud Practitioner","CLF-C02","700","65","50","15","90","Cloud Technology and Services","What is Amazon S3 (Simple Storage Service)?","A block storage service for attaching persistent disks to EC2 instances","A relational database service for storing structured transactional data","A file system service for sharing files between multiple EC2 instances","An object storage service offering unlimited scalable storage for any type of data accessible via HTTP","D","S3 stores objects (files + metadata) in buckets. It scales to exabytes, provides 11 nines of durability, and is accessed via HTTP APIs."
"AWS Certified Cloud Practitioner","CLF-C02","700","65","50","15","90","Cloud Technology and Services","What is Amazon S3 durability and availability?","S3 guarantees availability only when Multi-Region replication is manually configured","S3 durability depends on the storage class with Standard providing 99% durability","S3 provides 99.9% durability with no automatic replication between Availability Zones","S3 is designed for 99.999999999% (11 nines) durability and 99.99% availability by automatically replicating objects across multiple AZs","D","S3 Standard automatically replicates every object across at least 3 AZs, achieving 11 nines of durability — designed to sustain concurrent AZ failures."
"AWS Certified Cloud Practitioner","CLF-C02","700","65","50","15","90","Cloud Technology and Services","What are S3 Storage Classes and why do they matter?","Encryption options for S3 data ranging from no encryption to full KMS encryption","Geographic replication options for S3 buckets stored in different AWS Regions","Different cost tiers for S3 based on access frequency — from Standard for frequent access to Glacier for rare archival access","Permission levels controlling who can access S3 buckets within an account","C","S3 storage classes balance access speed vs cost — Standard, Intelligent-Tiering, Standard-IA, One Zone-IA, Glacier Instant/Flexible/Deep Archive."
"AWS Certified Cloud Practitioner","CLF-C02","700","65","50","15","90","Cloud Technology and Services","What is Amazon S3 Glacier used for?","A backup service that automatically archives S3 Standard objects after 90 days","High-performance temporary storage for processing large amounts of data quickly","A database storage tier for archiving old database records at reduced cost","Long-term archival storage at very low cost for data that is rarely accessed and tolerates retrieval delays of minutes to hours","D","Glacier (Instant, Flexible, Deep Archive) provides cheap archival storage — ideal for compliance archives, media archives, and backups with infrequent retrieval."
"AWS Certified Cloud Practitioner","CLF-C02","700","65","50","15","90","Cloud Technology and Services","What is Amazon EBS (Elastic Block Store)?","A file sharing service that allows multiple EC2 instances to share the same storage","A persistent block storage service that attaches to EC2 instances like a virtual hard drive","A database backup service that takes snapshots of RDS database instances","An object storage service for storing files and media accessible via the internet","B","EBS provides persistent block storage volumes that attach to EC2 instances — data persists after instance stop/start, unlike EC2 instance store."
"AWS Certified Cloud Practitioner","CLF-C02","700","65","50","15","90","Cloud Technology and Services","What is Amazon EFS (Elastic File System)?","A managed elastic NFS file system that multiple EC2 instances can mount simultaneously","A managed file transfer service for securely moving files to and from AWS","An object storage service designed for sharing files between AWS accounts","A block storage service that provides high-performance storage for EC2 instances","A","EFS provides a shared POSIX-compliant NFS file system that automatically scales, mountable by thousands of EC2 instances across multiple AZs simultaneously."
"AWS Certified Cloud Practitioner","CLF-C02","700","65","50","15","90","Cloud Technology and Services","What is Amazon RDS (Relational Database Service)?","A caching service that stores database query results in memory for fast retrieval","A NoSQL database service for storing and querying document and key-value data","A managed service that automates provisioning patching backups and failover for relational databases like MySQL PostgreSQL and SQL Server","A data warehouse service for running complex analytical queries on large datasets","C","RDS manages the undifferentiated heavy lifting of database operations — patching, backups, Multi-AZ failover — so you focus on schema and queries."
"AWS Certified Cloud Practitioner","CLF-C02","700","65","50","15","90","Cloud Technology and Services","What is Amazon Aurora?","A managed graph database for storing and querying highly connected data","A NoSQL document database designed for high-throughput web applications","A managed time-series database for storing IoT sensor and monitoring data","A MySQL and PostgreSQL-compatible relational database built for the cloud offering up to 5x MySQL performance","D","Aurora replicates data across 3 AZs with 6 copies, auto-scales storage, and is compatible with MySQL/PostgreSQL — it's AWS's cloud-native relational database."
"AWS Certified Cloud Practitioner","CLF-C02","700","65","50","15","90","Cloud Technology and Services","What is Amazon DynamoDB?","A fully managed serverless NoSQL key-value and document database that delivers single-digit millisecond performance at any scale","A data warehouse service optimized for analytical queries across large datasets","A managed in-memory caching service for reducing database query latency","A managed relational database service for MySQL and PostgreSQL workloads","A","DynamoDB is AWS's flagship NoSQL service — serverless, automatically scaling, with consistent sub-10ms performance regardless of scale."
"AWS Certified Cloud Practitioner","CLF-C02","700","65","50","15","90","Cloud Technology and Services","What is Amazon ElastiCache?","A managed relational database service with elastic storage that scales automatically","A CDN service that caches web content at edge locations globally","An object caching service built into S3 for frequently accessed objects","A managed in-memory caching service supporting Redis and Memcached for reducing database latency","D","ElastiCache sits in front of databases, caching frequent queries in memory — read latency drops from milliseconds to microseconds."
"AWS Certified Cloud Practitioner","CLF-C02","700","65","50","15","90","Cloud Technology and Services","What is Amazon Redshift?","A NoSQL database service for storing and querying time-series data at scale","A fully managed petabyte-scale data warehouse service for running fast SQL analytics on large datasets","A managed ETL service for transforming data before loading it into databases","A managed relational database service for transactional OLTP workloads","B","Redshift uses columnar storage and massively parallel processing for analytical queries — designed for business intelligence, not transactional workloads."
"AWS Certified Cloud Practitioner","CLF-C02","700","65","50","15","90","Cloud Technology and Services","What is AWS Lambda?","A managed container service that runs Docker containers without cluster management","A serverless compute service that runs code in response to events without provisioning or managing servers","A virtual machine service for running code on dedicated physical hardware","A function scheduling service that runs code on a fixed schedule using cron","B","Lambda executes code only when triggered (by API Gateway, S3 events, DynamoDB streams, etc.) and scales automatically — you pay only for execution time."
"AWS Certified Cloud Practitioner","CLF-C02","700","65","50","15","90","Cloud Technology and Services","What is Amazon ECS (Elastic Container Service)?","A fully managed container orchestration service for running Docker containers at scale on AWS","A virtual machine service that runs containers inside EC2 instances manually","A container registry service for storing and managing Docker images","A serverless function service that packages code in containers for execution","A","ECS manages the orchestration of containers — scheduling, service discovery, load balancing — either on EC2 or serverless with Fargate."
"AWS Certified Cloud Practitioner","CLF-C02","700","65","50","15","90","Cloud Technology and Services","What is AWS Fargate?","A serverless compute engine for containers that eliminates the need to provision or manage EC2 server instances","A container registry for storing Docker images used by ECS and EKS","A service that converts traditional applications into containers automatically","A managed Kubernetes service for running containerized applications on EC2","A","Fargate removes the need to manage EC2 instances for containers — you define CPU/memory for tasks, Fargate runs them without server management."
"AWS Certified Cloud Practitioner","CLF-C02","700","65","50","15","90","Cloud Technology and Services","What is Amazon EKS (Elastic Kubernetes Service)?","A serverless container service that replaces the need for Kubernetes entirely","An AWS service for converting Kubernetes workloads into Lambda functions","A managed Kubernetes service that makes it easy to run Kubernetes on AWS without managing the control plane","A container-based key management service for distributing encryption keys","C","EKS runs certified Kubernetes — AWS manages the control plane (scheduling, API server) and you manage worker nodes or use Fargate."
"AWS Certified Cloud Practitioner","CLF-C02","700","65","50","15","90","Cloud Technology and Services","What is Amazon CloudFront?","A private global network that connects AWS Regions for low-latency data transfer","A managed DNS service that routes users to the nearest AWS Region","A global content delivery network that caches content at edge locations worldwide to reduce latency for users","A network monitoring service that tracks the performance of global applications","C","CloudFront caches content at 400+ edge locations — static files, videos, APIs — reducing load on origin servers and cutting latency for global users."
"AWS Certified Cloud Practitioner","CLF-C02","700","65","50","15","90","Cloud Technology and Services","What is Amazon Route 53?","A scalable DNS web service for registering domains and routing internet traffic to AWS and other resources","A managed load balancing service that routes traffic across 53 regions","A networking service for routing traffic between 53 Availability Zones","A CDN service that routes content from 53 edge locations to global users","A","Route 53 provides DNS with routing policies like latency-based, geolocation, failover, and weighted routing, plus domain registration and health checking."
"AWS Certified Cloud Practitioner","CLF-C02","700","65","50","15","90","Cloud Technology and Services","What is AWS Direct Connect?","A high-speed connection between AWS Regions for cross-region replication","A dedicated private network connection from a customer's data center to AWS bypassing the public internet","A private peering service between two customer VPCs in the same Region","A service for directly connecting EC2 instances to S3 without using the internet","B","Direct Connect provides a physical dedicated line — consistent performance, lower latency, and private traffic compared to internet-based VPN connections."
"AWS Certified Cloud Practitioner","CLF-C02","700","65","50","15","90","Cloud Technology and Services","What is AWS VPN (Virtual Private Network)?","A dedicated physical fiber connection from corporate offices to AWS data centers","An encrypted tunnel over the public internet connecting customer networks to AWS VPCs","A service for encrypting all traffic within a VPC between EC2 instances","A private network service for connecting AWS accounts within an organization","B","AWS VPN creates encrypted IPsec tunnels over the internet to your VPC — faster to set up than Direct Connect but with internet latency variability."
"AWS Certified Cloud Practitioner","CLF-C02","700","65","50","15","90","Cloud Technology and Services","What is Amazon SQS (Simple Queue Service)?","A managed workflow service for orchestrating multi-step application processes","A real-time data streaming service for ingesting and processing large event streams","A fully managed message queuing service for decoupling application components and handling asynchronous workflows","A managed publish-subscribe messaging service for broadcasting events to many consumers","C","SQS decouples producers from consumers — producers add messages to a queue, consumers process them at their own pace, enabling loose coupling."
"AWS Certified Cloud Practitioner","CLF-C02","700","65","50","15","90","Cloud Technology and Services","What is Amazon SNS (Simple Notification Service)?","A message queue service for decoupling application components asynchronously","A managed email service for sending transactional emails to application users","A fully managed pub/sub messaging service that pushes messages to multiple subscribers simultaneously","A real-time notification service that monitors AWS resources and alerts administrators","C","SNS is a publish-subscribe fanout service — one message published to a topic is pushed to all subscribers (Lambda, SQS, HTTP, email, SMS)."
"AWS Certified Cloud Practitioner","CLF-C02","700","65","50","15","90","Cloud Technology and Services","What is Amazon EventBridge?","A serverless event bus that connects applications using events from AWS services SaaS apps and custom applications","A managed message queue for processing events between microservices","A monitoring service that triggers alerts based on CloudWatch metric events","A workflow automation service that schedules events using cron expressions","A","EventBridge routes events between sources and targets with rules and filtering — enabling event-driven architectures without custom code."
"AWS Certified Cloud Practitioner","CLF-C02","700","65","50","15","90","Cloud Technology and Services","What is AWS Step Functions?","A deployment pipeline service for orchestrating CI/CD workflow steps","A data pipeline service for orchestrating ETL workflow steps in Glue","A function scheduling service that runs Lambda functions in sequence","A serverless orchestration service for building and coordinating multi-step workflows as state machines","D","Step Functions visually orchestrates Lambda, ECS, SageMaker, and other services into workflows with error handling, retries, and parallel execution."
"AWS Certified Cloud Practitioner","CLF-C02","700","65","50","15","90","Cloud Technology and Services","What is Amazon CloudWatch?","A monitoring and observability service that collects metrics logs and events from AWS resources and applications","A service for monitoring and alerting on security events across AWS accounts","A logging service that captures all API calls made to AWS services in an account","A cost monitoring service that tracks AWS spending and sends budget alerts","A","CloudWatch provides unified observability — metrics (CPU, network), logs (application, OS), dashboards, and alarms that can trigger Auto Scaling or SNS."
"AWS Certified Cloud Practitioner","CLF-C02","700","65","50","15","90","Cloud Technology and Services","What is AWS CloudFormation?","An infrastructure as code service for defining and provisioning AWS resources using JSON or YAML templates","A deployment service for pushing application code updates to EC2 and Lambda","A service for monitoring changes to AWS resource configurations over time","A version control service for tracking changes to AWS infrastructure configurations","A","CloudFormation lets you define your entire infrastructure as code — stacks are created, updated, and deleted as units, enabling reproducible environments."
"AWS Certified Cloud Practitioner","CLF-C02","700","65","50","15","90","Cloud Technology and Services","What is AWS Elastic Beanstalk?","A platform as a service that deploys and manages web applications automatically handling capacity load balancing and scaling","A container orchestration service for managing Docker-based microservices","A serverless service for deploying Lambda functions with automatic scaling","A managed Kubernetes service for running containerized web applications","A","Elastic Beanstalk is PaaS — you upload code, it handles provisioning EC2, load balancing, Auto Scaling, and monitoring. You retain control of resources."
"AWS Certified Cloud Practitioner","CLF-C02","700","65","50","15","90","Cloud Technology and Services","What is AWS Batch?","A data transfer service for batch uploading large files to S3","A service for processing database batch operations like bulk inserts efficiently","A messaging service for batching SQS messages before processing them together","A fully managed service for running batch computing jobs at scale without managing the underlying infrastructure","D","AWS Batch dynamically provisions EC2 or Fargate compute to run containerized batch jobs efficiently — no cluster management required."
"AWS Certified Cloud Practitioner","CLF-C02","700","65","50","15","90","Cloud Technology and Services","What is Amazon Kinesis?","A managed service for collecting processing and analyzing real-time streaming data at scale","A batch processing service for analyzing large stored datasets efficiently","A managed ETL service for extracting transforming and loading data into Redshift","A message queue service for decoupling producers and consumers of data","A","Kinesis ingests real-time data streams (clickstreams, IoT, logs) and enables real-time analysis with Kinesis Data Analytics or forwarding to other services."
"AWS Certified Cloud Practitioner","CLF-C02","700","65","50","15","90","Cloud Technology and Services","What is Amazon Athena?","An interactive query service that analyzes data in S3 using standard SQL without requiring a database or server","A managed relational database service for running SQL queries on transactional data","A NoSQL database service that supports SQL-like querying for document data","A data warehouse service for running SQL analytics on petabyte datasets","A","Athena is serverless SQL on S3 — point it at data in S3, run queries, pay per query. No infrastructure to manage, no loading data into a database."
"AWS Certified Cloud Practitioner","CLF-C02","700","65","50","15","90","Cloud Technology and Services","What is AWS Glue?","A managed service for securely transferring large datasets between AWS accounts","A data catalog service for discovering and organizing metadata across data lakes","A fully managed serverless ETL service for discovering preparing and transforming data for analytics","A service for binding AWS services together using APIs and integration patterns","C","Glue crawls data sources, catalogs metadata, and runs serverless Spark ETL jobs — the backbone of many AWS data lake and analytics pipelines."
"AWS Certified Cloud Practitioner","CLF-C02","700","65","50","15","90","Cloud Technology and Services","What is Amazon QuickSight?","A managed service for quickly deploying and scaling web applications globally","A streaming service for quickly ingesting and analyzing real-time data streams","A fully managed cloud-native business intelligence service for creating interactive dashboards and visualizations","A search service for quickly finding information across enterprise applications","C","QuickSight provides serverless BI dashboards connecting to Redshift, Athena, RDS, S3, and SaaS sources — accessible from browser or mobile."
"AWS Certified Cloud Practitioner","CLF-C02","700","65","50","15","90","Cloud Technology and Services","What is Amazon SageMaker?","A fully managed ML service for building training and deploying machine learning models at scale","A service for managing and monitoring AI-powered applications in production","A managed service for running statistical analysis on large datasets in the cloud","A natural language processing service for analyzing text and extracting insights","A","SageMaker provides purpose-built tools for every ML step — data labeling, feature engineering, training, tuning, hosting, and monitoring models."
"AWS Certified Cloud Practitioner","CLF-C02","700","65","50","15","90","Cloud Technology and Services","What is AWS CodePipeline?","A managed code repository service for storing and versioning application code","A code review service that automatically checks application code for bugs","A service for managing deployments of CloudFormation infrastructure stacks","A fully managed CI/CD service that automates build test and deploy phases for application releases","D","CodePipeline orchestrates release workflows — integrating with CodeBuild, CodeDeploy, GitHub, and Jenkins for end-to-end CI/CD automation."
"AWS Certified Cloud Practitioner","CLF-C02","700","65","50","15","90","Cloud Technology and Services","What is AWS CodeCommit?","A code analysis service that reviews commits for security vulnerabilities","A CI/CD pipeline service for automating application build and deployment","A fully managed source control service hosting private Git repositories in AWS","A managed container registry for storing Docker images used in deployments","C","CodeCommit is Git-compatible hosting on AWS — repositories are encrypted, integrated with IAM, and don't require managing your own Git servers."
"AWS Certified Cloud Practitioner","CLF-C02","700","65","50","15","90","Cloud Technology and Services","What is AWS CodeBuild?","A code repository service for storing and versioning application source code","A service for packaging application code into container images automatically","A deployment service that automatically pushes code to EC2 and Lambda targets","A fully managed CI service that compiles source code runs tests and produces deployable software packages","D","CodeBuild runs builds in managed containers — no build servers to provision. Integrates with CodePipeline for full CI/CD automation."
"AWS Certified Cloud Practitioner","CLF-C02","700","65","50","15","90","Cloud Technology and Services","What is AWS CodeDeploy?","A managed code repository for hosting application source code on AWS","A deployment service that automates application deployments to EC2 ECS Lambda and on-premises servers","A CI service that automatically builds and tests code committed to a repository","A packaging service that bundles application code into deployable artifacts","B","CodeDeploy handles deployment strategies (rolling, blue/green, canary) to EC2, Lambda, and ECS, minimizing downtime during deployments."
"AWS Certified Cloud Practitioner","CLF-C02","700","65","50","15","90","Cloud Technology and Services","What is Amazon API Gateway?","A fully managed service for creating publishing and securing REST WebSocket and HTTP APIs at any scale","A gateway that connects on-premises data centers to AWS services via private APIs","A CDN service for caching API responses at edge locations globally","A service for managing access to AWS APIs through IAM policies and roles","A","API Gateway handles API creation, throttling, auth, monitoring, and SDK generation — often paired with Lambda for serverless APIs."
"AWS Certified Cloud Practitioner","CLF-C02","700","65","50","15","90","Cloud Technology and Services","What is AWS Elastic Disaster Recovery?","A service for recovering on-premises or cloud applications quickly by replicating servers to AWS and failing over in minutes","A high-availability service that automatically restarts failed EC2 instances","A database backup service that automatically replicates RDS databases across Regions","A service for recovering deleted S3 objects and EBS snapshots","A","Elastic Disaster Recovery continuously replicates source servers to AWS, enabling point-in-time recovery with minimal RPO and RTO."
"AWS Certified Cloud Practitioner","CLF-C02","700","65","50","15","90","Cloud Technology and Services","What is AWS Snowball?","A managed data compression service for reducing storage costs in S3","A service for migrating databases from on-premises to AWS automatically","A cold storage tier for archiving data that is accessed once a year or less","A physical data transport device for moving large amounts of data to and from AWS when network transfer is impractical","D","Snowball is a ruggedized device AWS ships to you — you load data, ship it back, and AWS uploads it to S3. Faster than internet for multi-TB transfers."
"AWS Certified Cloud Practitioner","CLF-C02","700","65","50","15","90","Cloud Technology and Services","What is AWS DataSync?","A service for synchronizing database changes between primary and replica databases","A managed data transfer service for automating moving data between on-premises storage and AWS storage services over the network","A service for automatically syncing S3 buckets between different AWS Regions","A data pipeline service that synchronizes data from SaaS applications to AWS","B","DataSync automates data transfer at up to 10x faster speeds than open-source tools, with scheduling, monitoring, and integrity verification built in."
"AWS Certified Cloud Practitioner","CLF-C02","700","65","50","15","90","Cloud Technology and Services","What is Amazon Lightsail?","A simplified cloud platform offering virtual servers storage databases and networking for developers who need simple straightforward resources","A serverless compute service for running lightweight functions at low cost","A CDN service for delivering lightweight static websites globally at low cost","A managed container service for running lightweight containerized applications","A","Lightsail bundles compute, SSD storage, transfer, DNS, and static IP at predictable low prices — ideal for simple websites and small apps."
"AWS Certified Cloud Practitioner","CLF-C02","700","65","50","15","90","Cloud Technology and Services","What is Amazon WorkSpaces?","A managed development environment for writing and testing code in the browser","A managed virtual desktop service for delivering desktop environments to users from the cloud","A collaborative document editing service like Google Docs built on AWS","A virtual meeting room service for video conferencing and collaboration","B","WorkSpaces provides cloud-hosted Windows or Linux desktops — users get a full desktop experience without managing physical hardware."
"AWS Certified Cloud Practitioner","CLF-C02","700","65","50","15","90","Cloud Technology and Services","What is AWS IoT Core?","A managed cloud service that enables IoT devices to securely connect to AWS and interact with cloud applications","A device management service for tracking and updating physical IoT hardware","A container service for running IoT edge computing applications on devices","A service for processing and analyzing data from industrial monitoring sensors","A","IoT Core handles billions of device messages, manages device connections with MQTT, and routes messages to Lambda, S3, DynamoDB, and other services."
"AWS Certified Cloud Practitioner","CLF-C02","700","65","50","15","90","Cloud Technology and Services","What is Amazon Rekognition?","A monitoring service that detects unusual visual patterns in surveillance footage","A managed computer vision service that analyzes images and video to detect objects faces and text","A managed NLP service for extracting insights and entities from text documents","A service for generating images and artwork using machine learning models","B","Rekognition provides pre-built computer vision — label detection, face comparison, content moderation, text extraction — without ML expertise required."
"AWS Certified Cloud Practitioner","CLF-C02","700","65","50","15","90","Cloud Technology and Services","What is Amazon Comprehend?","A search service for understanding and answering natural language queries","A translation service that converts text between different languages","A managed computer vision service for analyzing and classifying images","A natural language processing service that extracts insights such as sentiment entities and key phrases from text","D","Comprehend uses ML to analyze text — it identifies sentiment (positive/negative), entities (people, places), key phrases, and topics without custom models."
"AWS Certified Cloud Practitioner","CLF-C02","700","65","50","15","90","Cloud Technology and Services","What is Amazon Translate?","A service that converts speech audio into translated text in real time","A neural machine translation service that provides fast accurate translation between languages","A document conversion service for translating files between different formats","A coding service that translates code between different programming languages","B","Translate uses deep learning to provide high-quality translations across 75+ languages, integrating with other services for multilingual applications."
"AWS Certified Cloud Practitioner","CLF-C02","700","65","50","15","90","Cloud Technology and Services","What is Amazon Lex?","A service for building conversational interfaces and chatbots using voice and text with the same technology as Alexa","A managed search service for understanding natural language search queries","A service for translating text between languages using machine learning","A natural language processing service for extracting entities from documents","A","Lex provides ASR and NLU for building chatbots — used in contact centers via Amazon Connect and web applications via API integration."
"AWS Certified Cloud Practitioner","CLF-C02","700","65","50","15","90","Cloud Technology and Services","What is AWS Elastic Inference?","A service that elastically scales ML training jobs across multiple GPU clusters","A feature that automatically chooses the right EC2 instance for ML inference","A managed service for running inference workloads on dedicated Inferentia chips","A service for attaching low-cost GPU-powered inference acceleration to EC2 and SageMaker instances","D","Elastic Inference attaches fractional GPU acceleration to any instance — provides 75% cost savings vs a full GPU instance for inference-only workloads."
"AWS Certified Cloud Practitioner","CLF-C02","700","65","50","15","90","Cloud Technology and Services","What is Amazon Polly?","A text-to-speech service that converts text into lifelike speech using deep learning","A natural language processing service for analyzing the sentiment of text","A voice recognition service for converting speech into text transcriptions","A managed service for creating and hosting voice-powered mobile applications","A","Polly synthesizes natural-sounding speech in 60+ voices and 29 languages — used in accessibility tools, e-learning, and voice-enabled applications."
"AWS Certified Cloud Practitioner","CLF-C02","700","65","50","15","90","Cloud Technology and Services","What is AWS Transfer Family?","A managed data transfer service for migrating databases to AWS","A service for transferring large datasets between AWS Regions using physical devices","A managed service for transferring files over SFTP FTPS and FTP directly into and out of S3 and EFS","A service for transferring IAM roles and policies between AWS accounts","C","Transfer Family provides managed file transfer protocols so partners can transfer files directly to S3/EFS without changing existing workflows."
"AWS Certified Cloud Practitioner","CLF-C02","700","65","50","15","90","Cloud Technology and Services","What is Amazon Managed Streaming for Apache Kafka (MSK)?","A managed stream analytics service using Kafka SQL for querying streams","A fully managed service for running Apache Kafka to build real-time streaming data pipelines","A managed ETL service built on Apache Kafka for real-time data transformation","A managed message queue service that mimics Apache Kafka's interface","B","MSK runs Apache Kafka clusters with automatic provisioning, patching, and replacement of failed brokers — no Kafka infrastructure management."
"AWS Certified Cloud Practitioner","CLF-C02","700","65","50","15","90","Cloud Technology and Services","What is AWS App Runner?","A service for running mobile backend applications without managing servers","A fully managed service that automatically builds deploys and scales web applications from source code or containers","A deployment tool for packaging web applications into containers automatically","A managed application load balancing service for routing web traffic","B","App Runner handles build, deploy, and scaling automatically — developers push code or a container image and App Runner runs it with zero infrastructure management."
"AWS Certified Cloud Practitioner","CLF-C02","700","65","50","15","90","Cloud Technology and Services","What is Amazon Elastic MapReduce (EMR)?","A managed big data platform for running Apache Spark Hadoop and other frameworks to process large datasets","A managed ETL service for extracting and transforming data before loading to Redshift","A managed relational database service optimized for large-scale data migrations","A real-time stream processing service for analyzing data from IoT devices","A","EMR provisions clusters of EC2 instances running Spark, Hive, Presto — for big data processing, ML, and analytics at petabyte scale."
"AWS Certified Cloud Practitioner","CLF-C02","700","65","50","15","90","Cloud Technology and Services","What is Amazon OpenSearch Service?","A full-text search service for finding objects and files stored in S3 buckets","A log management service that searches and correlates log data from CloudTrail","A managed search and analytics service for indexing and querying large volumes of data in real time","A managed NoSQL database service for storing and querying document data","C","OpenSearch (formerly Elasticsearch) provides full-text search, log analytics, and security analytics — managed clusters with Kibana/OpenSearch Dashboards."
"AWS Certified Cloud Practitioner","CLF-C02","700","65","50","15","90","Cloud Technology and Services","What is Amazon Neptune?","A managed relational database optimized for storing hierarchical data structures","A fully managed graph database service for building applications that work with highly connected data","A managed time-series database for storing and querying IoT sensor data","A NoSQL document database optimized for storing social network relationship data","B","Neptune supports Property Graph (Gremlin) and RDF (SPARQL) for use cases like knowledge graphs, recommendation engines, and fraud detection."
"AWS Certified Cloud Practitioner","CLF-C02","700","65","50","15","90","Cloud Technology and Services","What is Amazon DocumentDB?","A fully managed document database service compatible with MongoDB for storing JSON data","A managed relational database service for storing structured document-based records","A managed search service for querying documents stored in S3 and other services","A workflow service for managing document approval processes in the cloud","A","DocumentDB provides MongoDB compatibility as a managed service — automatic backups, replication across AZs, and auto-scaling storage."
"AWS Certified Cloud Practitioner","CLF-C02","700","65","50","15","90","Cloud Technology and Services","What is Amazon Timestream?","A monitoring service that tracks the time taken for AWS API calls to complete","A managed scheduling service that runs tasks based on time-based triggers","A fully managed time-series database optimized for storing and querying time-stamped IoT and operational data","A managed service for streaming real-time data into analytics pipelines","C","Timestream stores trillions of time-series records with automatic tiering from in-memory to magnetic storage and purpose-built time-series query functions."
"AWS Certified Cloud Practitioner","CLF-C02","700","65","50","15","90","Cloud Technology and Services","What is Amazon Quantum Ledger Database (QLDB)?","A fully managed ledger database providing a cryptographically verifiable transaction log that cannot be altered","A database service using quantum computing for ultra-fast financial calculations","A managed blockchain service for creating permissioned distributed ledgers","A managed database service for storing and auditing financial transaction records","A","QLDB maintains an immutable history of all data changes — cryptographically verifiable so you can prove data was never altered, without a full blockchain."
"AWS Certified Cloud Practitioner","CLF-C02","700","65","50","15","90","Cloud Technology and Services","What is AWS Global Accelerator?","A service that automatically scales applications globally based on traffic patterns","A networking service that improves application performance by routing traffic through AWS's global private network to optimal endpoints","A CDN service that caches content at AWS edge locations for faster delivery","A DNS service that routes users to the nearest AWS Region using latency routing","B","Global Accelerator gives applications static IPs and routes traffic via AWS's backbone network — bypassing congested internet paths for consistent performance."
"AWS Certified Cloud Practitioner","CLF-C02","700","65","50","15","90","Cloud Technology and Services","What is Amazon Elastic Container Registry (ECR)?","A serverless service for running containers without managing registries","A container orchestration service for running Docker containers in AWS","A service for converting VM images into Docker container images","A fully managed container image registry for storing managing and deploying Docker images","D","ECR stores Docker and OCI images securely with IAM-based access control, vulnerability scanning, and native integration with ECS and EKS."
"AWS Certified Cloud Practitioner","CLF-C02","700","65","50","15","90","Billing, Pricing, and Support","What are the three fundamental drivers of cost in AWS?","People process and technology","Regions Availability Zones and Edge Locations","EC2 instances RDS databases and S3 buckets","Compute storage and data transfer","D","AWS pricing is fundamentally driven by compute (per hour/second), storage (per GB per month), and outbound data transfer (per GB)."
"AWS Certified Cloud Practitioner","CLF-C02","700","65","50","15","90","Billing, Pricing, and Support","What is the AWS Free Tier?","A program offering free usage of many AWS services up to specified limits for new accounts for 12 months plus some services always free","A free support plan that provides basic account and billing assistance","A free tier of EC2 instances available to non-profit and educational organizations","A promotional credit applied to all new AWS accounts for the first month","A","Free Tier includes 12-month free limits (t2.micro, S3 5GB), always-free services (Lambda 1M requests), and short-term trials for new services."
"AWS Certified Cloud Practitioner","CLF-C02","700","65","50","15","90","Billing, Pricing, and Support","What is the AWS Pricing Calculator?","A calculator built into the AWS console showing estimated hourly costs for running instances","A tool that automatically optimizes costs by recommending cheaper alternatives","A dashboard showing current month spending across all AWS services in real time","A web tool for estimating the cost of AWS services before deploying workloads","D","The Pricing Calculator lets you model architectures and get cost estimates — useful for budgeting, comparing options, and building business cases."
"AWS Certified Cloud Practitioner","CLF-C02","700","65","50","15","90","Billing, Pricing, and Support","What is AWS Cost Explorer?","A tool that visualizes analyzes and helps manage AWS costs and usage over time","A tool for predicting the cost of new AWS architectures before deployment","A service that automatically stops unused resources to eliminate unnecessary spending","A billing service that breaks down costs by department using resource tagging","A","Cost Explorer provides charts and filtering of historical costs, identifies trends, shows cost by service/tag, and offers rightsizing recommendations."
"AWS Certified Cloud Practitioner","CLF-C02","700","65","50","15","90","Billing, Pricing, and Support","What is AWS Budgets?","A service that sets custom cost or usage budgets and sends alerts when thresholds are reached or forecasted to be exceeded","A financial planning service that allocates AWS spending across departments","A service that automatically stops resources when spending reaches the defined budget","A dashboard showing total AWS spending compared to the company's IT budget","A","AWS Budgets lets you define thresholds for cost, usage, or reservation coverage and alerts you via email or SNS when you approach or exceed them."
"AWS Certified Cloud Practitioner","CLF-C02","700","65","50","15","90","Billing, Pricing, and Support","What is AWS Cost and Usage Report (CUR)?","A monthly summary report emailed to account owners showing total AWS spending","A report generated by Cost Explorer comparing actual costs to budgeted amounts","The most comprehensive AWS cost and usage data in CSV format published to S3 for detailed analysis","A real-time cost dashboard integrated into the AWS console for daily monitoring","C","CUR provides line-item detail for every AWS resource, usable in Athena, Redshift, or QuickSight for custom cost analytics and showback/chargeback."
"AWS Certified Cloud Practitioner","CLF-C02","700","65","50","15","90","Billing, Pricing, and Support","What is AWS Compute Optimizer?","A service that analyzes usage metrics and recommends optimal EC2 instance types and sizes to reduce cost and improve performance","A tool that recommends switching compute workloads from EC2 to Lambda","A cost optimization tool that converts On-Demand instances to Reserved Instances","A service that optimizes EC2 Auto Scaling policies for maximum efficiency","A","Compute Optimizer uses ML to analyze CloudWatch metrics and recommends right-sized EC2 instances, Lambda memory, and EBS volumes to eliminate waste."
"AWS Certified Cloud Practitioner","CLF-C02","700","65","50","15","90","Billing, Pricing, and Support","What is the difference between AWS Basic and Business Support plans?","Basic offers email support and Business offers phone support within the same SLA","Business includes a dedicated Technical Account Manager while Basic does not","Basic is free with access to documentation; Business is paid and includes 24/7 phone access to support engineers with response SLAs","Basic supports 10 accounts while Business supports unlimited accounts","C","Basic Support is free (docs, forums, billing). Business adds 24/7 phone/chat to engineers, API health checks, and <1hr critical response SLAs."
"AWS Certified Cloud Practitioner","CLF-C02","700","65","50","15","90","Billing, Pricing, and Support","What is included in AWS Enterprise Support?","A dedicated physical support team located in the same country as the customer","Everything in Business Support plus unlimited free AWS training credits","Automatic remediation of all security issues plus 24/7 phone access","A Technical Account Manager dedicated support engineer access response times under 15 minutes for critical issues and proactive guidance","D","Enterprise Support includes a TAM, Concierge, Infrastructure Event Management, <15min critical response, and Well-Architected reviews."
"AWS Certified Cloud Practitioner","CLF-C02","700","65","50","15","90","Billing, Pricing, and Support","What is a Technical Account Manager (TAM)?","A technical certification program for employees who manage AWS accounts","An AWS sales representative responsible for managing contract negotiations","An automated tool that monitors accounts and makes technical recommendations","A dedicated AWS expert who provides proactive guidance operational reviews and acts as the primary point of contact for enterprise customers","D","TAMs proactively engage with Enterprise customers — reviewing architectures, flagging issues before they become incidents, and coordinating support."
"AWS Certified Cloud Practitioner","CLF-C02","700","65","50","15","90","Billing, Pricing, and Support","What is the AWS Marketplace?","A community forum where AWS users share open-source tools and templates","A marketplace where AWS customers can sell unused Reserved Instance capacity","A digital catalog of third-party software and services that run on AWS and can be purchased and deployed directly in AWS","An online store where AWS customers can buy discounted Reserved Instances","C","AWS Marketplace offers thousands of commercial software products — security tools, databases, ML models — billed through your AWS account."
"AWS Certified Cloud Practitioner","CLF-C02","700","65","50","15","90","Billing, Pricing, and Support","What is the Reserved Instance Marketplace?","A marketplace where AWS sells Reserved Instances at discounted rates to customers","An exchange where customers trade Reserved Instances between different Regions","A platform where AWS customers can sell their unused Reserved Instance commitments to other customers","A service where AWS resellers offer Reserved Instances at negotiated prices","C","The RI Marketplace lets you resell RIs you no longer need, and buy shorter-term commitments from others — useful for managing changing capacity needs."
"AWS Certified Cloud Practitioner","CLF-C02","700","65","50","15","90","Billing, Pricing, and Support","What is the benefit of Consolidated Billing in AWS Organizations?","Generating a single compliance report that covers all accounts in an organization","Applying Reserved Instance pricing automatically across all accounts","Consolidating all AWS accounts into one account to simplify management","Combining usage across all accounts in an organization to reach volume pricing tiers faster and receive one single bill","D","Consolidated Billing pools usage across accounts — one account's heavy S3 use can benefit others by reaching discounted volume tiers sooner."
"AWS Certified Cloud Practitioner","CLF-C02","700","65","50","15","90","Billing, Pricing, and Support","What is a Cost Allocation Tag in AWS?","A compliance tag that identifies resources that have completed cost optimization","A feature that automatically adds cost data to CloudWatch metrics for resources","A billing flag that marks resources as excluded from cost calculations","A metadata label applied to AWS resources that enables tracking and attributing costs to specific teams projects or environments","D","Tags (like Project=Marketing or Env=Production) are activated as cost allocation tags and appear as columns in CUR for detailed cost attribution."
"AWS Certified Cloud Practitioner","CLF-C02","700","65","50","15","90","Billing, Pricing, and Support","What is AWS Savings Plans vs Reserved Instances?","Savings Plans only apply to Lambda while Reserved Instances only apply to EC2","Savings Plans require a 5-year commitment while Reserved Instances require only 1 year","Savings Plans offer similar discounts with flexibility to change instance type or service; Reserved Instances are tied to specific instance configurations","Reserved Instances are newer and always cheaper than Savings Plans","C","Savings Plans commit to a $/hour spend level for flexible discounts. RIs commit to specific instance types but offer slightly higher discounts for exact matches."
"AWS Certified Cloud Practitioner","CLF-C02","700","65","50","15","90","Billing, Pricing, and Support","What is the AWS support center used for?","Reviewing AWS compliance reports and certification documentation","Accessing documentation and white papers for AWS services","Creating and managing support cases for technical billing and account issues","Monitoring the health of AWS services across all Regions","C","The Support Center is where you open, track, and communicate on AWS support cases — accessed via the console under Support."
"AWS Certified Cloud Practitioner","CLF-C02","700","65","50","15","90","Billing, Pricing, and Support","What is AWS Personal Health Dashboard?","A dashboard showing the overall global health of all AWS services for all customers","A personalized view of AWS service events and notifications that specifically affect your resources and account","A monitoring dashboard for tracking the health and performance of your EC2 instances","A compliance dashboard showing whether your account meets health and security standards","B","Personal Health Dashboard (now AWS Health) shows events affecting your specific resources — not all service issues, just ones relevant to you."
"AWS Certified Cloud Practitioner","CLF-C02","700","65","50","15","90","Billing, Pricing, and Support","What is the AWS Service Health Dashboard?","A personalized dashboard showing events affecting a customer's specific resources","A compliance tool that shows whether AWS services meet their published SLAs","A monitoring tool that tracks the uptime of individual EC2 and RDS instances","A public page showing the current operational status of all AWS services across all Regions","D","The Service Health Dashboard (status.aws.amazon.com) shows real-time status of AWS services globally — public, no login required."
"AWS Certified Cloud Practitioner","CLF-C02","700","65","50","15","90","Billing, Pricing, and Support","What is TCO (Total Cost of Ownership) analysis relevant to cloud migration?","Determining the total monthly AWS bill for all services used by an organization","Comparing the full cost of on-premises infrastructure including hardware staff facilities and maintenance against cloud costs","Calculating only the direct compute costs of running workloads on EC2","Estimating the one-time cost of migrating applications from on-premises to AWS","B","TCO analysis includes on-premises hardware, power, cooling, facilities, staff, and refresh cycles vs AWS's all-in pay-as-you-go pricing to show true comparison."
"AWS Certified Cloud Practitioner","CLF-C02","700","65","50","15","90","Billing, Pricing, and Support","What is the AWS Migration Acceleration Program?","A certification program for partners who specialize in AWS migration projects","An automated service that migrates on-premises applications to EC2 automatically","An AWS program providing funding advisory and expertise to help enterprises migrate workloads to AWS","A pricing discount program for workloads migrated from on-premises to AWS","C","MAP provides financial incentives and technical resources to reduce risk and accelerate large enterprise migrations to AWS."
"AWS Certified Cloud Practitioner","CLF-C02","700","65","50","15","90","Billing, Pricing, and Support","What is the AWS Partner Network (APN)?","A network of AWS employees who provide on-site support to enterprise customers","A program where AWS partners resell AWS services at a negotiated discount","A global community of consulting and technology partners that help customers design build and manage AWS workloads","An online portal where AWS customers network with other customers for peer support","C","APN includes Consulting Partners (SI firms, MSPs) who implement AWS solutions and Technology Partners whose software runs on or integrates with AWS."
"AWS Certified Cloud Practitioner","CLF-C02","700","65","50","15","90","Billing, Pricing, and Support","What is the difference between AWS Developer and Business Support tiers?","Developer includes a personal TAM while Business provides shared TAM access","Developer provides email support during business hours with 12hr response; Business provides 24/7 phone access with 1hr urgent response","Business support auto-remediates issues while Developer only provides advice","Business supports commercial workloads while Developer only supports non-production","B","Developer ($29/mo) covers development/test with business-hours email. Business ($100+/mo) covers production with 24/7 phone and strict SLAs."
"AWS Certified Cloud Practitioner","CLF-C02","700","65","50","15","90","Billing, Pricing, and Support","What is AWS IQ?","A learning platform providing on-demand training courses for AWS certifications","A consulting service provided directly by AWS employees for complex projects","An AI-powered service that answers technical questions about AWS services","A marketplace connecting AWS customers with AWS-certified third-party experts for on-demand project work","D","AWS IQ lets you post projects and hire vetted AWS Certified freelancers for specific tasks — payment handled through your AWS account."
"AWS Certified Cloud Practitioner","CLF-C02","700","65","50","15","90","Billing, Pricing, and Support","What is AWS re:Post?","A blog platform where AWS posts technical announcements and service launches","A community marketplace for selling and buying AWS-related services","A support channel where developers post issues for AWS engineers to resolve","A community Q&A service where customers get answers from AWS experts and the community replacing the old AWS Forums","D","re:Post is AWS's community forum — ask questions, get answers from other users and AWS experts, and contribute knowledge. Replaced AWS Forums."
"AWS Certified Cloud Practitioner","CLF-C02","700","65","50","15","90","Billing, Pricing, and Support","What are AWS Training and Certification programs?","Training programs exclusively available to AWS employees and partners","A mandatory certification requirement before purchasing AWS Reserved Instances","A support service where AWS engineers train customer teams on specific services","AWS-provided and partner-delivered learning paths courses and exams for building and validating AWS cloud skills","D","AWS Training includes digital courses, classroom training, and certifications at Foundational, Associate, Professional, and Specialty levels."
"AWS Certified Cloud Practitioner","CLF-C02","700","65","50","15","90","Billing, Pricing, and Support","What is the benefit of using AWS tagging for cost management?","Tags automatically delete resources after a project ends to eliminate ongoing costs","Tags allow you to categorize resources and then filter and allocate costs to specific teams projects or cost centers in billing reports","Tags allow you to set spending limits that prevent costs from exceeding a budget","Tags automatically apply Reserved Instance pricing to tagged resources","B","Cost allocation tags appear in CUR and Cost Explorer as filterable dimensions — enabling showback/chargeback reports for each team or project."
"AWS Certified Cloud Practitioner","CLF-C02","700","65","50","15","90","Billing, Pricing, and Support","What does 'right-sizing' mean in AWS cost optimization?","Selecting the most appropriate and cost-effective instance type and size for each workload based on actual usage metrics","Resizing S3 storage buckets to remove unused space and reduce storage costs","Scaling applications down to the minimum size that meets performance requirements","Adjusting reserved capacity purchases to exactly match current instance usage","A","Right-sizing matches resource specifications to actual workload needs — Compute Optimizer identifies over-provisioned instances for downsizing."
"AWS Certified Cloud Practitioner","CLF-C02","700","65","50","15","90","Billing, Pricing, and Support","What is an AWS Managed Service Provider (MSP)?","A service that automatically manages EC2 instances to optimize cost and performance","An AWS internal team that manages infrastructure for enterprise customers","A type of AWS support plan that includes managed account remediation","An AWS Partner that provides managed cloud services including migration operations monitoring and optimization on behalf of customers","D","MSPs are AWS Partners who take on ongoing cloud management responsibilities — monitoring, patching, incident response, and optimization for customers."
"AWS Certified Cloud Practitioner","CLF-C02","700","65","50","15","90","Billing, Pricing, and Support","What is the purpose of the AWS Well-Architected Tool's cost optimization review?","To identify areas where architectural decisions may be resulting in unnecessary spending and suggest cost-efficient alternatives","To automatically implement Reserved Instance purchases based on usage patterns","To generate a compliance report certifying that the architecture is cost-optimized","To calculate the exact monthly cost of the current architecture across all services","A","The Cost Optimization pillar review asks questions about right-sizing, pricing model selection, unused resources, and expenditure awareness."
"AWS Certified Cloud Practitioner","CLF-C02","700","65","50","15","90","Billing, Pricing, and Support","What is spot Instance interruption and how should you design for it?","Interruptions only occur during AWS maintenance windows which are scheduled in advance","Spot Instances can only be interrupted if you manually request termination","AWS can reclaim Spot Instances with 2 minutes notice so applications should checkpoint state use queues and handle termination gracefully","Spot Instances restart automatically after interruption so no special handling is needed","C","Spot interruptions happen when AWS needs capacity back. Fault-tolerant batch jobs, stateless apps, and checkpoint-enabled workloads handle this well."
"AWS Certified Cloud Practitioner","CLF-C02","700","65","50","15","90","Billing, Pricing, and Support","What is the AWS Startup Credit Program?","A free support program for startup companies providing access to TAM services","A venture capital program where AWS invests in startups that build on AWS","A program offering promotional credits to eligible startups to reduce AWS costs during early growth stages","A loan program where AWS advances credits against future Reserved Instance purchases","C","AWS Activate (the startup credit program) provides credits, training, and support to startups at different funding stages to help them grow on AWS."
"AWS Certified Cloud Practitioner","CLF-C02","700","65","50","15","90","Billing, Pricing, and Support","What determines the price of data transfer in AWS?","All data transfer within AWS is charged at the same per-GB rate regardless of direction","Data transfer pricing is fixed and does not depend on the volume of data moved","Data transfer is only charged when moving data between different AWS accounts","Data transferred INTO AWS is generally free; data transferred OUT to the internet is charged per GB with the first GB free each month","D","AWS charges for data egress to the internet and between Regions but not for ingest. Transfers within the same Region between some services may also incur costs."
"AWS Certified Cloud Practitioner","CLF-C02","700","65","50","15","90","Billing, Pricing, and Support","What is AWS Cost Anomaly Detection?","A budget alarm that triggers when monthly spending exceeds a set threshold","A service that uses ML to automatically detect unusual spending patterns and send alerts when costs deviate from expected patterns","A manual process for reviewing AWS bills to find unexpected charges","A security service that detects anomalous API calls that could lead to unexpected charges","B","Cost Anomaly Detection learns your normal spending patterns and alerts you to unusual spikes — even small ones that might be missed reviewing totals."
"AWS Certified Cloud Practitioner","CLF-C02","700","65","50","15","90","Billing, Pricing, and Support","What is the AWS Enterprise Discount Program (EDP)?","A volume discount applied automatically when monthly spending exceeds $10000","A customized discount agreement negotiated with AWS based on committed annual spend providing rates below standard pricing","A program that automatically applies Enterprise Support discounts to large accounts","A discount program exclusively for non-profit organizations using AWS for social good","B","EDP provides negotiated discounts in exchange for multi-year spending commitments — typically for customers spending millions annually on AWS."
"AWS Certified Cloud Practitioner","CLF-C02","700","65","50","15","90","Billing, Pricing, and Support","What is the purpose of the AWS Billing Console?","A central location for viewing invoices managing payment methods and accessing billing and cost management tools","A service for generating cost reports that are automatically sent to finance teams","A real-time dashboard showing the cost per second of all running AWS resources","A console for creating and managing budgets that automatically control spending","A","The Billing Console provides invoices, payment methods, tax settings, cost management tool access, and billing alerts in one place."
"AWS Certified Cloud Practitioner","CLF-C02","700","65","50","15","90","Billing, Pricing, and Support","What is an AWS invoice and how is it generated?","An itemized receipt generated each time a Reserved Instance purchase is made","A real-time statement updated hourly showing current month charges","A quarterly document summarizing AWS usage for financial reporting purposes","A monthly bill generated by AWS showing charges for all services used during the previous month across the account","D","AWS generates a monthly invoice covering the previous month's usage — accessible in Billing Console and delivered via email to the account owner."
"AWS Certified Cloud Practitioner","CLF-C02","700","65","50","15","90","Billing, Pricing, and Support","What are the key factors to consider when choosing an AWS Region for cost optimization?","All AWS Regions charge identical prices so Region selection has no cost impact","Service pricing varies by Region so choosing the right Region for workloads can meaningfully reduce costs","Region pricing only differs for EC2 instances not for storage or data transfer","Costs are higher in newer Regions but lower in older established Regions","B","Prices vary by Region — us-east-1 is typically cheapest. But compliance, latency, and service availability must also factor into Region selection."
"AWS Certified Cloud Practitioner","CLF-C02","700","65","50","15","90","Billing, Pricing, and Support","What is the AWS Activate program designed for?","A partner program for companies that want to resell AWS services to customers","Activating new AWS services that are in preview for enterprise customers","Providing startups with AWS credits technical resources and support to build and scale on AWS","A program for activating AWS services that have been disabled for non-payment","C","AWS Activate offers startups (through accelerators and VCs) credits, training, and Startup Support Plans to reduce barriers to building on AWS."
"AWS Certified Cloud Practitioner","CLF-C02","700","65","50","15","90","Cloud Concepts","What is the AWS Cloud Adoption Framework (CAF)?","A set of mandatory migration steps all AWS customers must follow when moving to cloud","An assessment tool that automatically migrates applications from on-premises to AWS","A pricing framework that helps organizations calculate cloud adoption costs","A framework that provides guidance across six perspectives to help organizations migrate to AWS and achieve their cloud transformation goals","D","CAF's six perspectives — Business, People, Governance, Platform, Security, Operations — help identify gaps and create a migration roadmap."
"AWS Certified Cloud Practitioner","CLF-C02","700","65","50","15","90","Cloud Concepts","Which CAF perspective focuses on people and organizational change management?","Governance perspective","Operations perspective","People perspective","Business perspective","C","The People perspective addresses HR, training, organizational change, and culture shifts needed to successfully adopt cloud at scale."
"AWS Certified Cloud Practitioner","CLF-C02","700","65","50","15","90","Cloud Concepts","What is the 7 R's migration strategy framework?","Seven common strategies for migrating applications to cloud: Retire Retain Rehost Replatform Repurchase Refactor and Relocate","Seven compliance requirements that must be met before migrating regulated workloads","Seven steps in the AWS migration process from discovery to production cutover","Seven AWS Regions where migration projects receive special pricing discounts","A","The 7 R's help categorize how to handle each application: retire unused, retain complex, lift-and-shift, optimize, buy SaaS, rearchitect, or move as containers."
"AWS Certified Cloud Practitioner","CLF-C02","700","65","50","15","90","Cloud Concepts","What is 'Rehosting' in the context of cloud migration?","Moving only the data from an application to AWS while keeping the application on-premises","Replacing an on-premises application with an equivalent SaaS product","Moving an application to AWS without making any changes also known as lift-and-shift","Rebuilding an application from scratch using cloud-native AWS services","C","Rehosting (lift-and-shift) moves applications to EC2 with minimal changes — fastest approach, least cloud optimization."
"AWS Certified Cloud Practitioner","CLF-C02","700","65","50","15","90","Cloud Concepts","What is 'Replatforming' in the context of cloud migration?","Replacing an on-premises application with an AWS-managed equivalent service","Making a few cloud optimizations during migration without changing core application architecture","Completely rebuilding an application using serverless and microservices on AWS","Moving an application to a different operating system platform during migration","B","Replatforming (lift-tinker-and-shift) makes targeted improvements — like moving to RDS instead of self-managed MySQL — during migration."
"AWS Certified Cloud Practitioner","CLF-C02","700","65","50","15","90","Cloud Concepts","What is 'Refactoring' in the context of cloud migration?","Making minor changes to application configuration during the migration process","Optimizing database queries and application code before migrating to AWS","Re-architecting an application to be cloud-native using services like Lambda ECS and DynamoDB for improved scalability and performance","Converting application code from one programming language to another","C","Refactoring (re-architecting) is the highest effort but delivers the most cloud benefits — enabling serverless, managed, auto-scaling capabilities."
"AWS Certified Cloud Practitioner","CLF-C02","700","65","50","15","90","Cloud Concepts","What is the Migration Readiness Assessment (MRA)?","A technical tool that automatically evaluates which applications are ready to migrate","An AWS evaluation that measures an organization's readiness to migrate workloads and identifies gaps to address before starting","A performance test that determines whether applications will meet SLAs after migration","A financial assessment tool that calculates migration costs for each application","B","The MRA evaluates organizational readiness across CAF perspectives, identifying capability gaps that must be addressed to ensure migration success."
"AWS Certified Cloud Practitioner","CLF-C02","700","65","50","15","90","Cloud Concepts","What is the difference between cloud and traditional IT in terms of purchasing model?","Traditional IT uses monthly OpEx while cloud requires annual capital planning","Cloud requires larger upfront investment than traditional IT due to Reserved Instance commitments","Cloud uses variable operational expense (OpEx) with no upfront cost; traditional IT requires capital expenditure (CapEx) for hardware purchases","Cloud and traditional IT use the same procurement model but cloud has lower prices","C","Cloud's OpEx model (pay for what you use) vs CapEx (buy servers you might over-provision) is a fundamental economic advantage of cloud computing."
"AWS Certified Cloud Practitioner","CLF-C02","700","65","50","15","90","Cloud Concepts","What is a multi-cloud strategy?","Running the same application in multiple AWS Regions for global redundancy","Deploying resources across multiple AWS accounts for organizational separation","Using services from multiple cloud providers such as AWS Azure and GCP to avoid vendor lock-in and leverage best-of-breed services","Using multiple instance types and services within a single AWS account","C","Multi-cloud uses 2+ cloud providers — can reduce lock-in risk and use specialized services, but adds operational complexity and integration challenges."
"AWS Certified Cloud Practitioner","CLF-C02","700","65","50","15","90","Cloud Concepts","What does 'vendor lock-in' mean in cloud computing?","A pricing structure where costs increase significantly if you try to move data to a competitor","A contract requirement from AWS that prevents customers from using other cloud providers","Dependence on a specific cloud provider's proprietary services making it difficult to migrate to a different provider","The inability to run applications developed for one AWS service on a different AWS service","C","Lock-in occurs when you use proprietary services (Dynamo, Kinesis) that have no equivalent elsewhere, making migration costly even if desired."
"AWS Certified Cloud Practitioner","CLF-C02","700","65","50","15","90","Cloud Concepts","What is cloud bursting?","A pricing penalty that AWS applies when resource consumption exceeds expected usage","A security event where data escapes from a private cloud into a public cloud environment","The automatic termination of Spot Instances when AWS needs their capacity back","The practice of running the base workload on-premises and automatically scaling into the cloud when demand exceeds on-premises capacity","D","Cloud bursting enables hybrid architectures where overflow traffic is handled by cloud resources without maintaining that capacity on-premises permanently."
"AWS Certified Cloud Practitioner","CLF-C02","700","65","50","15","90","Cloud Concepts","What is AWS Control Tower?","A service for setting up and governing a secure multi-account AWS environment using best practices with automated guardrails","A security monitoring service that controls and audits access across all accounts","A central management console that provides a unified view of all AWS services","A cost management tool that controls and limits spending across AWS accounts","A","Control Tower automates multi-account environment setup with preconfigured guardrails (SCPs and Config rules) based on AWS best practices."
"AWS Certified Cloud Practitioner","CLF-C02","700","65","50","15","90","Cloud Concepts","What is the primary purpose of AWS Landing Zone?","An EC2 AMI that provides a secure starting configuration for new instances","A baseline multi-account environment with security logging monitoring and networking configured according to best practices","A VPC configuration template that provides secure network defaults for new accounts","The physical landing zone where AWS hardware arrives at data center facilities","B","A Landing Zone is the properly configured starting point for an AWS environment — accounts, networking, logging, and security all pre-configured."
"AWS Certified Cloud Practitioner","CLF-C02","700","65","50","15","90","Cloud Concepts","What is an AWS Service Limit (quota)?","A contractual limit on how many AWS services a customer can use simultaneously","A performance limit that prevents any single EC2 instance from consuming all available capacity","A monthly spending limit that prevents bills from exceeding a set amount","A maximum number of a specific resource you can create in a Region which can often be increased by requesting a limit increase","D","Service limits (now called quotas) prevent accidental resource sprawl and protect against billing surprises — most can be increased via Service Quotas console."
"AWS Certified Cloud Practitioner","CLF-C02","700","65","50","15","90","Cloud Concepts","What is AWS Service Quotas?","A central service for viewing and managing limits for AWS services and requesting increases","A pricing tier for enterprise customers that provides higher resource allocations","A monitoring service that alerts you when you approach AWS service limits","A compliance tool that tracks which service limits are relevant to regulatory requirements","A","Service Quotas centralizes quota viewing and requests — replacing the need to contact each service separately to request limit increases."
"AWS Certified Cloud Practitioner","CLF-C02","700","65","50","15","90","Cloud Concepts","What is an AWS Account?","A subscription plan that determines which AWS services are available to use","A container for AWS resources that provides security billing and permission boundaries between workloads","A username and password for logging into the AWS Management Console","A credit account that stores AWS credits and tracks monthly spending","B","An AWS Account is a boundary — it contains all resources, has its own IAM, receives its own bill, and is isolated from other accounts by default."
"AWS Certified Cloud Practitioner","CLF-C02","700","65","50","15","90","Cloud Concepts","Why do organizations use multiple AWS accounts?","To access different AWS services that are only available in specific account types","To isolate workloads for security billing separation and to limit the blast radius of configuration errors","To get higher Reserved Instance discounts that require multiple account purchases","Because AWS requires separate accounts for production staging and development environments","B","Multiple accounts prevent a mistake or breach in one account from affecting others, and enable clean cost separation by team, project, or environment."
"AWS Certified Cloud Practitioner","CLF-C02","700","65","50","15","90","Cloud Concepts","What is AWS Organizations?","A networking service that organizes resources into logical groups within a VPC","A service for centrally managing and governing multiple AWS accounts with consolidated billing and policy-based controls","A directory service for organizing IAM users and groups within a single account","A compliance framework that organizes regulatory requirements for AWS environments","B","Organizations lets you group accounts into OUs, apply SCPs as guardrails, and consolidate billing — essential for large enterprise AWS governance."
"AWS Certified Cloud Practitioner","CLF-C02","700","65","50","15","90","Cloud Concepts","What is an AWS Management Console?","A web-based graphical interface for accessing and managing AWS services","A command-line tool for managing AWS resources from a terminal","A mobile app for monitoring AWS resources and receiving alert notifications","A physical hardware console for connecting to AWS data center infrastructure","A","The Management Console provides a point-and-click GUI for every AWS service — good for exploration but less suitable than CLI/IaC for production management."
"AWS Certified Cloud Practitioner","CLF-C02","700","65","50","15","90","Cloud Concepts","What is the AWS CLI (Command Line Interface)?","A code editor plugin for writing and deploying AWS CloudFormation templates","A monitoring interface that displays AWS service status in the terminal","A graphical interface for managing AWS resources on Linux systems","A unified tool for interacting with AWS services from the command line using text commands","D","The AWS CLI enables scripting and automation of AWS operations — the same actions available in the Console but scriptable and automatable."
"AWS Certified Cloud Practitioner","CLF-C02","700","65","50","15","90","Cloud Concepts","What is an AWS SDK?","A software development kit for building new AWS services within Amazon","A deployment toolkit for packaging applications into containers for ECS","A testing framework for validating that applications work correctly on AWS","A set of language-specific libraries enabling developers to integrate AWS services directly into application code","D","AWS SDKs (Python/boto3, Java, JavaScript, etc.) provide native language interfaces to AWS APIs, handling authentication and request signing automatically."
"AWS Certified Cloud Practitioner","CLF-C02","700","65","50","15","90","Cloud Concepts","What is the difference between the AWS Console CLI and SDK?","Console is free; CLI costs per command; SDK requires a subscription","Console is browser-based GUI for humans; CLI is text commands for scripting; SDK integrates AWS into application code","They are identical tools with different names targeting different operating systems","Console and CLI work only with AWS; SDK can connect to both AWS and Azure","B","Each serves a different use: Console for manual exploration, CLI for scripting/automation, SDK for building applications that call AWS APIs."
"AWS Certified Cloud Practitioner","CLF-C02","700","65","50","15","90","Cloud Concepts","What is AWS CloudShell?","A managed SSH service for securely connecting to EC2 instances via the browser","A terminal emulator for running commands on EC2 instances without a local client","A browser-based shell environment within the AWS Console with the AWS CLI pre-installed for running commands without local setup","A cloud-based IDE for writing and deploying serverless Lambda functions","C","CloudShell provides a preconfigured shell environment in the browser — AWS CLI, Python, and common tools pre-installed, authenticated with your console session."
"AWS Certified Cloud Practitioner","CLF-C02","700","65","50","15","90","Cloud Concepts","What is Infrastructure as a Service (IaaS)?","A cloud model where developers write code and the provider handles everything below that","A cloud model where the provider manages the entire application stack for customers","A cloud model where software applications are delivered and accessed over the internet","A cloud model providing virtualized computing resources like servers storage and networking over the internet","D","IaaS provides fundamental compute, storage, and networking — EC2 is IaaS. Customers manage OS, middleware, and applications; AWS manages hardware."
"AWS Certified Cloud Practitioner","CLF-C02","700","65","50","15","90","Cloud Concepts","What is Platform as a Service (PaaS)?","A cloud model where software is delivered to customers over the internet on subscription","A cloud model providing edge computing platforms for IoT device management","A cloud model providing a managed platform where developers deploy and run applications without managing underlying infrastructure","A cloud model providing virtual servers that customers fully control and manage","C","PaaS (like Elastic Beanstalk or Lambda) handles runtime, OS, and infrastructure — developers focus on code, not servers or middleware configuration."
"AWS Certified Cloud Practitioner","CLF-C02","700","65","50","15","90","Cloud Concepts","What is Software as a Service (SaaS)?","A platform where developers build and deploy custom software applications to the cloud","A cloud model where the provider sells software licenses that customers install on-premises","A model where customers buy software that runs on dedicated cloud servers","A cloud delivery model where fully functional applications are accessed over the internet on subscription without any infrastructure management","D","SaaS (Salesforce, Gmail, Zoom) provides complete applications — users access via browser with no installation, no infrastructure management required."
"AWS Certified Cloud Practitioner","CLF-C02","700","65","50","15","90","Cloud Concepts","Which cloud service model gives customers the MOST control over their infrastructure?","Function as a Service (FaaS)","Platform as a Service (PaaS)","Infrastructure as a Service (IaaS)","Software as a Service (SaaS)","C","IaaS gives customers control over OS, middleware, and application — only the physical infrastructure is managed by the provider. PaaS and SaaS provide progressively less control."
"AWS Certified Cloud Practitioner","CLF-C02","700","65","50","15","90","Cloud Concepts","What is a cloud-native application?","Any application that has been migrated to run on cloud infrastructure","An application that runs exclusively on mobile devices using cloud backend services","An application designed from the ground up to leverage cloud capabilities like auto-scaling managed services and microservices","An application built using only open-source frameworks compatible with cloud platforms","C","Cloud-native apps use managed services, containers, serverless, CI/CD, and microservices — designed for cloud resilience, scalability, and agility from day one."
"AWS Certified Cloud Practitioner","CLF-C02","700","65","50","15","90","Cloud Concepts","What is DevOps and how does AWS support it?","A practice combining software development and operations with AWS providing CI/CD tools like CodePipeline CodeBuild and CodeDeploy","A cloud deployment strategy that combines developer laptops with cloud servers","An AWS program that provides dedicated operational support for development teams","A team structure where developers and operations staff share on-call responsibilities","A","DevOps emphasizes automation, collaboration, and fast release cycles. AWS's Developer Tools (CodePipeline, CodeBuild, CodeDeploy, CodeCommit) enable cloud DevOps."
"AWS Certified Cloud Practitioner","CLF-C02","700","65","50","15","90","Cloud Concepts","What is Amazon CloudWatch Events (EventBridge)?","A service that records and logs all user activity events in an AWS account","A monitoring service that sends events when CloudWatch metric alarms trigger","A near-real-time stream of system events that describe changes in AWS resources used to trigger automated responses","A calendar service for scheduling maintenance windows for EC2 instances","C","CloudWatch Events (now EventBridge) fires events on resource state changes (EC2 starting, S3 objects created) enabling event-driven automation."
"AWS Certified Cloud Practitioner","CLF-C02","700","65","50","15","90","Cloud Concepts","What is the difference between RTO and RPO in disaster recovery?","RTO is the maximum time to restore service after a failure; RPO is the maximum acceptable data loss measured in time","RTO measures data loss tolerance while RPO measures system recovery time","RTO is for databases and RPO is for application server recovery","RTO and RPO are identical metrics with different names used in different AWS documentation","A","RTO (Recovery Time Objective): how fast must we recover. RPO (Recovery Point Objective): how much data can we lose. Both drive DR architecture choices."
"AWS Certified Cloud Practitioner","CLF-C02","700","65","50","15","90","Cloud Concepts","What AWS service provides a warm standby DR strategy?","Running a scaled-down version of the production environment in another Region ready to scale up quickly if primary fails","Using Route 53 failover to redirect traffic to a static S3 website during outages","Running a full-capacity duplicate environment in another Region continuously","Backing up all data to S3 and restoring it when needed during a disaster","A","Warm standby maintains a running (but small) duplicate in another Region — faster recovery than backup/restore but cheaper than hot standby."
"AWS Certified Cloud Practitioner","CLF-C02","700","65","50","15","90","Cloud Concepts","What is a Recovery Point Objective (RPO) of zero?","Recovery can happen at any time with zero time pressure on the operations team","The system requires zero downtime meaning it must be always available","The system can be recovered at any point in time using stored backups","No data loss is acceptable meaning the system must replicate data synchronously to a secondary location at all times","D","RPO=0 requires synchronous replication — no lag between primary and secondary. Any lag means data loss during failover. This is expensive to achieve."
"AWS Certified Cloud Practitioner","CLF-C02","700","65","50","15","90","Cloud Concepts","What is the primary benefit of AWS's pay-per-use model for startups?","Startups can use AWS without any billing until they reach profitability","AWS provides free services to startups for the first three years of operation","Startups can launch and experiment without large upfront investment paying only for actual resources consumed","Startups automatically receive 50% discounts compared to enterprise customers","C","Pay-per-use eliminates the capital barrier to entry — startups can scale from zero with costs exactly matching growth, not requiring prediction of future needs."
"AWS Certified Cloud Practitioner","CLF-C02","700","65","50","15","90","Cloud Concepts","What does 'stop undifferentiated heavy lifting' mean as a cloud benefit?","Outsource commodity tasks like patching backups and hardware maintenance to AWS so engineering focuses on what makes the business unique","Use AWS to eliminate all manual work from software development processes","Use Spot Instances to perform heavy computational tasks at lower cost","Replace all human IT workers with automated AWS managed services","A","AWS handles undifferentiated work (keeping lights on) — patching, replacing failed hardware, capacity planning — freeing teams to build differentiated value."
"AWS Certified Cloud Practitioner","CLF-C02","700","65","50","15","90","Cloud Concepts","What is an AWS Solutions Architect?","An AWS employee who builds and maintains the AWS infrastructure globally","A professional who designs AWS-based solutions that meet technical business cost and reliability requirements","A machine learning algorithm that automatically designs optimal AWS architectures","A professional certification that allows individuals to sell AWS services to customers","B","Solutions Architects design cloud solutions — translating business requirements into AWS architectures that are secure, reliable, efficient, and cost-effective."
"AWS Certified Cloud Practitioner","CLF-C02","700","65","50","15","90","Cloud Concepts","What is AWS Professional Services?","A training program for customers to develop internal AWS architecture expertise","An AWS global team that works alongside customers and partners to deliver cloud transformation outcomes using proven methodologies","A support plan providing dedicated technical engineers for production workloads","A consulting marketplace where independent AWS partners offer professional services","B","AWS ProServe is the AWS consulting arm — directly engaging with customers on migrations, modernizations, and complex implementations."
"AWS Certified Cloud Practitioner","CLF-C02","700","65","50","15","90","Cloud Concepts","What is the concept of 'cattle not pets' in cloud architecture?","Use EC2 instances sized by animal metaphors from small mice to large elephants","A tagging strategy for identifying resources by their business purpose","A cost optimization approach where unused instances are terminated automatically","Treat servers as disposable interchangeable resources that can be automatically replaced rather than individually named and cared for","D","Cattle not pets: don't name servers or manually maintain them. When one fails, terminate and replace automatically — enables truly elastic infrastructure."
"AWS Certified Cloud Practitioner","CLF-C02","700","65","50","15","90","Cloud Concepts","What is idempotency in the context of cloud operations?","The ability to undo a cloud operation and restore the previous state exactly","The property that APIs respond identically regardless of which Region they are called from","The property that performing the same operation multiple times produces the same result as performing it once","A type of encryption that produces the same ciphertext for the same plaintext","C","Idempotent operations are safe to retry — if a CloudFormation stack creation fails midway, running it again doesn't create duplicate resources."
"AWS Certified Cloud Practitioner","CLF-C02","700","65","50","15","90","Cloud Concepts","What is immutable infrastructure?","An approach where servers are never modified after deployment; updates are made by replacing instances with new ones from updated images","AWS managed services whose configurations cannot be changed by customers","Physical server hardware that AWS guarantees will not fail during its lifetime","Infrastructure built with permanently fixed capacity that never scales up or down","A","Immutable infra prevents configuration drift — instead of patching running servers, you build a new AMI and replace all instances, ensuring consistency."
"AWS Certified Cloud Practitioner","CLF-C02","700","65","50","15","90","Cloud Concepts","What is the AWS Well-Architected Review?","A mandatory AWS audit that all production workloads must pass annually","A pricing review conducted by AWS to ensure customers are not overpaying","An automated scan of AWS resources that checks for compliance violations","A structured conversation guided by the Well-Architected Framework questions to evaluate a workload against best practices","D","Well-Architected Reviews identify architectural risks across the six pillars — typically conducted by AWS partners or AWS teams for free."
"AWS Certified Cloud Practitioner","CLF-C02","700","65","50","15","90","Cloud Concepts","What is the purpose of AWS Trusted Advisor's 'fault tolerance' checks?","To check that all EC2 instances have the latest AMI for fault-free operation","To ensure that all Lambda functions have dead-letter queues configured","To identify single points of failure like EC2 instances not using Multi-AZ or RDS without Multi-AZ enabled","To verify that Auto Scaling is configured for all EC2 fleets","C","Trusted Advisor's fault tolerance checks flag architectural weaknesses — single-AZ RDS, unhealthy Auto Scaling groups, missing EBS snapshots."
"AWS Certified Cloud Practitioner","CLF-C02","700","65","50","15","90","Cloud Concepts","What is Amazon Elastic Fabric Adapter (EFA)?","A fabric of interconnected Lambda functions for building complex ML pipelines","A managed network adapter that provides elastic bandwidth for all EC2 instances","An elastic storage adapter providing NVMe-speed access to EBS volumes","A network interface for EC2 instances that enables high-performance computing workloads requiring very low latency inter-node communication","D","EFA enables HPC workloads on EC2 — MPI applications, machine learning training — with OS-bypass networking for dramatically lower latency between nodes."
"AWS Certified Cloud Practitioner","CLF-C02","700","65","50","15","90","Cloud Concepts","What is the difference between vertical and horizontal scaling?","Horizontal scaling requires downtime while vertical scaling happens without interruption","Vertical scaling increases the size of one resource (larger instance); horizontal scaling adds more resources (more instances)","Vertical scaling adds more instances; horizontal scaling upgrades each instance to a larger type","Vertical scaling applies to storage; horizontal scaling applies only to compute","B","Scale up (vertical) by using a bigger EC2 instance. Scale out (horizontal) by adding more instances. Horizontal is generally preferred for availability."
"AWS Certified Cloud Practitioner","CLF-C02","700","65","50","15","90","Cloud Concepts","What makes a stateless application easier to scale horizontally?","Stateless applications use less memory making them cheaper to run on smaller instances","Stateless applications store no session data locally so any instance can handle any request allowing easy addition and removal of instances","Stateless applications do not require databases making horizontal scaling simpler","Stateless applications are automatically registered with load balancers when new instances start","B","Stateless apps can be load-balanced freely — no sticky sessions needed. Any instance can serve any user. This enables true elastic horizontal scaling."
"AWS Certified Cloud Practitioner","CLF-C02","700","65","50","15","90","Cloud Concepts","What is AWS Resilience Hub?","A managed high-availability service that automatically makes applications resilient","A disaster recovery service that continuously replicates data to a backup Region","A service that assesses and tracks the resilience of applications against defined recovery time and recovery point objectives","A dashboard for monitoring the resilience of AWS services across all Regions","C","Resilience Hub defines resiliency policies (RTO/RPO targets) and assesses applications, identifying gaps and suggesting architectural improvements."
"AWS Certified Cloud Practitioner","CLF-C02","700","65","50","15","90","Cloud Concepts","What is the relationship between AWS Regions and data sovereignty?","Data sovereignty only applies to government workloads not commercial applications","AWS Regions share data within the same continent for performance optimization","Customer data in a Region stays in that Region unless explicitly configured to replicate elsewhere giving customers control over data location for compliance","AWS automatically replicates all data to multiple Regions for durability by default","C","AWS does not move data between Regions without customer action — giving organizations full control over data residency for GDPR, data localization laws, etc."
"AWS Certified Cloud Practitioner","CLF-C02","700","65","50","15","90","Cloud Concepts","What is Amazon CloudWatch Logs?","A service for monitoring and alerting on network flow logs within a VPC","A distributed tracing service for tracking requests across microservices","A service for collecting storing and analyzing log files from AWS services EC2 instances and applications","A logging service that records all API calls to AWS services for auditing","C","CloudWatch Logs collects, stores, and enables searching of logs from EC2, Lambda, ECS, and custom applications — with metric filters and alarms."
"AWS Certified Cloud Practitioner","CLF-C02","700","65","50","15","90","Cloud Concepts","What is AWS X-Ray?","A distributed tracing service that helps developers analyze and debug production applications to understand how they perform","A network monitoring service that traces packet routes through AWS infrastructure","A cost analysis tool that traces spending back to specific application components","A security scanning service that analyzes application code for vulnerabilities","A","X-Ray creates a service map of distributed applications, shows latency per component, identifies bottlenecks, and helps debug errors across microservices."
"AWS Certified Cloud Practitioner","CLF-C02","700","65","50","15","90","Cloud Concepts","What is the AWS Acceptable Use Policy?","A policy defining what customers are permitted to do with AWS services prohibiting uses like hosting malware or launching DDoS attacks","A policy specifying the maximum resource usage allowed under Free Tier","A policy requiring customers to keep their accounts in good standing financially","A policy defining how AWS will use customer data for service improvement","A","The AWS AUP prohibits using AWS services for illegal activities — malware, DDoS, copyright infringement, and other harmful or illegal uses."
"AWS Certified Cloud Practitioner","CLF-C02","700","65","50","15","90","Cloud Concepts","What is cloud economics and how does it differ from on-premises economics?","Cloud is always cheaper than on-premises for any workload at any scale","On-premises has lower total costs but cloud wins on flexibility for small teams","Cloud economics only apply to internet-facing consumer applications not enterprise IT","Cloud converts irregular capital expenses into variable operational costs aligning IT spending directly with actual business activity","D","Cloud economics benefits: no depreciation, no refresh cycles, elastic costs. On-premises benefits: potentially lower unit cost at very high stable utilization."
"AWS Certified Cloud Practitioner","CLF-C02","700","65","50","15","90","Cloud Concepts","What is an AMI (Amazon Machine Image)?","A pre-configured IAM role granting an EC2 instance access to AWS services","A template containing the OS application server and applications required to launch an EC2 instance","A backup snapshot of an EBS volume used to restore data after a failure","A monitoring agent that Amazon installs on EC2 instances for performance tracking","B","AMIs are EC2 instance templates — they capture the OS, software, and configuration so you can launch identical instances repeatedly and share configurations."
"AWS Certified Cloud Practitioner","CLF-C02","700","65","50","15","90","Cloud Concepts","What is EC2 Instance Store?","A managed container storage service for ECS tasks running on EC2","Temporary block storage physically attached to the host computer providing very high performance but data is lost when the instance stops","A storage tier for EC2 instances that is automatically backed up to S3","A persistent block storage service that retains data when an EC2 instance stops","B","Instance Store provides the highest disk performance but is ephemeral — data is lost on stop/terminate. Use EBS for persistent storage."
"AWS Certified Cloud Practitioner","CLF-C02","700","65","50","15","90","Cloud Concepts","What are EC2 Placement Groups?","A set of EC2 instances in the same VPC that can communicate without security groups","A Reserved Instance grouping that enables bulk purchasing discounts","A group of EC2 instances that share the same Auto Scaling policy","A logical grouping that influences how instances are placed on underlying hardware for performance or fault tolerance goals","D","Placement Groups: Cluster (pack instances together for low latency HPC), Partition (spread across hardware partitions for fault isolation), Spread (max isolation)."
"AWS Certified Cloud Practitioner","CLF-C02","700","65","50","15","90","Cloud Concepts","What is AWS Elastic Disaster Recovery (DRS)?","A service that continuously replicates servers to AWS and enables fast recovery within minutes when the source fails","A DR testing service that simulates disaster scenarios in non-production environments","A backup service that takes daily snapshots of EC2 instances for recovery","A multi-Region replication service for RDS databases and DynamoDB tables","A","DRS continuously replicates source servers (physical, VMware, or cloud) to AWS and can failover within minutes to meet aggressive RTO requirements."
"AWS Certified Cloud Practitioner","CLF-C02","700","65","50","15","90","Cloud Concepts","What is Chaos Engineering in the context of AWS?","Intentionally introducing failures into systems to test their resilience and identify weaknesses before they cause real outages","A performance testing method that introduces artificial load to test scalability","An AWS service that randomly terminates instances to ensure auto-healing works","A security testing approach that attempts to breach application security controls","A","Chaos Engineering (pioneered by Netflix) deliberately injects failures — terminated instances, network partitions — to prove systems are truly fault tolerant."
"AWS Certified Cloud Practitioner","CLF-C02","700","65","50","15","90","Cloud Concepts","What is the AWS Abuse team responsible for?","Investigating security incidents within customer AWS environments","Handling billing disputes and investigating unauthorized charges on AWS accounts","Investigating reports of AWS services being used for malicious activity like spam phishing DDoS or hosting malware","Reviewing and approving requests to increase AWS service limits and quotas","C","The AWS Abuse team responds to reports that AWS infrastructure is being used for malicious purposes — you can report abuse at abuse@amazonaws.com."
"AWS Certified Cloud Practitioner","CLF-C02","700","65","50","15","90","Cloud Concepts","What is operational excellence in the AWS Well-Architected Framework?","Ensuring all operations are performed manually by trained human operators","Running and monitoring systems to deliver business value and continually improving supporting processes and procedures","Using only AWS-managed services to eliminate all operational responsibilities","Achieving zero downtime by over-provisioning all production infrastructure","B","Operational Excellence focuses on automation, CI/CD, observability, and continuous improvement of operational processes and runbooks."
"AWS Certified Cloud Practitioner","CLF-C02","700","65","50","15","90","Cloud Concepts","What is the AWS re:Invent conference?","AWS's annual global cloud computing conference featuring new service launches technical sessions and keynotes","A mandatory annual security review that all AWS enterprise customers must complete","A quarterly AWS event where new pricing changes and service limits are announced","An AWS program where customers reinvent their on-premises applications for the cloud","A","re:Invent is AWS's flagship annual conference attracting 50,000+ attendees and announcing hundreds of new services and features each December."
"AWS Certified Cloud Practitioner","CLF-C02","700","65","50","15","90","Cloud Concepts","What is the AWS Customer Carbon Footprint Tool?","A carbon credit marketplace where AWS customers can purchase renewable energy certificates","A compliance reporting tool for organizations subject to environmental regulations","A monitoring tool that measures energy consumption of individual EC2 instances","A tool that shows customers their estimated carbon emissions from AWS usage and tracks progress toward sustainability goals","D","The Carbon Footprint Tool shows estimated Scope 2 and 3 emissions from AWS services, helping sustainability teams track and report on their cloud footprint."
"AWS Certified Cloud Practitioner","CLF-C02","700","65","50","15","90","Cloud Concepts","What is AWS commitment regarding renewable energy?","AWS is working toward powering all operations with 100% renewable energy and matched its electricity use with renewable energy in 2023","AWS sells renewable energy credits to customers who want to offset their cloud usage","AWS uses solar panels on all data center rooftops to generate electricity locally","AWS offsets 50% of its carbon emissions through tree-planting programs globally","A","AWS has committed to 100% renewable energy and becoming water positive — it purchases renewable energy certificates matching its global electricity consumption."
"AWS Certified Cloud Practitioner","CLF-C02","700","65","50","15","90","Security and Compliance","What is the AWS Customer Agreement?","A privacy agreement defining how AWS protects and uses customer data","A service level agreement guaranteeing specific uptime percentages for AWS services","The legal contract between AWS and the customer governing use of AWS services","A financial agreement governing Reserved Instance purchases and pricing","C","The AWS Customer Agreement covers the terms of service — acceptable use, IP ownership, liability limitations, and governing law for using AWS services."
"AWS Certified Cloud Practitioner","CLF-C02","700","65","50","15","90","Security and Compliance","What is a data classification policy in AWS security?","An AWS Config rule that classifies resources based on their compliance status","An S3 feature that automatically classifies objects by file type for organization","A tagging strategy that labels EC2 instances by their data processing purpose","A framework for categorizing data by sensitivity level to determine appropriate encryption access controls and handling requirements","D","Data classification (public, internal, confidential, restricted) drives security decisions — what must be encrypted, who can access it, how long to retain it."
"AWS Certified Cloud Practitioner","CLF-C02","700","65","50","15","90","Security and Compliance","What is AWS PrivateLink?","A VPN service providing private connections between corporate offices and AWS","A service for accessing AWS services and customer applications privately without traffic traversing the public internet","A premium network service providing private dedicated bandwidth for enterprise customers","An encryption service that creates private TLS links between services","B","PrivateLink creates private endpoints in your VPC for AWS services and partner services — traffic stays on AWS network, never exposed to internet."
"AWS Certified Cloud Practitioner","CLF-C02","700","65","50","15","90","Security and Compliance","What is a VPC Peering connection?","A dedicated connection between an on-premises network and an AWS VPC","A connection between an AWS VPC and the public internet via an internet gateway","A connection that mirrors all VPC traffic to a network monitoring service","A networking connection between two VPCs that allows them to route traffic privately as if they are in the same network","D","VPC Peering connects two VPCs (same account, cross-account, or cross-region) enabling private routing between them without traversing the internet."
"AWS Certified Cloud Practitioner","CLF-C02","700","65","50","15","90","Security and Compliance","What is AWS Transit Gateway?","A service that automatically transitions traffic between private and public subnets","A managed VPN service for connecting multiple offices to a single AWS Region","A network hub that connects thousands of VPCs on-premises networks and AWS services through a central managed gateway","A gateway that transitions legacy applications from EC2 Classic to VPC networking","C","Transit Gateway is a hub-and-spoke network architecture replacement for complex VPC peering meshes — one attachment per VPC instead of N*(N-1)/2 peerings."
"AWS Certified Cloud Practitioner","CLF-C02","700","65","50","15","90","Security and Compliance","What is the difference between authentication and authorization in AWS IAM?","Authentication controls API access while authorization controls console access","They are the same concept described differently in IAM documentation","Authorization happens at login time while authentication happens with each API call","Authentication verifies who you are (identity); authorization determines what you are allowed to do (permissions)","D","Authentication = proving identity (password + MFA). Authorization = IAM policies determining which API actions on which resources are permitted."
"AWS Certified Cloud Practitioner","CLF-C02","700","65","50","15","90","Security and Compliance","What is a cross-account IAM role?","A role that provides cross-region access to resources in different AWS Regions","An IAM role in one account that can be assumed by an identity in a different AWS account to perform permitted actions","An IAM role that applies identical permissions across all accounts in an organization","A special IAM role that AWS uses internally to manage resources in customer accounts","B","Cross-account roles enable secure access delegation — Account A role assumes Account B role to access Account B resources without sharing credentials."
"AWS Certified Cloud Practitioner","CLF-C02","700","65","50","15","90","Security and Compliance","What is the purpose of enabling AWS CloudTrail in all Regions?","To enable CloudTrail to correlate events across Regions for better visibility","To capture API activity in all Regions including Regions not currently in use which could be targets for unauthorized activity","To reduce latency by distributing CloudTrail processing across multiple Regions","To comply with AWS's mandatory requirement that CloudTrail run in all Regions","B","Attackers might use regions you don't actively monitor — enabling multi-region CloudTrail ensures comprehensive audit coverage everywhere."
"AWS Certified Cloud Practitioner","CLF-C02","700","65","50","15","90","Security and Compliance","What is Amazon Cognito User Pool?","A load balancing target group that pools users to different application versions","A user directory that provides sign-up sign-in and user management for web and mobile application users","A database service for storing user profile data and preferences","An IAM user pool for managing AWS console access for multiple team members","B","Cognito User Pools handle authentication — registration, login, password reset, MFA, and JWT token issuance — for your application's own users."
"AWS Certified Cloud Practitioner","CLF-C02","700","65","50","15","90","Security and Compliance","What is Amazon Cognito Identity Pool?","A service that grants authenticated users temporary AWS credentials to access AWS services directly from mobile or web apps","A pool of IAM users managed by Amazon for accessing specific AWS services","A managed identity service for connecting SAML providers to AWS accounts","A user authentication service for signing up and signing into applications","A","Identity Pools (Federated Identities) exchange Cognito tokens or social logins for temporary AWS credentials — enabling direct SDK calls from mobile apps."
"AWS Certified Cloud Practitioner","CLF-C02","700","65","50","15","90","Security and Compliance","What is AWS Identity Center (formerly AWS SSO)?","A managed Active Directory service for enterprise identity management","A multi-factor authentication service for securing AWS console access","A centralized identity management service enabling single sign-on to multiple AWS accounts and business applications from one place","A service that provides Single Sign-On capabilities for EC2 instances","C","Identity Center integrates with corporate directories (AD, Okta) and provides portal-based access to all AWS accounts and SAML 2.0 applications."
"AWS Certified Cloud Practitioner","CLF-C02","700","65","50","15","90","Security and Compliance","What does enabling GuardDuty cost and what does it analyze?","GuardDuty charges a flat monthly fee and analyzes all network traffic entering the VPC","GuardDuty is free but analyzes only S3 access logs and Lambda invocation logs","GuardDuty charges based on volume of events analyzed and examines CloudTrail Events VPC Flow Logs and DNS Logs","GuardDuty charges per EC2 instance and analyzes CPU and memory usage patterns","C","GuardDuty pricing is based on CloudTrail event volume, VPC Flow Log volume, and DNS query volume — separate pricing for each data source analyzed."
"AWS Certified Cloud Practitioner","CLF-C02","700","65","50","15","90","Security and Compliance","What is AWS Detective's primary use case?","Detecting threats in real time and automatically blocking suspicious activity","Monitoring API calls to detect unusual patterns that indicate account compromise","Investigating security incidents by quickly visualizing and analyzing the root cause using ML-generated graphs of resource behavior","Scanning IAM policies to detect and automatically fix overly permissive configurations","C","Detective is for post-incident investigation — it builds behavioral baselines and lets you visually trace suspicious activity through resource interaction graphs."
"AWS Certified Cloud Practitioner","CLF-C02","700","65","50","15","90","Security and Compliance","What is encryption using AWS KMS customer-managed keys (CMKs)?","Encryption using open-source key management with keys stored in S3","Encryption managed entirely by AWS where customers have no visibility into keys","Encryption that uses keys stored on customer-premises hardware for maximum control","Encryption where the customer creates controls and can rotate the master key while AWS manages the hardware security module","D","CMKs give customers control over key rotation, usage policies, and deletion — audit every use via CloudTrail while AWS manages the underlying HSM hardware."
"AWS Certified Cloud Practitioner","CLF-C02","700","65","50","15","90","Security and Compliance","What is AWS CloudHSM?","A cloud-based certificate authority for issuing private SSL/TLS certificates","A dedicated Hardware Security Module in the cloud that customers fully control for generating storing and managing cryptographic keys","A managed key management service where AWS manages and controls the HSM","A hardware firewall service that provides physical security for EC2 instances","B","CloudHSM provides single-tenant HSMs — only you control the keys. Required for FIPS 140-2 Level 3 compliance that KMS (Level 2) doesn't meet."
"AWS Certified Cloud Practitioner","CLF-C02","700","65","50","15","90","Security and Compliance","What is AWS Network Firewall?","A host-based firewall service installed on EC2 instances for endpoint protection","A managed stateful network firewall service for filtering traffic entering and leaving VPCs with deep packet inspection capabilities","A web application firewall for filtering HTTP traffic to CloudFront distributions","A managed DDoS protection service that absorbs attack traffic at the network layer","B","Network Firewall provides stateful inspection, intrusion detection/prevention, and domain filtering at the VPC boundary — complementing Security Groups and NACLs."
"AWS Certified Cloud Practitioner","CLF-C02","700","65","50","15","90","Security and Compliance","What is Amazon Route 53 Resolver DNS Firewall?","A managed DNS-level firewall that blocks or monitors DNS queries for known malicious domains from within a VPC","A DNS service that provides firewall-protected name resolution for public domains","A firewall that prevents DNS amplification DDoS attacks against Route 53","A Route 53 feature that blocks unauthorized changes to DNS records","A","DNS Firewall intercepts DNS queries from VPC resources and blocks queries to malicious domains — stopping malware C2 communication at the DNS layer."
"AWS Certified Cloud Practitioner","CLF-C02","700","65","50","15","90","Security and Compliance","What is AWS Secrets Manager rotation?","A scheduled job that rotates KMS encryption keys to maintain security","An automatic feature that changes secret values like database passwords on a schedule without application downtime","A feature that rotates TLS certificates automatically before they expire","A process for rotating IAM user access keys to meet security compliance requirements","B","Secrets Manager Lambda-based rotation changes the underlying credential (like an RDS password) and updates the secret value — zero application downtime."
"AWS Certified Cloud Practitioner","CLF-C02","700","65","50","15","90","Security and Compliance","What is VPC endpoint policy?","A Route 53 routing policy for directing traffic through VPC endpoints","A security group rule that controls which EC2 instances can use a VPC endpoint","An IAM resource policy attached to a VPC endpoint that controls which AWS APIs can be accessed through that endpoint","A network ACL that restricts traffic flowing through a VPC endpoint","C","Endpoint policies restrict what can be done via that endpoint — e.g., an S3 endpoint policy can restrict access to only specific S3 buckets."
"AWS Certified Cloud Practitioner","CLF-C02","700","65","50","15","90","Security and Compliance","What is the purpose of AWS Config rules?","Evaluating whether AWS resource configurations comply with desired settings and flagging non-compliant resources automatically","Creating configuration templates that are automatically applied to new resources","Restricting configuration changes that administrators can make to AWS resources","Recording all configuration changes made to AWS resources over time","A","Config rules evaluate resources (is this S3 bucket encrypted? is this security group open?) and report compliance — either AWS-managed or custom Lambda rules."
"AWS Certified Cloud Practitioner","CLF-C02","700","65","50","15","90","Security and Compliance","What is AWS Firewall Manager?","A policy service that blocks all internet access by default for new AWS accounts","A unified console for managing Network Firewall WAF and Shield configurations","A security management service for centrally configuring and managing WAF rules Shield protections and security groups across multiple accounts","A service that automatically manages firewall rules for all EC2 instances","C","Firewall Manager applies security policies (WAF rules, Security Group settings) centrally across accounts in an AWS Organization — ensuring consistent protection."
"AWS Certified Cloud Practitioner","CLF-C02","700","65","50","15","90","Security and Compliance","What is AWS Resource Access Manager (RAM)?","A service providing read-only access to resources in other accounts for auditing","A service for securely sharing AWS resources like subnets Transit Gateways and License Manager configurations across accounts","A tool for allocating and tracking resource usage across an AWS organization","A service for managing resource-based IAM policies across multiple accounts","B","RAM enables sharing specific resources across accounts without creating copies — share a VPC subnet from one account with workload accounts in your org."
"AWS Certified Cloud Practitioner","CLF-C02","700","65","50","15","90","Security and Compliance","What is the purpose of enabling S3 Block Public Access at the account level?","Preventing unauthorized API calls to S3 from unauthenticated users","Preventing any S3 bucket or object in the account from being made publicly accessible regardless of bucket-level settings","Blocking access to S3 from users outside the AWS account's home Region","Blocking S3 cross-account access to protect sensitive data from other AWS accounts","B","Account-level Block Public Access overrides bucket policies that might accidentally grant public access — a crucial safety net against data exposure."
"AWS Certified Cloud Practitioner","CLF-C02","700","65","50","15","90","Security and Compliance","What is AWS Security Hub's relationship with NIST and CIS standards?","Security Hub replaces the need for third-party compliance auditors by auto-certifying accounts","Security Hub issues official NIST certifications upon passing all benchmark checks","Security Hub applies CIS rules only to IAM configuration not to other services","Security Hub can automatically evaluate your environment against standards like CIS AWS Foundations Benchmark and PCI DSS showing compliance scores","D","Security Hub supports automated checks against CIS AWS Foundations, PCI DSS, AWS Foundational Best Practices, and other standards with a consolidated score."
"AWS Certified Cloud Practitioner","CLF-C02","700","65","50","15","90","Security and Compliance","What is the difference between AWS Shield Standard and Shield Advanced?","Advanced is free for Enterprise Support customers while Standard requires payment","Standard covers only EC2; Advanced covers all AWS services including S3 and RDS","Shield Standard requires manual configuration while Advanced is enabled automatically","Standard provides automatic DDoS protection free for all customers; Advanced adds enhanced detection response support and cost protection for a fee","D","Shield Standard (free, automatic) stops most common DDoS. Shield Advanced ($3K/month) adds DRT 24/7 support, sophisticated detection, and DDoS cost protection."
"AWS Certified Cloud Practitioner","CLF-C02","700","65","50","15","90","Security and Compliance","What is AWS Audit Manager?","A tool for auditing IAM policies to identify and fix security vulnerabilities","A managed service for running automated security audits of EC2 instances","A compliance certification service that certifies AWS environments against standards","A service that continuously audits AWS usage to simplify how evidence is collected for compliance assessments against frameworks like SOC2 and PCI","D","Audit Manager automates evidence collection for compliance frameworks — mapping AWS service usage to control requirements and generating audit-ready reports."
"AWS Certified Cloud Practitioner","CLF-C02","700","65","50","15","90","Security and Compliance","What is the shared responsibility for a managed service like RDS compared to EC2?","EC2 requires no OS patching because AWS applies all updates automatically","RDS is customer-managed while EC2 is fully managed by AWS reducing customer responsibility","With RDS AWS manages OS and database engine patching; with EC2 the customer is responsible for OS and all software patching","Both EC2 and RDS have identical shared responsibility models for software management","C","With RDS (managed): AWS patches OS and DB engine. With EC2: customer patches everything. Managed services shift more responsibility to AWS."
"AWS Certified Cloud Practitioner","CLF-C02","700","65","50","15","90","Security and Compliance","What is a DDoS attack and how does AWS help mitigate it?","A data destruction attack that deletes S3 objects; AWS Backup helps restore from these attacks","A Distributed Denial of Service attack floods services with traffic to make them unavailable; AWS Shield and WAF help absorb and filter attack traffic","An attack that corrupts EC2 AMIs; AWS Inspector detects compromised images","A credential stuffing attack against IAM users; GuardDuty detects and blocks it","B","DDoS overwhelms resources with massive traffic. Shield absorbs volumetric attacks; WAF filters malicious requests; CloudFront absorbs traffic at edge locations."
"AWS Certified Cloud Practitioner","CLF-C02","700","65","50","15","90","Security and Compliance","What is data protection through encryption and why is it important?","A network firewall feature that inspects and filters data packets for malicious content","A backup process that creates redundant copies of data to protect against loss","Encrypting data at rest and in transit so that even if data is accessed by unauthorized parties it cannot be read without the decryption key","An IAM policy requirement that limits who can access specific S3 buckets","C","Encryption provides confidentiality — KMS manages keys for at-rest encryption; TLS protects in-transit data. Encryption is a core defense-in-depth layer."
"AWS Certified Cloud Practitioner","CLF-C02","700","65","50","15","90","Security and Compliance","What is AWS Well-Architected Security pillar's first design principle?","Protect data by classifying and handling it according to sensitivity levels","Encrypt all data in transit and at rest using AWS KMS managed keys","Implement a strong identity foundation with least privilege and centralized identity management","Apply security at every layer from the edge to the application code","C","The Security pillar's first principle is strong identity — the right people with the right access, enforced through IAM, SCPs, and centralized identity management."
"AWS Certified Cloud Practitioner","CLF-C02","700","65","50","15","90","Security and Compliance","What makes S3 a common target for data breaches and how do you protect it?","S3 data is publicly readable by default so access logging must be enabled to track access","Misconfigured public bucket policies expose data; Block Public Access, bucket policies, and encryption provide protection","S3 does not support IAM policies so only bucket-level ACLs protect data","S3 lacks encryption so all data must be encrypted before uploading","B","Most S3 breaches are misconfiguration — accidentally public buckets. Block Public Access, proper bucket policies, Macie scanning, and access logging prevent this."
"AWS Certified Cloud Practitioner","CLF-C02","700","65","50","15","90","Cloud Technology and Services","What is Amazon VPC Peering?","A premium networking tier that provides guaranteed bandwidth between VPCs","A service for peering multiple VPCs into a single merged network namespace","A networking connection between two VPCs allowing private routing between them without internet gateway NAT or VPN","A connection that merges the security groups and NACLs of two VPCs together","C","VPC Peering enables private communication between VPCs — same Region, cross-Region, or cross-account — without traffic leaving AWS network."
"AWS Certified Cloud Practitioner","CLF-C02","700","65","50","15","90","Cloud Technology and Services","What is a NAT Gateway?","A service that translates private IP addresses to public IPs for Load Balancers","A network address translation service that converts IPv6 addresses to IPv4","A managed AWS service that allows instances in private subnets to initiate outbound internet connections while preventing inbound connections","A gateway that provides internet access to instances in a public subnet","C","NAT Gateway enables private subnet instances to download patches and call APIs while remaining unreachable from the internet — managed, highly available, and scalable."
"AWS Certified Cloud Practitioner","CLF-C02","700","65","50","15","90","Cloud Technology and Services","What is an Internet Gateway in AWS?","A gateway that controls what internet traffic is allowed into and out of a VPC","A managed proxy service that provides filtered internet access to EC2 instances","A CDN service that caches internet content at the edge of the AWS network","A horizontally scaled redundant gateway that allows communication between instances in a VPC and the internet","D","An Internet Gateway attached to a VPC enables public subnets to communicate with the internet — it's bidirectional, allowing both inbound and outbound internet traffic."
"AWS Certified Cloud Practitioner","CLF-C02","700","65","50","15","90","Cloud Technology and Services","What is Amazon CloudWatch Alarms?","A scheduled notification service for sending reminders about upcoming AWS events","A feature that monitors a metric and performs an action (send SNS email Auto Scale terminate instance) when a threshold is breached","A compliance alert that triggers when AWS Config rules detect violations","A cost alert service that sends notifications when monthly spending exceeds a budget","B","CloudWatch Alarms trigger on metric thresholds (CPU > 80% for 5 minutes) and can send SNS notifications, trigger Auto Scaling, or execute EC2 actions."
"AWS Certified Cloud Practitioner","CLF-C02","700","65","50","15","90","Cloud Technology and Services","What is Amazon CloudWatch Dashboards?","A pre-built dashboard showing the health status of all AWS services globally","A billing dashboard showing real-time cost metrics across all AWS services","An operational dashboard automatically generated from CloudTrail events","Customizable visualization pages in CloudWatch for displaying selected metrics and alarms in a single unified view","D","CloudWatch Dashboards provide custom visualizations — combine metrics from EC2, RDS, Lambda, and custom applications into operational health views."
"AWS Certified Cloud Practitioner","CLF-C02","700","65","50","15","90","Cloud Technology and Services","What is AWS Systems Manager?","A configuration management database for tracking AWS resource relationships","A managed IT service management platform for tracking operational incidents","A managed service for monitoring AWS systems for security vulnerabilities","A unified operations hub for managing EC2 instances and on-premises servers at scale with patch management run commands and automation","D","Systems Manager provides Run Command (no SSH needed), Patch Manager, Parameter Store, Session Manager, and automation for fleet management."
"AWS Certified Cloud Practitioner","CLF-C02","700","65","50","15","90","Cloud Technology and Services","What is AWS Systems Manager Parameter Store?","A hierarchical storage service for configuration data and secrets that integrates with other AWS services without additional cost for standard tiers","A management service for storing and versioning Lambda function configuration","A database for storing EC2 instance parameters like instance type and AMI ID","A storage service for CloudFormation template parameters and stack configurations","A","Parameter Store stores configuration values and secrets (strings, encrypted SecureString via KMS) — referenced by applications and AWS services at runtime."
"AWS Certified Cloud Practitioner","CLF-C02","700","65","50","15","90","Cloud Technology and Services","What is AWS OpsWorks?","A service for orchestrating workflows across multiple AWS operations teams","A configuration management service using Chef or Puppet for automating server configuration deployment and management","A managed service for running open-source DevOps tools on AWS infrastructure","An operations monitoring service for tracking the performance of AWS applications","B","OpsWorks provides managed Chef and Puppet environments — for teams already using these configuration management tools who want AWS to manage the infrastructure."
"AWS Certified Cloud Practitioner","CLF-C02","700","65","50","15","90","Cloud Technology and Services","What is Amazon Elastic Transcoder?","A file format conversion service for transforming documents between different types","A streaming service that dynamically adjusts video quality based on bandwidth","A media transcoding service that converts video files into formats optimized for playback on different devices","A service for translating audio content into text transcripts in real time","C","Elastic Transcoder converts video files in S3 to different formats (MP4, HLS for streaming) optimized for phones, tablets, and web browsers."
"AWS Certified Cloud Practitioner","CLF-C02","700","65","50","15","90","Cloud Technology and Services","What is Amazon IVS (Interactive Video Service)?","A managed live streaming service for building interactive video experiences like streaming applications","A managed CDN service optimized specifically for video content delivery","A video conferencing service for hosting interactive online meetings","A service for adding interactive quizzes and polls to pre-recorded video content","A","IVS provides a managed live streaming infrastructure — ultra-low latency live video with interactive capabilities for building Twitch-like applications."
"AWS Certified Cloud Practitioner","CLF-C02","700","65","50","15","90","Cloud Technology and Services","What is AWS DataSync vs S3 Transfer Acceleration?","S3 Transfer Acceleration is for on-premises transfers while DataSync is for cross-region transfers","DataSync automates data transfer between on-premises and AWS over the network; S3 Transfer Acceleration speeds up uploads to S3 from distant locations via CloudFront","They are identical services with different pricing models for bulk transfers","DataSync is for databases while S3 Transfer Acceleration is for object storage","B","DataSync moves files from NFS/SMB/HDFS/S3 to AWS storage services. Transfer Acceleration routes S3 uploads through CloudFront edge locations for speed improvement."
"AWS Certified Cloud Practitioner","CLF-C02","700","65","50","15","90","Cloud Technology and Services","What is AWS Snow Family?","A family of physical devices (Snowcone Snowball Snowmobile) for moving large datasets to AWS when network transfer is impractical","A set of AWS services designed for disaster recovery in extreme conditions","A family of serverless computing services for cold-weather IoT applications","A group of EC2 instance types optimized for cold storage access patterns","A","Snow devices provide offline data transfer at any scale: Snowcone (8TB), Snowball Edge (80TB), Snowmobile (100PB truck) — for migration, remote locations, and DR."
"AWS Certified Cloud Practitioner","CLF-C02","700","65","50","15","90","Cloud Technology and Services","What is Amazon FSx for Windows File Server?","A managed file system for running Linux applications that require Windows compatibility","A fully managed native Windows file system with SMB protocol support and Active Directory integration for Windows workloads","A storage service that converts Windows NTFS volumes into Linux-compatible formats","A service for migrating Windows Server applications to AWS Linux environments","B","FSx for Windows provides managed Windows Server–based file storage — SMB, NTFS, AD integration, and DFS namespaces for Windows applications needing shared storage."
"AWS Certified Cloud Practitioner","CLF-C02","700","65","50","15","90","Cloud Technology and Services","What is Amazon FSx for Lustre?","A managed storage service for backing up Linux-based database systems","A fully managed high-performance parallel file system optimized for compute-intensive workloads like ML HPC and video processing","A caching layer that accelerates access to data stored in EBS volumes","A file system service for sharing data between on-premises Linux servers and AWS","B","FSx for Lustre delivers sub-millisecond latency and hundreds of GB/s throughput — integrates with S3 for HPC, ML training, genomics, and financial modeling."
"AWS Certified Cloud Practitioner","CLF-C02","700","65","50","15","90","Cloud Technology and Services","What is Amazon WorkDocs?","A service for creating and managing AWS technical documentation","A document management service for storing CloudFormation templates and runbooks","A managed enterprise document storage and collaboration service similar to SharePoint or Google Drive","A managed word processing service running Office-compatible applications in the cloud","C","WorkDocs provides secure cloud storage, sharing, and collaboration on files — with version control, commenting, and integration with Active Directory."
"AWS Certified Cloud Practitioner","CLF-C02","700","65","50","15","90","Cloud Technology and Services","What is Amazon AppStream 2.0?","A managed mobile application development and testing service on AWS","A fully managed application streaming service that streams desktop applications from AWS to any device with a browser","A service for streaming ML model outputs to client applications in real time","A service for streaming live media content from AWS to global audiences","B","AppStream streams individual applications (not full desktops) from AWS to users' browsers — ideal for software vendors and enterprises distributing desktop apps."
"AWS Certified Cloud Practitioner","CLF-C02","700","65","50","15","90","Cloud Technology and Services","What is AWS Managed Services (AMS)?","A catalog of pre-built AWS service configurations for common workload patterns","A support plan that provides managed incident response for enterprise customers","An AWS offering that operates AWS infrastructure on behalf of enterprises applying best practices for security availability and cost optimization","A service that automatically manages EC2 instance patching and configuration","C","AMS provides operational management of AWS environments — change management, patch management, monitoring, and incident management as a service."
"AWS Certified Cloud Practitioner","CLF-C02","700","65","50","15","90","Cloud Technology and Services","What is Amazon Connect?","A network service for directly connecting EC2 instances to S3 without NAT","A cloud-based contact center service that makes it easy to set up and run customer contact centers","A service for connecting VPCs to on-premises networks using dedicated fiber links","A service for connecting IoT devices to AWS cloud services via MQTT protocol","B","Amazon Connect is a cloud contact center — set up in minutes, pay-per-minute, with built-in AI for transcription, sentiment, and agent assist."
"AWS Certified Cloud Practitioner","CLF-C02","700","65","50","15","90","Cloud Technology and Services","What is AWS Ground Station?","A service for grounding EC2 instances to prevent electrical interference","A fully managed service for communicating with and downloading data from satellites using AWS-managed ground station antennas","A managed service for running ground-based IoT sensor networks","A physical location where AWS lays fiber cable for Direct Connect connections","B","Ground Station provides satellite communication infrastructure as a service — downlink data directly to AWS (S3, EC2) without building your own ground station."
"AWS Certified Cloud Practitioner","CLF-C02","700","65","50","15","90","Cloud Technology and Services","What is AWS RoboMaker?","An IoT service for managing and monitoring industrial robot fleets","A service for developing testing and deploying intelligent robotics applications using ROS","A robotic process automation service for automating repetitive software tasks","A managed service for running robotic manufacturing automation in factories","B","RoboMaker provides simulation, fleet management, and application deployment for robot developers using Robot Operating System (ROS) without managing infrastructure."
"AWS Certified Cloud Practitioner","CLF-C02","700","65","50","15","90","Cloud Technology and Services","What is the difference between Amazon SQS Standard and FIFO queues?","Standard queues are for within-Region; FIFO queues are for cross-Region message delivery","FIFO queues are newer and always preferred over Standard queues for all use cases","Standard queues are for public messages; FIFO queues are for private encrypted messages","Standard queues offer maximum throughput with best-effort ordering; FIFO queues guarantee exactly-once processing in strict order at lower throughput","D","SQS Standard: unlimited throughput, at-least-once delivery, best-effort order. FIFO: 3000 msg/sec, exactly-once, strictly ordered — use FIFO for financial transactions."
"AWS Certified Cloud Practitioner","CLF-C02","700","65","50","15","90","Cloud Technology and Services","What is Amazon MQ?","A monitoring queue service that processes CloudWatch metrics and events","A managed Kafka service for building real-time data streaming pipelines","A message queue service that replaces SQS for applications requiring low latency","A managed message broker service for Apache ActiveMQ and RabbitMQ supporting standard messaging protocols like AMQP","D","Amazon MQ is for migrating existing applications using industry-standard APIs (AMQP, STOMP, MQTT, OpenWire) without rewriting for SQS or SNS."
"AWS Certified Cloud Practitioner","CLF-C02","700","65","50","15","90","Cloud Technology and Services","What is AWS AppSync?","A service for synchronizing application configuration across multiple environments","A managed REST API gateway service alternative to Amazon API Gateway","A service for syncing mobile application data between devices and AWS","A managed GraphQL service for building data-driven APIs that can aggregate data from multiple sources in real time","D","AppSync provides managed GraphQL — query multiple data sources (DynamoDB, Lambda, RDS) with a single GraphQL API and get real-time WebSocket subscriptions."
"AWS Certified Cloud Practitioner","CLF-C02","700","65","50","15","90","Cloud Technology and Services","What is AWS Amplify?","A hosting service exclusively for amplified static websites and single-page apps","A service that amplifies the performance of Lambda functions with additional memory","A managed IoT amplifier service for extending the range of wireless devices","A set of tools and services for building full-stack web and mobile applications quickly with pre-built backend capabilities","D","Amplify provides CLI, libraries, and hosting for building web/mobile apps — auth (Cognito), API (AppSync/API Gateway), storage (S3), and CI/CD deployment."
"AWS Certified Cloud Practitioner","CLF-C02","700","65","50","15","90","Cloud Technology and Services","What is AWS Device Farm?","A managed service for registering and managing IoT device fleets in AWS","A virtual device emulation service for testing mobile applications without real hardware","A testing service for web and mobile applications on real physical devices hosted in the AWS cloud","A farm of EC2 instances optimized for running device-specific workloads","C","Device Farm provides access to real iOS, Android, and web browsers for automated and manual testing — no need to maintain a physical device lab."
"AWS Certified Cloud Practitioner","CLF-C02","700","65","50","15","90","Cloud Technology and Services","What is Amazon Pinpoint?","A DNS routing service that pinpoints the nearest Region for each user","A multichannel marketing communications service for sending targeted messages via email SMS push notifications and voice","A network monitoring service that identifies and pinpoints latency issues","A service for pinpointing the geographic location of users accessing AWS services","B","Pinpoint enables targeted marketing campaigns — segment users, send personalized messages through multiple channels, and analyze campaign performance."
"AWS Certified Cloud Practitioner","CLF-C02","700","65","50","15","90","Cloud Technology and Services","What is AWS Comprehend Medical?","A service for ensuring medical applications on AWS comply with HIPAA regulations","A HIPAA-eligible NLP service that extracts medical information from unstructured clinical text like doctor notes and prescriptions","A service that translates medical documents between different languages","A managed medical knowledge base for powering healthcare question-answering applications","B","Comprehend Medical identifies medical entities (medications, conditions, dosages, anatomical terms) from clinical notes, enabling structured data extraction at scale."
"AWS Certified Cloud Practitioner","CLF-C02","700","65","50","15","90","Cloud Technology and Services","What is Amazon Kendra?","An intelligent enterprise search service powered by ML that understands natural language questions and returns precise answers","A managed Kubernetes service for deploying and scaling containerized applications","A data catalog service for discovering and organizing metadata across data lakes","A knowledge base service for storing and retrieving FAQ answers for chatbots","A","Kendra uses ML to understand natural language queries and searches across enterprise content (SharePoint, S3, databases) — returning specific answers not just links."
"AWS Certified Cloud Practitioner","CLF-C02","700","65","50","15","90","Cloud Technology and Services","What is AWS Panorama?","A service for creating 360-degree virtual reality content in the AWS cloud","A managed surveillance camera service for monitoring AWS data center facilities","A managed panoramic dashboard for monitoring all AWS resources globally","An ML appliance and SDK for adding computer vision to on-premises cameras and processing video locally at the edge","D","Panorama brings computer vision to on-premises cameras — run ML models locally at the edge for real-time analysis without sending video to the cloud."
"AWS Certified Cloud Practitioner","CLF-C02","700","65","50","15","90","Cloud Technology and Services","What is Amazon Monitron?","A service for monitoring EC2 instance performance and detecting anomalies","A network monitoring service that detects anomalous traffic patterns in VPCs","An end-to-end system for implementing predictive maintenance by detecting abnormal behavior in industrial equipment using ML and IoT sensors","A managed service for tracking and monitoring the location of physical assets","C","Monitron uses IoT sensors, a gateway, and ML in the cloud to predict equipment failure by detecting vibration and temperature anomalies in machinery."
"AWS Certified Cloud Practitioner","CLF-C02","700","65","50","15","90","Cloud Technology and Services","What is Amazon Textract?","A service that automatically extracts text tables and structured data from scanned documents using ML beyond basic OCR","A service for converting text between different natural languages using translation ML","A text formatting service for converting unstructured text into structured databases","A text analytics service for extracting insights and entities from written documents","A","Textract extracts text AND structure from documents — it understands forms (key-value pairs) and tables, not just reading characters like traditional OCR."
"AWS Certified Cloud Practitioner","CLF-C02","700","65","50","15","90","Cloud Technology and Services","What is Amazon Fraud Detector?","A security service for detecting and preventing credential theft and account fraud","A general anomaly detection service for finding unusual patterns in business data","A compliance service for detecting fraudulent billing or AWS account misuse","A fully managed service for detecting fraudulent activities online using ML models trained on Amazon's own fraud detection experience","D","Fraud Detector uses Amazon's ML expertise to build fraud detection models for account sign-up fraud, payment fraud, and account takeover."
"AWS Certified Cloud Practitioner","CLF-C02","700","65","50","15","90","Cloud Technology and Services","What is Amazon Forecast?","A fully managed time-series forecasting service using ML to generate accurate business forecasts from historical data","A weather forecasting service that predicts meteorological conditions for planning","A capacity planning service that forecasts future EC2 usage and recommends purchases","A cost forecasting service that predicts future AWS spending based on usage trends","A","Forecast uses ML (including DeepAR, ARIMA, Prophet) to produce accurate demand, inventory, workforce, and revenue forecasts from historical time-series data."
"AWS Certified Cloud Practitioner","CLF-C02","700","65","50","15","90","Cloud Technology and Services","What is Amazon Personalize?","A managed configuration service for personalizing application settings per user","A service for personalizing IAM user experiences in the AWS Management Console","A machine learning service that builds real-time personalized recommendation and search ranking systems for applications","A marketing service for creating personalized ad campaigns for AWS customers","C","Personalize uses the same technology as Amazon.com — it builds recommendation models from user behavioral data without requiring ML expertise."
"AWS Certified Cloud Practitioner","CLF-C02","700","65","50","15","90","Cloud Technology and Services","What is AWS Glue DataBrew?","A visual data preparation tool that allows data analysts to clean and normalize data without writing code","A managed ETL service for loading and transforming data in Glue Data Catalog","A service for brewing and visualizing data workflows in Glue pipelines","A data quality monitoring service that detects anomalies in Glue ETL outputs","A","DataBrew provides a visual interface for 250+ data transformations — clean, normalize, and prepare data for analytics without writing Spark or Python code."
"AWS Certified Cloud Practitioner","CLF-C02","700","65","50","15","90","Cloud Technology and Services","What is Amazon QuickSight Q?","A quality assurance service that validates the accuracy of QuickSight dashboards","A question-and-answer bot for getting help with QuickSight features","A natural language query capability in QuickSight that allows business users to ask questions in plain English and get instant visualizations","A premium QuickSight tier that provides quarterly business intelligence reviews","C","QuickSight Q uses NLP to let non-technical users type business questions and receive automatically generated charts and answers from their data."
"AWS Certified Cloud Practitioner","CLF-C02","700","65","50","15","90","Cloud Technology and Services","What is AWS Lake Formation?","A service that simplifies building securing and managing data lakes on AWS by automating complex manual steps","A service for automatically formatting and organizing data in S3 into lake structures","A managed storage service for creating large bodies of data in AWS like data lakes","A compliance service for ensuring data stored in S3 meets regulatory requirements","A","Lake Formation automates data ingestion, cataloging, transformation, and security for data lakes — implementing fine-grained table and column-level access control."
"AWS Certified Cloud Practitioner","CLF-C02","700","65","50","15","90","Cloud Technology and Services","What is Amazon Managed Grafana?","A managed service for running graphical applications on AWS without local installation","A monitoring service that provides pre-built dashboards for all AWS services","A fully managed Grafana service for visualizing metrics logs and traces from multiple data sources","A visualization plugin that adds charts and graphs to CloudWatch dashboards","C","Managed Grafana integrates with CloudWatch, X-Ray, Athena, Redshift, and many external sources — managed service eliminates Grafana server management."
"AWS Certified Cloud Practitioner","CLF-C02","700","65","50","15","90","Cloud Technology and Services","What is Amazon Managed Service for Prometheus?","A managed service for running Prometheus configuration management on EC2","A compliance monitoring service that evaluates environments against Prometheus standards","A fully managed Prometheus-compatible monitoring service for container and microservices environments","A monitoring service for AWS-managed services that provides Prometheus-format metrics","C","Managed Prometheus stores and queries Prometheus metrics for Kubernetes workloads on EKS/ECS without the operational burden of running Prometheus infrastructure."
"AWS Certified Cloud Practitioner","CLF-C02","700","65","50","15","90","Cloud Technology and Services","What is AWS App Mesh?","A proxy service that routes application traffic through AWS PrivateLink connections","A service for managing network configurations across multiple AWS applications","A service mesh that provides application-level networking for microservices to communicate with observability and traffic control","A network security mesh that encrypts all traffic between microservices","C","App Mesh standardizes how microservices communicate — service discovery, traffic shaping, circuit breaking, and distributed tracing with Envoy proxy sidecars."
"AWS Certified Cloud Practitioner","CLF-C02","700","65","50","15","90","Cloud Technology and Services","What is AWS Cloud Map?","A geographic map service for visualizing the locations of AWS resources globally","A cloud cost map for visualizing spending across services and teams","A service discovery service that enables applications to discover the location of cloud resources by name using custom namespaces","A network topology service for mapping the connections between VPCs and services","C","Cloud Map maintains a dynamic registry of cloud resources — applications query by name to get current location/IP, enabling service discovery in microservices."
"AWS Certified Cloud Practitioner","CLF-C02","700","65","50","15","90","Cloud Technology and Services","What is AWS Batch vs Lambda for compute?","Lambda handles batch jobs while Batch handles individual event-triggered functions","Batch is serverless while Lambda requires managing the underlying compute fleet","Batch is for long-running compute jobs requiring high resources on EC2 or Fargate; Lambda is for short event-driven functions up to 15 minutes","Lambda runs on dedicated hardware while Batch runs on shared multi-tenant compute","C","Lambda: event-driven, max 15 minutes, auto-scales to zero. Batch: long-running jobs, no time limit, manages job queues and compute environments for HPC."
"AWS Certified Cloud Practitioner","CLF-C02","700","65","50","15","90","Cloud Technology and Services","What is Amazon Lightsail vs EC2?","EC2 supports only Linux; Lightsail supports both Windows and Linux instances","EC2 is simpler and cheaper; Lightsail is for complex enterprise applications","Lightsail includes managed database and load balancer; EC2 requires separate RDS and ELB","Lightsail provides simplified bundled pricing for simple websites and small apps; EC2 offers granular control and full configuration options for any workload","D","Lightsail bundles compute, storage, and networking at a predictable price — great for WordPress, simple apps. EC2 provides granular control for complex production workloads."
"AWS Certified Cloud Practitioner","CLF-C02","700","65","50","15","90","Cloud Technology and Services","What is AWS Local Zones vs Wavelength Zones?","Local Zones are for IoT edge computing; Wavelength is for enterprise applications","They are identical services using different names by different telecom providers","Local Zones extend AWS to metro areas for millisecond latency; Wavelength embeds AWS in 5G networks for ultra-low latency mobile use cases","Wavelength Zones support all AWS services while Local Zones only support EC2","C","Local Zones: extend full AWS to cities near users (single-digit ms). Wavelength: embedded in carrier 5G networks for sub-10ms mobile gaming/AR/VR latency."
"AWS Certified Cloud Practitioner","CLF-C02","700","65","50","15","90","Cloud Technology and Services","What is Amazon ElastiCache for Redis vs Memcached?","Memcached supports persistence while Redis is a pure in-memory cache only","Redis is newer and always preferred over Memcached for all caching use cases","Redis supports persistence replication pub/sub and complex data structures; Memcached is simpler multi-threaded and easier for basic caching","Redis is for session caching; Memcached is for database query result caching","C","Choose Redis for: persistence, replication, Pub/Sub, sorted sets, geospatial. Choose Memcached for: simple high-performance caching, multi-threading, horizontal scaling."
"AWS Certified Cloud Practitioner","CLF-C02","700","65","50","15","90","Cloud Technology and Services","What is DynamoDB DAX?","A data analytics extension for DynamoDB that enables SQL querying","An in-memory cache specifically for DynamoDB that delivers microsecond response times for read-heavy workloads","A dedicated access mechanism for DynamoDB that improves write throughput","A disaster recovery feature that replicates DynamoDB tables across Regions","B","DynamoDB Accelerator is a fully managed write-through cache — microsecond reads without changing application code, ideal for gaming leaderboards and flash sales."
"AWS Certified Cloud Practitioner","CLF-C02","700","65","50","15","90","Cloud Technology and Services","What is Amazon Aurora Serverless?","An Aurora configuration that eliminates database administration by AWS managing all operations","A serverless NoSQL database built on Aurora technology for document workloads","An auto-scaling configuration for Aurora that automatically starts stops and scales capacity based on application demand","A version of Aurora that runs on Lambda without any database server infrastructure","C","Aurora Serverless v2 scales capacity in fine-grained increments (0.5 ACU) — ideal for variable or unpredictable workloads paying only for actual consumption."
"AWS Certified Cloud Practitioner","CLF-C02","700","65","50","15","90","Billing, Pricing, and Support","What is the AWS Simple Monthly Calculator replaced by?","AWS Budgets which replaced it with actual real-time cost tracking","AWS Cost Explorer which replaced it for estimating and comparing cloud costs","The AWS Cost and Usage Report which provides detailed cost breakdown","The AWS Pricing Calculator which provides more detailed estimates for planning cloud costs","D","The old Simple Monthly Calculator was replaced by the AWS Pricing Calculator, which provides architectural estimates with more service options and detail."
"AWS Certified Cloud Practitioner","CLF-C02","700","65","50","15","90","Billing, Pricing, and Support","What determines the cost of an EC2 instance?","The number of vCPUs the instance uses and the amount of network traffic generated","The instance type and the number of IAM users who access it","Instance type (CPU/memory), operating system, pricing model (On-Demand/Reserved/Spot), and the Region it runs in","Only the instance type and the hours it runs","C","EC2 cost combines: instance type/size, OS (Windows costs more than Linux), pricing model, Region, and data transfer out — all vary independently."
"AWS Certified Cloud Practitioner","CLF-C02","700","65","50","15","90","Billing, Pricing, and Support","What is the AWS Cost and Usage Report (CUR) granularity?","CUR can be configured to report at hourly daily or monthly granularity with line items per resource","CUR reports in real time updating every 5 minutes for current spending","CUR granularity is fixed at daily and cannot be adjusted to hourly","CUR only reports at monthly granularity for overall account spending","A","CUR's granularity setting determines how finely costs are reported — hourly granularity is needed for detailed analysis and Reserved Instance utilization tracking."
"AWS Certified Cloud Practitioner","CLF-C02","700","65","50","15","90","Billing, Pricing, and Support","What is the benefit of a 3-year Reserved Instance commitment over a 1-year commitment?","3-year RIs can be applied to any instance type while 1-year are type-specific","3-year RIs include free support while 1-year RIs require separate support purchases","3-year RIs can be sold on the RI Marketplace while 1-year cannot be transferred","3-year RIs provide higher discounts (up to 72%) compared to 1-year (up to 40%) in exchange for a longer commitment","D","Longer commitment = larger discount. 3-year RIs offer the deepest savings for workloads you're confident will run for years. 1-year balances discount with flexibility."
"AWS Certified Cloud Practitioner","CLF-C02","700","65","50","15","90","Billing, Pricing, and Support","What is AWS Marketplace pricing flexibility?","All Marketplace products cost a flat monthly fee regardless of usage volume","Marketplace pricing is set by AWS not the vendor and is updated quarterly","Products can be free paid by the hour monthly or annually with costs added directly to the AWS bill","Marketplace products cost more than buying directly from vendors to cover AWS fees","C","Marketplace vendors offer flexible models: free, hourly, monthly subscriptions, annual, and BYOL (Bring Your Own License) — billed through your AWS invoice."
"AWS Certified Cloud Practitioner","CLF-C02","700","65","50","15","90","Billing, Pricing, and Support","What is 'rightsizing' and which AWS tool helps with it?","Matching EC2 instance type and size to actual workload requirements; AWS Compute Optimizer uses ML to provide recommendations","Scaling down Lambda functions to minimum memory using CloudWatch metrics","Resizing S3 buckets to eliminate unused space using AWS Trusted Advisor","Adjusting Reserved Instance commitments to match actual usage using Cost Explorer","A","Compute Optimizer analyzes 14 days of CloudWatch metrics and recommends under-utilized EC2 instances, Lambda functions, and EBS volumes for downsizing."
"AWS Certified Cloud Practitioner","CLF-C02","700","65","50","15","90","Billing, Pricing, and Support","What is the difference between AWS Support's Developer and Business plans for trusted advisor?","Developer provides access to 7 core Trusted Advisor checks; Business provides access to the full suite of all checks","Both tiers provide identical Trusted Advisor access with different response SLAs","Developer includes all checks while Business adds real-time alerting capabilities","Business includes Trusted Advisor auto-remediation while Developer is view-only","A","Developer Support: only 7 core checks (basic security and limits). Business Support: all 115+ checks across cost, security, performance, fault tolerance, and service limits."
"AWS Certified Cloud Practitioner","CLF-C02","700","65","50","15","90","Billing, Pricing, and Support","What is a Budget Action in AWS Budgets?","An SNS notification sent to stakeholders when actual costs exceed the budget","An automated response that runs when a budget threshold is breached such as applying an IAM policy or stopping EC2 instances","A scheduled report automatically generated when a budget period ends","A manual approval workflow triggered when spending approaches a budget limit","B","Budget Actions automatically enforce cost controls — attach SCPs, apply IAM policies, or stop EC2/RDS resources when spending thresholds are breached."
"AWS Certified Cloud Practitioner","CLF-C02","700","65","50","15","90","Billing, Pricing, and Support","What is the cost of inbound data transfer to AWS?","Inbound data transfer from the internet to AWS is free for most services","Inbound data costs vary by Region and are more expensive for Asian Regions","Inbound transfers are free only for S3 not for other services like EC2","Inbound transfers are charged at the same rate as outbound transfers per GB","A","AWS charges for outbound data transfer but inbound transfer from the internet to AWS is generally free — encouraging customers to bring data in."
"AWS Certified Cloud Practitioner","CLF-C02","700","65","50","15","90","Billing, Pricing, and Support","What is the cost model for AWS Lambda?","Lambda charges per line of code executed with pricing based on language used","Lambda charges a flat monthly fee based on the number of functions deployed","Lambda charges based on number of requests and duration (GB-seconds of compute) with 1 million free requests per month always free","Lambda charges per EC2 instance type selected when configuring the function","C","Lambda pricing: $0.20 per million requests + duration (ms × GB memory allocated). Always-free tier: 1M requests and 400,000 GB-seconds per month."
"AWS Certified Cloud Practitioner","CLF-C02","700","65","50","15","90","Billing, Pricing, and Support","What is the cost model for Amazon S3?","S3 charges only for data transferred out with no charge for stored data","S3 charges per object stored regardless of the object's size","S3 charges a flat monthly fee based on the number of buckets created","S3 charges for storage used (per GB-month), requests made, and data transferred out to the internet","D","S3 costs combine: storage (varies by storage class), PUT/GET/DELETE requests (fractions of a cent), and outbound data transfer — no charge for inbound or cross-Region replication within same account."
"AWS Certified Cloud Practitioner","CLF-C02","700","65","50","15","90","Billing, Pricing, and Support","What is DynamoDB's on-demand pricing model?","Pay-per-request pricing where you pay only for the read and write requests your application makes with no capacity planning required","Hourly pricing based on the provisioned read and write capacity units configured","Pricing based on the number of DynamoDB tables with a per-table monthly fee","A flat monthly fee based on the total size of data stored in DynamoDB tables","A","DynamoDB On-Demand: pay per read request unit and write request unit consumed — ideal for unpredictable traffic. Provisioned capacity is cheaper for predictable workloads."
"AWS Certified Cloud Practitioner","CLF-C02","700","65","50","15","90","Billing, Pricing, and Support","What is AWS Price List API?","An API for comparing prices between different AWS Reserved Instance options","An API for submitting requests to AWS for custom enterprise pricing negotiations","A service providing programmatic access to AWS pricing data allowing applications to query current prices for all services","A billing API that returns the current month's charges for an AWS account","C","The Price List API lets you download complete pricing files or query individual prices programmatically — useful for building cost calculators and automated procurement tools."
"AWS Certified Cloud Practitioner","CLF-C02","700","65","50","15","90","Billing, Pricing, and Support","What factors affect data transfer costs in AWS?","Transfer costs are fixed per GB regardless of source destination or direction","Data transfer costs only apply to traffic leaving AWS never within the network","Direction (outbound costs more than inbound), destination (internet vs another AWS service), and Region determine transfer pricing","Transfer costs apply only to EC2 instances not to S3 CloudFront or other services","C","Transfer pricing varies by: in-Region (often free between services), cross-Region (charged), internet egress (highest cost), and service-specific exemptions."
"AWS Certified Cloud Practitioner","CLF-C02","700","65","50","15","90","Billing, Pricing, and Support","What is AWS Cost Anomaly Detection pricing?","It is included at no extra cost in Business and Enterprise Support plans only","Cost Anomaly Detection is free with a small per-alert fee when using SNS for notifications","It charges a monthly subscription fee based on the number of accounts monitored","It charges per anomaly detected with pricing based on the size of the anomaly","B","Cost Anomaly Detection itself is free — you pay only for SNS notifications triggered by detected anomalies, making it low-cost insurance against billing surprises."
"AWS Certified Cloud Practitioner","CLF-C02","700","65","50","15","90","Billing, Pricing, and Support","What is AWS Compute Savings Plans vs EC2 Instance Savings Plans?","EC2 Instance Plans provide higher discounts than Compute Plans for the same commitment","Compute Plans require 3-year commitments while EC2 Instance Plans offer 1-year terms","EC2 Instance Plans can be applied to ECS tasks while Compute Plans cannot","Compute Savings Plans are flexible across EC2 Lambda and Fargate; EC2 Instance Plans apply only to specific instance families in specific Regions","D","Compute Savings Plans: flexible across services/regions/families (up to 66% off). EC2 Instance Plans: highest discount (up to 72%) but locked to specific instance family/region."
"AWS Certified Cloud Practitioner","CLF-C02","700","65","50","15","90","Billing, Pricing, and Support","What is the AWS Free Tier always-free category?","Services that AWS provides free when total monthly spending exceeds a threshold","Services that are free only during the first year of an AWS account","Services that are free for education and nonprofit accounts only","Services that remain free indefinitely regardless of account age such as Lambda 1M requests DynamoDB 25GB and CloudFront 1TB per month","D","Always-free services (Lambda 1M requests, DynamoDB 25GB, CloudWatch 10 custom metrics, etc.) don't expire after 12 months — permanently free within the limits."
"AWS Certified Cloud Practitioner","CLF-C02","700","65","50","15","90","Billing, Pricing, and Support","What is the purpose of AWS billing alarms in CloudWatch?","To send a notification when estimated charges exceed a specified dollar threshold","To track Reserved Instance utilization and alert when coverage drops below 80%","To monitor and alert on billing API call failures and errors","To automatically stop resources when monthly spending exceeds the configured limit","A","CloudWatch billing alarms monitor the EstimatedCharges metric in us-east-1 and send SNS notifications when the threshold is crossed — a simple early-warning system."
"AWS Certified Cloud Practitioner","CLF-C02","700","65","50","15","90","Billing, Pricing, and Support","What is the difference between a cost report and a cost budget?","They are identical services with different names for different support tiers","Reports show historical spending; Budgets define spending targets and alert when spending approaches or exceeds them","Budgets show historical data; Reports show forecast future spending","Reports apply to individual services; Budgets apply only to total account spending","B","CUR/Cost Explorer shows what you spent (historical). AWS Budgets are prospective — define what you want to spend and get alerted if reality diverges from the plan."
"AWS Certified Cloud Practitioner","CLF-C02","700","65","50","15","90","Billing, Pricing, and Support","What is an AWS Support case priority and what are the levels?","Cases are prioritized as General Guidance System Impaired Production Impaired Production Down and Business Critical Down each with different response SLAs","All cases have identical 24-hour response SLAs regardless of severity","Cases are prioritized by account spending with higher-spending customers receiving faster responses","Priority levels exist only for Enterprise Support with other tiers receiving best-effort responses","A","AWS Support severities: General Guidance (24hr), System Impaired (12hr), Production Impaired (4hr), Production Down (1hr), Business Critical (<15min for Enterprise)."
"AWS Certified Cloud Practitioner","CLF-C02","700","65","50","15","90","Security and Compliance","What is an IAM permission boundary?","A managed policy that sets the maximum permissions an IAM entity can have regardless of what identity-based policies grant","An SCP-like control applied to individual IAM users rather than accounts","A policy that restricts IAM users to only accessing resources in a specific Region","A network boundary that controls which services an IAM role can access","A","Permission boundaries limit effective permissions even if identity policies grant more — used to delegate permission management safely to others."
"AWS Certified Cloud Practitioner","CLF-C02","700","65","50","15","90","Security and Compliance","What is AWS Config's 'conformance pack'?","A set of SCPs aligned to a compliance framework deployed to all accounts","A collection of AWS Config rules and remediation actions that can be deployed as a single unit for compliance","A pre-built Config dashboard showing compliance against specific frameworks","A compliance report format automatically generated by AWS Config","B","Conformance packs bundle multiple Config rules into deployable packages — enabling consistent enforcement of standards like CIS or PCI DSS."
"AWS Certified Cloud Practitioner","CLF-C02","700","65","50","15","90","Security and Compliance","What is the security benefit of using IAM Roles for EC2 instances?","Roles automatically rotate the EC2 instance's key pair on a regular schedule","Applications on the instance automatically receive temporary credentials without storing long-term access keys on the instance","Roles prevent any network traffic from entering or leaving the EC2 instance","Roles allow the EC2 instance to bypass Security Group rules for certain services","B","EC2 instance roles deliver temporary credentials via the metadata service — applications use the SDK to get credentials automatically with no stored keys."
"AWS Certified Cloud Practitioner","CLF-C02","700","65","50","15","90","Security and Compliance","What is server-side encryption (SSE-S3)?","Encryption where S3 manages the encryption keys using AES-256 encryption at no additional cost","Encryption where the customer provides and manages their own encryption keys","Encryption performed on the client before data is sent to S3","Encryption using keys stored in CloudHSM that the customer manages fully","A","SSE-S3 is the simplest encryption option — AWS manages the keys, rotation is automatic, and there's no additional cost. Enable per-bucket or per-object."
"AWS Certified Cloud Practitioner","CLF-C02","700","65","50","15","90","Security and Compliance","What is SSE-KMS encryption for S3?","S3 encryption using AWS KMS-managed keys providing audit logs of every key use in CloudTrail","S3 encryption requiring the customer to generate and upload encryption keys","S3 encryption performed on client devices before objects are uploaded","S3 encryption where S3 manages all keys without customer visibility","A","SSE-KMS uses KMS CMKs — every S3 operation is logged in CloudTrail showing who accessed which key when. More control and auditability than SSE-S3."
"AWS Certified Cloud Practitioner","CLF-C02","700","65","50","15","90","Security and Compliance","What is AWS Security Token Service (STS) AssumeRole?","A service that generates SSH key pairs for EC2 instance access","A token verification service for validating JWT tokens from Cognito","A permanent credential issuance service for creating long-term access keys","An API call that returns temporary security credentials for assuming an IAM role in the same or different account","D","AssumeRole is how cross-account access and role switching work — call STS, get temporary credentials (expire in 1 hour default) for the target role."
"AWS Certified Cloud Practitioner","CLF-C02","700","65","50","15","90","Security and Compliance","What is the purpose of S3 Object Lock?","Preventing objects from being deleted or overwritten for a fixed retention period or indefinitely for compliance and data protection","Encrypting S3 objects automatically when they are first uploaded to a bucket","Preventing unauthorized users from downloading objects stored in S3","Locking S3 bucket policies to prevent any modifications by account administrators","A","Object Lock implements WORM (Write Once Read Many) storage — required for SEC 17a-4, CFTC, and other regulations requiring immutable records."
"AWS Certified Cloud Practitioner","CLF-C02","700","65","50","15","90","Security and Compliance","What is Amazon Inspector v2's scanning capability for EC2?","Scanning EC2 AMIs before launch to ensure they meet security requirements","Scanning EC2 instance types to ensure they are not over-provisioned","Continuous scanning of EC2 instances for OS vulnerabilities and network reachability issues without requiring an agent","Scanning EC2 security group configurations for overly permissive rules","C","Inspector v2 uses SSM Agent for agentless EC2 scanning — continuously checks OS packages against CVE databases and validates network exposure."
"AWS Certified Cloud Practitioner","CLF-C02","700","65","50","15","90","Security and Compliance","What does enabling 'AWS CloudTrail Lake' provide?","A lake of aggregated threat intelligence fed into CloudTrail for enhanced detection","A data lake architecture that CloudTrail automatically builds in customer S3 buckets","A visual analytics tool for exploring CloudTrail event data through dashboards","An immutable, managed data lake for CloudTrail events enabling SQL-based querying and 7-year retention","D","CloudTrail Lake provides a managed, queryable audit store — run SQL queries on CloudTrail data for up to 7 years without managing your own Athena/S3 pipeline."
"AWS Certified Cloud Practitioner","CLF-C02","700","65","50","15","90","Security and Compliance","What is AWS Shield Advanced's DDoS cost protection?","Reimbursement for scaling costs (EC2 ELB CloudFront Route 53) incurred responding to a DDoS attack","Free DDoS mitigation hardware deployed to customer data centers","A $0 deductible on all DDoS-related insurance claims through AWS partners","Automatic scaling without charge when Shield Advanced detects an attack","A","Shield Advanced reimburses EC2, ELB, CloudFront, and Route 53 costs incurred due to scaling triggered by a DDoS attack — preventing cost-based denial of service."
"AWS Certified Cloud Practitioner","CLF-C02","700","65","50","15","90","Security and Compliance","What is an AWS Managed Policy?","A policy that customers create and store in their own account","A policy automatically applied to all new IAM users in an account","A standalone IAM policy created and managed by AWS for common use cases that can be attached to any identity","A policy enforced by AWS that cannot be overridden by customer-defined policies","C","AWS Managed Policies (like AmazonS3ReadOnlyAccess) are pre-built by AWS, kept updated, and can be attached to any user/role. Customers cannot edit them."
"AWS Certified Cloud Practitioner","CLF-C02","700","65","50","15","90","Security and Compliance","What is an inline IAM policy?","A temporary policy that expires after a specified time period","A policy that only applies when accessed from specific IP addresses or MFA","A policy automatically generated based on what an IAM entity actually calls","A policy embedded directly into a single IAM user group or role with a one-to-one relationship that is deleted when the identity is deleted","D","Inline policies exist only within the attached identity — useful when policy must not accidentally apply elsewhere, but harder to manage at scale than managed policies."
"AWS Certified Cloud Practitioner","CLF-C02","700","65","50","15","90","Security and Compliance","What is resource-based policy vs identity-based policy in IAM?","Identity-based policies attach to IAM entities; resource-based policies attach to resources like S3 buckets and specify who can access the resource","Identity-based are stronger and override resource-based policies when they conflict","They are identical concepts with different names depending on which service you use","Resource-based policies are for resources in public subnets; identity-based are for private","A","Identity-based: what can this IAM entity do. Resource-based (S3 bucket policy, SQS queue policy): who can access this resource — both must permit for cross-account access."
"AWS Certified Cloud Practitioner","CLF-C02","700","65","50","15","90","Security and Compliance","What is the AWS Global Accelerator vs CloudFront security difference?","Global Accelerator encrypts all traffic while CloudFront only encrypts HTTPS","They provide identical security but CloudFront is for static content and Global Accelerator is for dynamic","CloudFront has better security due to DDoS absorption while Global Accelerator has no protection","Global Accelerator provides fixed IP addresses for whitelisting in firewalls; CloudFront provides edge caching with WAF integration","D","Global Accelerator: 2 static anycast IPs (easy firewall whitelisting), no caching, pure routing. CloudFront: caching CDN with WAF integration for application-layer protection."
"AWS Certified Cloud Practitioner","CLF-C02","700","65","50","15","90","Security and Compliance","What is AWS Artifact's relationship to compliance?","Issues official compliance certifications that replace third-party audits","Generates compliance reports specific to each customer's resource configuration","Automatically certifies customer environments as compliant with standards","Provides downloadable AWS security and compliance reports that customers share with their own auditors","D","Artifact gives access to AWS's own compliance reports (SOC, PCI, ISO) — customers use these to demonstrate the underlying AWS infrastructure meets standards."
"AWS Certified Cloud Practitioner","CLF-C02","700","65","50","15","90","Security and Compliance","What is a NACL rule priority and how does it work?","All rules are evaluated and the most restrictive matching rule wins","All allow rules are evaluated first then all deny rules are evaluated","Rules are evaluated alphabetically by rule name and all matching rules apply","Rules are evaluated in numbered order lowest first and processing stops at the first matching rule","D","NACLs evaluate rules in ascending number order (100, 200, 300...) stopping at first match. * rule at the end denies all unmatched traffic."
"AWS Certified Cloud Practitioner","CLF-C02","700","65","50","15","90","Security and Compliance","What is AWS WAF rate-based rule?","A WAF rule that tracks requests from a source IP and blocks it when requests exceed a defined rate within a time window","A rule that allows requests based on how frequently the IP appears in threat lists","A rule that charges higher rates for WAF inspections during peak traffic periods","A rule that adjusts WAF sensitivity based on current attack traffic rates","A","Rate-based rules auto-block IPs sending too many requests — protection against HTTP floods, credential stuffing, and scraping without manual IP blocking."
"AWS Certified Cloud Practitioner","CLF-C02","700","65","50","15","90","Security and Compliance","What is Amazon Detective's relationship to GuardDuty?","They operate independently with no data sharing between them","Detective replaces GuardDuty by providing detection and investigation in one service","GuardDuty is the investigation layer while Detective is the detection layer","Detective consumes GuardDuty findings and provides deep investigation context to determine if they are true positives","D","GuardDuty detects threats and produces findings. Detective consumes those findings and enriches them with 90-day behavioral baselines for faster investigation."
"AWS Certified Cloud Practitioner","CLF-C02","700","65","50","15","90","Security and Compliance","What is the AWS Shared Responsibility Model for Lambda?","AWS manages all aspects including function code so Lambda requires no security configuration","Lambda has no shared responsibility since it is fully serverless and therefore secure by default","AWS manages the runtime environment OS and infrastructure; customer manages function code environment variables and IAM permissions","Customer manages runtime selection while AWS manages function code security","C","Lambda (managed service): AWS handles underlying server OS, runtime patches, and hypervisor. Customer is responsible for: function code, execution role permissions, and environment variable encryption."
"AWS Certified Cloud Practitioner","CLF-C02","700","65","50","15","90","Security and Compliance","What is Amazon Macie's capability for S3 data discovery?","Macie deletes objects containing PII after notifying the account owner","Macie moves sensitive objects to a separate restricted S3 bucket automatically","Macie uses ML to automatically identify and report on S3 objects containing PII financial data and credentials across all buckets","Macie encrypts discovered sensitive data automatically after identifying it","C","Macie continuously scans S3 buckets using ML-based classifiers to find sensitive data and generates findings for review — it doesn't act on data, only reports."
"AWS Certified Cloud Practitioner","CLF-C02","700","65","50","15","90","Cloud Technology and Services","What is Amazon Elastic Block Store (EBS) snapshot?","A real-time replication of an EBS volume to another Availability Zone","An incremental database backup stored in RDS snapshot storage","A point-in-time backup of an EBS volume stored in S3 that can be used to create new volumes or restore data","A complete backup of an EC2 instance including all attached EBS volumes","C","EBS snapshots are incremental backups stored in S3 — only changed blocks are saved after the first snapshot, making them space-efficient and fast to create."
"AWS Certified Cloud Practitioner","CLF-C02","700","65","50","15","90","Cloud Technology and Services","What is EC2 Image Builder?","A service that builds EC2 fleets from blueprints for Auto Scaling groups","A managed service for automating the creation maintenance validation and distribution of custom AMIs and container images","A visual editor for creating EC2 launch templates with custom configurations","A service for building and deploying Docker containers on EC2 instances","B","Image Builder automates the golden image pipeline — define components, build, test, distribute to Regions/accounts automatically on a schedule or trigger."
"AWS Certified Cloud Practitioner","CLF-C02","700","65","50","15","90","Cloud Technology and Services","What is AWS Elastic Inference vs AWS Inferentia?","Elastic Inference attaches fractional GPU to any instance; Inferentia is a custom AWS chip for dedicated high-throughput ML inference","Elastic Inference is for training; Inferentia is for inference workloads","They are the same technology with Inferentia being the newer branded version","Inferentia is software-based while Elastic Inference uses dedicated GPU hardware","A","Elastic Inference: fractional GPU attached to EC2/SageMaker (cost savings). Inferentia: AWS custom chip in Inf1 instances for high-throughput, low-latency inference."
"AWS Certified Cloud Practitioner","CLF-C02","700","65","50","15","90","Cloud Technology and Services","What is Amazon SES (Simple Email Service)?","A managed email hosting service for corporate email accounts and domains","A cloud-based email sending service for sending transactional marketing and bulk emails from applications","An email filtering service for blocking spam and phishing from corporate inboxes","A secure email encryption service for protecting sensitive corporate communications","B","SES is the email sending API for developers — transactional emails (password reset, order confirmation), newsletters, and bulk campaigns at low per-email cost."
"AWS Certified Cloud Practitioner","CLF-C02","700","65","50","15","90","Cloud Technology and Services","What is Amazon Chime?","A service for building voice-powered chatbots and virtual assistants","A communication service providing online meetings video conferencing messaging and business calling","A service for monitoring the health and uptime of business-critical applications","A managed time-series database for operational and IoT metrics","B","Amazon Chime provides meetings (video/audio), chat, and phone service — competing with Zoom and Teams as a cloud communication and collaboration platform."
"AWS Certified Cloud Practitioner","CLF-C02","700","65","50","15","90","Cloud Technology and Services","What is AWS Resource Groups?","A service for grouping Reserved Instances together for consolidated billing","A feature that groups EC2 instances into Auto Scaling clusters","A tagging service that automatically applies tags to newly created resources","A service for organizing AWS resources into logical groups based on tags for easier management and operations","D","Resource Groups let you organize resources by project, environment, or team — run bulk operations (SSM Run Command, tag changes) against a group."
"AWS Certified Cloud Practitioner","CLF-C02","700","65","50","15","90","Cloud Technology and Services","What is Amazon EventBridge Scheduler?","A service that schedules EC2 instance start and stop based on time of day","An SQS feature for scheduling message delivery at a future time","A serverless scheduler for creating millions of time-based schedules to trigger AWS services or third-party targets","A component of EventBridge that delays event routing for rate limiting","C","EventBridge Scheduler creates cron and one-time schedules with at-least-once delivery — replaces CloudWatch Events scheduled rules with more scale and targets."
"AWS Certified Cloud Practitioner","CLF-C02","700","65","50","15","90","Cloud Technology and Services","What is AWS Proton?","A deployment pipeline service for managing CI/CD for microservices","A managed Kubernetes service for running containerized applications at scale","A fully managed service for automating infrastructure provisioning and code deployment for container and serverless applications","A service for provisioning and managing EC2 instances using templates","C","Proton enables platform teams to define standard infrastructure templates that developers self-serve — standardizing deployments across teams at scale."
"AWS Certified Cloud Practitioner","CLF-C02","700","65","50","15","90","Cloud Technology and Services","What is AWS CodeArtifact?","A code signing service for ensuring software packages have not been tampered with","A managed container image registry for storing Docker images","A fully managed artifact repository service for storing and sharing software packages like npm PyPI Maven and NuGet","A CI/CD pipeline service for building testing and deploying application code","C","CodeArtifact provides managed package repositories — teams store internal packages and proxy public repositories (npm, PyPI) with audit logging and IAM access control."
"AWS Certified Cloud Practitioner","CLF-C02","700","65","50","15","90","Cloud Technology and Services","What is Amazon Elastic Container Registry Public (ECR Public)?","A public registry for viewing container image metadata without downloading","A version of ECR that is accessible from outside the VPC without PrivateLink","A public container image registry for sharing container images publicly with the global community at no cost for pull requests","A free tier of ECR providing limited storage for public container images","C","ECR Public (gallery.ecr.aws) provides a public registry for open-source projects to share container images globally — free bandwidth for public pulls."
"AWS Certified Cloud Practitioner","CLF-C02","700","65","50","15","90","Cloud Technology and Services","What is the difference between Amazon ECS and Amazon EKS?","EKS is simpler and recommended for beginners while ECS is for Kubernetes experts","ECS is AWS's native container orchestrator; EKS runs certified Kubernetes enabling portability to other Kubernetes environments","They are identical services with different APIs targeting different developer backgrounds","ECS supports only Linux containers while EKS supports both Linux and Windows","B","ECS: AWS-proprietary, simpler, deep AWS integration. EKS: standard Kubernetes API, portable to other clouds, community ecosystem — choose based on Kubernetes expertise."
"AWS Certified Cloud Practitioner","CLF-C02","700","65","50","15","90","Cloud Technology and Services","What is AWS App2Container?","A migration tool for moving container workloads between ECS and EKS","A code analysis tool for identifying which applications are container-ready","A command-line tool for containerizing existing Java and .NET applications running on-premises or on EC2 without code changes","A service for automatically refactoring on-premises applications into microservices","C","App2Container analyzes running applications, creates container images, and generates ECS/EKS deployment artifacts — accelerating containerization of existing apps."
"AWS Certified Cloud Practitioner","CLF-C02","700","65","50","15","90","Cloud Technology and Services","What is Amazon Elastic Kubernetes Service Anywhere (EKS Anywhere)?","EKS deployed across multiple AWS Regions for maximum availability","A managed Kubernetes offering for running EKS on partners' cloud platforms","A deployment option for creating and managing Kubernetes clusters on customer-managed infrastructure outside of AWS","A feature for running EKS workloads on AWS Outposts in customer data centers","C","EKS Anywhere brings AWS's Kubernetes distribution to on-premises VMware or bare metal — consistent tooling and supported by AWS, similar to Outposts but software-only."
"AWS Certified Cloud Practitioner","CLF-C02","700","65","50","15","90","Cloud Technology and Services","What is Amazon CloudFront Functions?","A feature for running Python functions on CloudFront for data transformation","A service for deploying React and other front-end applications to CloudFront","Lightweight JavaScript functions running at CloudFront edge locations for high-volume URL rewrites header manipulation and authentication","Full AWS Lambda functions deployed at CloudFront edge locations globally","C","CloudFront Functions: sub-millisecond, millions of req/sec, edge compute for simple transforms. Lambda@Edge: heavier logic, longer duration, Node.js/Python at regional edge."
"AWS Certified Cloud Practitioner","CLF-C02","700","65","50","15","90","Cloud Technology and Services","What is Amazon Location Service?","A service for managing physical locations of on-premises servers for inventory","A compliance service for tracking the geographic location of stored data","A DNS-based routing service that directs users to their nearest AWS Region","A managed geospatial service providing maps routing geocoding and tracking capabilities for applications","D","Location Service provides maps (HERE, Esri data), place search, routing, geofencing, and device tracking — building location features without managing geospatial infrastructure."
"AWS Certified Cloud Practitioner","CLF-C02","700","65","50","15","90","Cloud Technology and Services","What is AWS Wickr?","A managed VPN service for encrypting all traffic within a corporate network","A compliance service for encrypting archived communications for regulatory requirements","A key management service for encrypting communication between microservices","An end-to-end encrypted communication service for secure enterprise messaging voice video and file sharing","D","AWS Wickr provides ephemeral, end-to-end encrypted communications with configurable data retention — designed for enterprises requiring the highest communication security."
"AWS Certified Cloud Practitioner","CLF-C02","700","65","50","15","90","Billing, Pricing, and Support","What is the AWS Enterprise On-Ramp support plan?","A mid-tier support plan between Business and Enterprise providing proactive guidance and a pool of TAMs for growing businesses","An onboarding program for new enterprise customers joining AWS for the first time","A fast-track migration program that includes 6 months of free Enterprise Support","A support plan that provides on-site AWS engineers at customer locations","A","Enterprise On-Ramp (between Business and Enterprise) includes a pool of TAMs, concierge support, and 30-minute critical response — cheaper than full Enterprise."
"AWS Certified Cloud Practitioner","CLF-C02","700","65","50","15","90","Billing, Pricing, and Support","What does 'convertible' mean in the context of Reserved Instances?","Convertible RIs can be exchanged for RIs of different instance families sizes or operating systems during the term in exchange for a lower discount","Convertible RIs automatically convert to Spot Instances when not needed","Convertible RIs can be converted from 1-year to 3-year terms without paying a penalty","Convertible RIs have higher discounts than standard RIs for the same commitment","A","Convertible RIs offer flexibility (change type/family/OS mid-term) at a lower discount (up to 66%) compared to Standard RIs (up to 72%) which cannot be exchanged."
"AWS Certified Cloud Practitioner","CLF-C02","700","65","50","15","90","Billing, Pricing, and Support","What is AWS Cost Categories?","A classification system that AWS applies to services to group them by function","A tagging feature that automatically categorizes new resources by service type","A billing report format that pre-organizes costs into AWS-defined service categories","A feature for organizing AWS costs into meaningful categories using rules to group costs by team department or project","D","Cost Categories let you create custom groupings of costs using rules (tag matches, service matches, account matches) — surfaced in Cost Explorer and CUR."
"AWS Certified Cloud Practitioner","CLF-C02","700","65","50","15","90","Billing, Pricing, and Support","What is the difference between total cost and unit economics in cloud?","Total cost applies to Reserved Instances; unit economics applies to On-Demand pricing","Unit economics measures compute costs; total cost measures all AWS spending","They are the same concept described at different levels of organizational hierarchy","Total cost is overall spending; unit economics measures cost per transaction user or unit of output to understand efficiency","D","Unit economics (cost per API call, per user, per transaction) reveals efficiency trends even as total cost grows — crucial for understanding cloud economics at scale."
"AWS Certified Cloud Practitioner","CLF-C02","700","65","50","15","90","Billing, Pricing, and Support","What is the AWS Cost Optimization Hub?","An automated service that implements cost recommendations without manual approval","A centralized console for discovering and managing cost optimization recommendations across multiple AWS accounts and Regions","A premium support tier that provides dedicated cost optimization engineers","A community hub where customers share cost optimization tips and case studies","B","Cost Optimization Hub aggregates Compute Optimizer, Trusted Advisor, and rightsizing recommendations across your organization in a single prioritized view."
"AWS Certified Cloud Practitioner","CLF-C02","700","65","50","15","90","Billing, Pricing, and Support","What does 'partial upfront' payment mean for Reserved Instances?","Paying a portion of the total RI cost upfront and the remainder in monthly installments for a discount between no-upfront and all-upfront","Making a partial payment when capacity is insufficient and completing payment later","A pricing option where AWS bills in partial amounts spread over the reservation term","Paying only the first month upfront and the rest when you cancel the reservation","A","Partial Upfront RIs split the cost — some upfront for a bigger discount than no-upfront, lower upfront than all-upfront. All-upfront gives the maximum discount."
"AWS Certified Cloud Practitioner","CLF-C02","700","65","50","15","90","Billing, Pricing, and Support","What is AWS Compute Optimizer's confidence rating?","A security score indicating how well the instance configuration meets security standards","A rating showing how much confidence AWS has in the accuracy of the billing data","A score indicating how much data Compute Optimizer has collected and how reliable the recommendation is","A performance reliability rating showing uptime history for the recommended instance","C","Low confidence = insufficient metric data for a reliable recommendation. 3 lookback periods of data produces higher confidence recommendations."
"AWS Certified Cloud Practitioner","CLF-C02","700","65","50","15","90","Billing, Pricing, and Support","What is meant by 'pay for what you use' in S3 specifically?","You pay for the maximum storage capacity you configure even if less is used","You pay for the exact amount of storage consumed by objects monthly plus requests made and data transferred out","S3 has no cost as storage is included in the AWS base subscription","You pay a flat per-bucket monthly fee regardless of how many objects are stored","B","S3 has no minimum fee or provisioning — you pay exactly for stored GB-months, API requests, and outbound transfer. No cost for empty buckets."
"AWS Certified Cloud Practitioner","CLF-C02","700","65","50","15","90","Billing, Pricing, and Support","What is the purpose of an AWS Organization's management account for billing?","The management account receives a single consolidated invoice covering all member account charges and can access billing data for all accounts","The management account has lower pricing for all services compared to member accounts","The management account handles all IAM for member accounts from one central location","The management account provides free support to all member accounts in the organization","A","The management account (formerly master) owns consolidated billing — receives one invoice, can allocate costs, and manages Reserved Instance sharing across accounts."
"AWS Certified Cloud Practitioner","CLF-C02","700","65","50","15","90","Billing, Pricing, and Support","What is a Savings Plan utilization and coverage report?","Reports in Cost Explorer showing how much committed Savings Plan capacity you are using and what percentage of costs are covered","Reports comparing Savings Plans costs against equivalent On-Demand pricing","Reports generated by Savings Plans that break down costs by service and Region","Automated reports sent monthly showing how much money Savings Plans saved","A","Savings Plans utilization: are you using what you committed? Coverage: what % of eligible spend is covered? Use these to optimize commitment size."
"AWS Certified Cloud Practitioner","CLF-C02","700","65","50","15","90","Billing, Pricing, and Support","What are the categories of AWS Trusted Advisor checks?","Security compliance performance and reliability","Cost management IAM networking and storage","Billing support performance and disaster recovery","Cost optimization security performance fault tolerance service quotas and operational excellence","D","Trusted Advisor covers 5 (or 6 with Operational Excellence): Cost Optimization (waste), Security (exposure), Performance (bottlenecks), Fault Tolerance (single points of failure), Service Limits."
"AWS Certified Cloud Practitioner","CLF-C02","700","65","50","15","90","Billing, Pricing, and Support","What is the AWS re:Freeze program?","There is no AWS re:Freeze program; AWS re:Invent is the main annual conference and AWS Summits are regional events","A compliance program for freezing data in place to meet regulatory requirements","A winter season promotional program offering discounts on Reserved Instances","A program that freezes pricing for Enterprise customers for annual contract periods","A","AWS's main events are re:Invent (annual, Las Vegas), AWS Summits (regional), and AWS re:Inforce (security-focused) — there is no 're:Freeze' program."
