"TEST_NAME","TEST_CODE","PASS_SCORE","TOTAL_QUESTIONS","SCORED_QUESTIONS","UNSCORED_QUESTIONS","TIME_MINUTES","DOMAIN","QUESTION","OPTION_A","OPTION_B","OPTION_C","OPTION_D","CORRECT_ANSWER","EXPLANATION"
"(ISC)2 CCSP","CCSP","700","150","125","25","180","Cloud Concepts, Architecture, and Design","What are the three primary cloud service models defined by NIST SP 800-145?","Storage as a Service, Compute as a Service, and Network as a Service representing resource types","Database as a Service, Security as a Service, and Identity as a Service representing managed services","Infrastructure as a Service (IaaS), Platform as a Service (PaaS), and Software as a Service (SaaS)","Public Cloud, Private Cloud, and Hybrid Cloud representing deployment not service models","C","NIST SP 800-145 defines three cloud service models: IaaS (provider manages physical infrastructure, networking, virtualization; customer manages OS through applications), PaaS (provider adds OS and middleware; customer manages applications and data), SaaS (provider manages everything; customer uses the application). The other options confuse deployment models with service models, or represent specific subcategories not the primary classification."
"(ISC)2 CCSP","CCSP","700","150","125","25","180","Cloud Concepts, Architecture, and Design","What distinguishes a 'community cloud' from other cloud deployment models?","A community cloud is provisioned for exclusive use by a specific community of organizations sharing common concerns such as mission regulatory requirements or security policies","A community cloud combines resources from multiple public cloud providers into a single managed environment","A community cloud is an on-premises private cloud that allows community members to share physical hardware","A community cloud is a public cloud service restricted geographically to users within a specific country or region","A","Community cloud: shared among organizations with common interests (healthcare organizations sharing HIPAA-compliant infrastructure, government agencies sharing security requirements). May be managed by member organization, third party, or combination. Distinguished from: Public (open to all), Private (single organization), Hybrid (combination of two or more models). Example: FedRAMP community cloud for US federal agencies."
"(ISC)2 CCSP","CCSP","700","150","125","25","180","Cloud Concepts, Architecture, and Design","What is the 'shared responsibility model' in cloud computing?","A contractual arrangement where cloud provider and customer share equal financial liability for security breaches","An operational model where multiple customers share responsibility for monitoring shared infrastructure","A compliance framework that allows cloud providers and customers to share audit evidence","A framework that defines which security controls are managed by the cloud provider versus the customer based on the service model with providers responsible for security of the cloud and customers responsible for security in the cloud","D","Shared responsibility model: IaaS: provider secures physical, network, hypervisor; customer secures OS, middleware, applications, data, identity. PaaS: provider adds OS and runtime; customer secures applications and data. SaaS: provider secures most; customer secures data classification, access management, and end-user devices. Critical CCSP concept: 'of the cloud' (provider) vs. 'in the cloud' (customer). Misunderstanding leads to security gaps."
"(ISC)2 CCSP","CCSP","700","150","125","25","180","Cloud Concepts, Architecture, and Design","Which of the following BEST describes 'multitenancy' in cloud computing?","Multiple administrators managing different portions of the same cloud infrastructure","A customer deploying their application across multiple cloud provider regions for redundancy","The ability to run multiple operating systems simultaneously on a single hypervisor host","Multiple customers sharing the same physical or virtual infrastructure with logical isolation preventing one tenant's data from being accessed by another","D","Multitenancy: foundational cloud characteristic. Single infrastructure serves multiple customers simultaneously with logical (not physical) separation. Security concern: tenant isolation failure (data leakage between tenants). Related risks: noisy neighbor (performance), side-channel attacks (Spectre/Meltdown). Providers implement: hypervisor isolation, network segmentation (VLANs, security groups), storage isolation (encryption, separate volumes). Contrast with dedicated hosting (single tenant per hardware)."
"(ISC)2 CCSP","CCSP","700","150","125","25","180","Cloud Concepts, Architecture, and Design","What are the five essential characteristics of cloud computing according to NIST SP 800-145?","Virtualization, containerization, orchestration, monitoring, and billing","Security, compliance, performance, reliability, and interoperability","Scalability, high availability, redundancy, automation, and cost efficiency","On-demand self-service, broad network access, resource pooling, rapid elasticity, and measured service","D","NIST five essential characteristics: (1) On-demand self-service (provision without human interaction), (2) Broad network access (access over network using standard mechanisms), (3) Resource pooling (provider serves multiple customers, multi-tenant model), (4) Rapid elasticity (scale up/down quickly), (5) Measured service (resource usage monitored, controlled, reported). These characteristics are tested directly on CCSP exam. Other options describe benefits or technologies, not the defining NIST characteristics."
"(ISC)2 CCSP","CCSP","700","150","125","25","180","Cloud Concepts, Architecture, and Design","What is 'cloud bursting' and when is it used?","A DDoS attack method that overwhelms cloud provider infrastructure through coordinated traffic","A hybrid cloud configuration where an application runs in private cloud under normal conditions but automatically overflows to public cloud when demand exceeds private cloud capacity","A cost optimization strategy that terminates idle cloud resources during off-peak periods","A technique for rapidly migrating large data volumes from on-premises to public cloud storage","B","Cloud bursting: hybrid cloud deployment pattern. Private cloud handles baseline load (predictable, controlled, sensitive workloads). Public cloud handles overflow (seasonal peaks, unpredictable spikes). Benefits: cost efficiency (don't overprovision private cloud), performance (handle peaks). Challenges: data sovereignty (burst data may go to different jurisdiction), latency (connecting private to public), application architecture (must be designed for burst). Example: retail during holiday season, tax software during April."
"(ISC)2 CCSP","CCSP","700","150","125","25","180","Cloud Concepts, Architecture, and Design","What is the difference between 'vertical scaling' and 'horizontal scaling' in cloud?","Vertical scaling adds more resources to existing instances while horizontal scaling adds more instances to distribute load","Vertical scaling is automatic while horizontal scaling always requires manual intervention","Vertical scaling adds more physical servers while horizontal scaling increases virtual machine size","Horizontal scaling applies to databases while vertical scaling applies to application servers only","A","Vertical scaling (scale up/down): add CPU, RAM, storage to existing VM. Limits: maximum instance size, requires downtime for some changes. Horizontal scaling (scale out/in): add or remove instances. Benefits: theoretically unlimited, no single point of failure, suits stateless applications. Cloud enables: auto-scaling groups, load balancers distribute traffic. Most cloud-native architectures favor horizontal scaling for resilience and flexibility. Vertical has limits; horizontal scales to demand."
"(ISC)2 CCSP","CCSP","700","150","125","25","180","Cloud Concepts, Architecture, and Design","What is 'vendor lock-in' in cloud computing and how can it be mitigated?","Lock-in occurs only with SaaS applications not with IaaS or PaaS services","Dependency on proprietary cloud provider technologies that makes migration to another provider difficult mitigated through open standards portability strategies and multi-cloud architectures","A contractual obligation preventing customers from using multiple cloud providers simultaneously","The technical inability to export data from cloud storage due to proprietary formats","B","Vendor lock-in risks: proprietary APIs (AWS Lambda vs. Azure Functions), proprietary data formats, unique networking constructs, pricing structures. Mitigation strategies: use open standards (OpenStack, Kubernetes, containers), design portable applications (avoid provider-specific services where possible), multi-cloud architecture (parallel deployment), negotiated exit clauses in contracts, data export testing, cloud-agnostic tools (Terraform, Ansible). CCSP emphasizes portability as a cloud security consideration alongside functionality."
"(ISC)2 CCSP","CCSP","700","150","125","25","180","Cloud Concepts, Architecture, and Design","What is a 'cloud access security broker' (CASB) and what functions does it perform?","A security policy enforcement point between cloud service users and providers that provides visibility control data security and threat protection for cloud service usage","A cloud-based identity provider that manages single sign-on for multiple cloud applications","A network appliance that encrypts all traffic between enterprise networks and cloud services","A third-party auditor that certifies cloud providers meet security standards for enterprise use","A","CASB (Gartner): four pillars: (1) Visibility (discover shadow IT, which cloud services employees use), (2) Compliance (enforce DLP policies, ensure regulatory compliance), (3) Data Security (encryption, tokenization, DLP), (4) Threat Protection (detect anomalies, malware). Deployment modes: API mode (connects to cloud API, no inline inspection), proxy mode (forward proxy or reverse proxy, inline inspection). Use cases: prevent data exfiltration via personal Dropbox, enforce encryption for sensitive data uploads, detect compromised accounts."
"(ISC)2 CCSP","CCSP","700","150","125","25","180","Cloud Concepts, Architecture, and Design","What does 'elasticity' mean in cloud computing and how does it differ from 'scalability'?","Both terms are synonymous in cloud computing with different vendors using different terminology","Elasticity is the ability to automatically scale resources up or down in response to real-time demand while scalability is the general ability to handle increased load through resource addition","Elasticity refers to the physical flexibility of hardware components while scalability refers to software growth","Elasticity is a billing feature that charges only for used resources while scalability is a performance metric","B","Distinction: Scalability = system's ability to handle growth (adding resources manually or at planned intervals). Elasticity = automatic, dynamic scaling in REAL TIME based on current demand (scale up when traffic spikes at 2 PM, scale down when traffic drops at 3 AM). Elasticity implies automation and proportionality. Cloud-native feature enabled by: auto-scaling groups, serverless functions, container orchestration (Kubernetes HPA). Both terms appear on CCSP exam — knowing the distinction matters."
"(ISC)2 CCSP","CCSP","700","150","125","25","180","Cloud Concepts, Architecture, and Design","What is 'Infrastructure as Code' (IaC) and what security implications does it have?","A development methodology where infrastructure decisions are made by software developers rather than operations teams","Defining and provisioning infrastructure through machine-readable configuration files that enable repeatable consistent deployments with security implications including secrets in code version control exposure and configuration drift","A cloud billing model where customers pay for infrastructure usage like paying for utility services","A virtualization technique that abstracts physical hardware into software-defined resources","B","IaC (Terraform, CloudFormation, Ansible): declare infrastructure state in code files. Benefits: consistency (eliminate manual configuration drift), repeatability, version control (track changes), automation. Security implications: secrets management (don't hardcode credentials in IaC — use secrets managers), IaC code review (security misconfigurations caught before deployment), supply chain risk (malicious IaC modules), state files (contain sensitive infrastructure info). SAST for IaC: Checkov, tfsec, cfn-nag scan for security issues before deployment."
"(ISC)2 CCSP","CCSP","700","150","125","25","180","Cloud Concepts, Architecture, and Design","What is 'serverless computing' and what security model does it use?","A deployment model eliminating the need for DevOps teams since all infrastructure is automated","A cost model where customers only pay when code executes with providers absorbing idle infrastructure costs","Computing performed without any servers where all processing happens at the client device level","A cloud execution model where the provider manages all infrastructure and the customer deploys only application code with a security model where providers handle OS security but customers must secure application logic and permissions","D","Serverless (AWS Lambda, Azure Functions, Google Cloud Functions): provider manages everything below function execution. Customer writes function code only. Security model: provider secures runtime environment, OS, scaling; customer secures: function permissions (least-privilege IAM roles), input validation, dependency security, secrets management, application logic. Unique risks: function event injection (triggers from untrusted sources), privilege escalation via misconfigured roles, dependency vulnerabilities in function packages, ephemeral environment forensics challenges."
"(ISC)2 CCSP","CCSP","700","150","125","25","180","Cloud Concepts, Architecture, and Design","What is the 'Cloud Control Matrix' (CCM) published by the Cloud Security Alliance?","A regulatory compliance checklist that lists all legal requirements for operating cloud services","A procurement framework that helps organizations evaluate and select cloud service providers","A cybersecurity control framework specifically designed for cloud computing that maps controls to cloud service and deployment models and aligns with major standards like ISO 27001 and SOC 2","A performance benchmarking framework that measures cloud provider service quality and uptime","C","CSA CCM: 197 controls across 17 domains covering: Application Security, Audit, Business Continuity, Change Control, Data Security, Encryption, Governance, Human Resources, Identity, Infrastructure, Interoperability, Mobile, Operations, Risk, Supply Chain, Threat Intelligence, and Virtualization. Maps to: ISO 27001, COBIT, NIST, PCI-DSS, HIPAA. Used for: cloud provider risk assessments (via STAR registry), security baseline for cloud deployments, due diligence questionnaire (CAIQ — Consensus Assessments Initiative Questionnaire)."
"(ISC)2 CCSP","CCSP","700","150","125","25","180","Cloud Concepts, Architecture, and Design","What is 'resource pooling' in cloud computing and what risk does it introduce?","The aggregation of computing resources from multiple cloud providers into a unified environment","Providers serving multiple customers from shared physical resources using multi-tenant model introducing risks of data commingling isolation failures and side-channel attacks","A data management practice of consolidating similar datasets for more efficient storage","The practice of combining network bandwidth from multiple ISP connections for cloud services","B","Resource pooling: NIST characteristic where provider serves multiple customers from shared infrastructure. Customers have no control or knowledge of physical resource location. Risk implications: (1) Data commingling (physical storage may hold multiple customers' data), (2) Isolation failures (hypervisor bugs, shared memory vulnerabilities), (3) Side-channel attacks (Spectre/Meltdown — infer other tenants' data from timing measurements), (4) Forensics challenges (evidence may span multiple tenants). Mitigation: dedicated instances, encryption, contractual isolation guarantees."
"(ISC)2 CCSP","CCSP","700","150","125","25","180","Cloud Concepts, Architecture, and Design","What is 'cloud computing governance' and what frameworks support it?","The technical mechanisms cloud providers use to enforce security policies across their infrastructure","A regulatory requirement mandating cloud providers obtain government certification before operations","A financial framework for approving and tracking cloud computing expenditures across business units","The policies procedures and accountability structures that ensure cloud computing aligns with organizational objectives manages risk appropriately and meets compliance obligations supported by COBIT ISO 38500 and ITIL","D","Cloud governance encompasses: strategy (align cloud with business goals), risk management (identify and treat cloud risks), compliance (regulatory and contractual obligations), resource management (cost, capacity), performance management (SLA monitoring). Frameworks: COBIT 2019 (general IT governance), ISO 38500 (corporate governance of IT), ITIL 4 (service management), CSA CCM (cloud-specific controls), NIST Cybersecurity Framework (risk management). Organizations adapt these frameworks to create cloud-specific governance policies."
"(ISC)2 CCSP","CCSP","700","150","125","25","180","Cloud Concepts, Architecture, and Design","What is the 'NIST Cloud Computing Reference Architecture'?","A security standard requiring specific encryption and access control mechanisms for government cloud","A conceptual model identifying five major actors (cloud consumer, provider, auditor, broker, carrier) and their activities and relationships in cloud computing","A technical specification defining the hardware and software requirements for building cloud infrastructure","A performance benchmark that cloud providers must meet to receive NIST certification","B","NIST SP 500-292 Cloud Reference Architecture: Five actors: (1) Cloud Consumer (uses cloud services), (2) Cloud Provider (provides cloud services), (3) Cloud Auditor (assesses services, security, performance, compliance), (4) Cloud Broker (manages use, performance, and delivery of cloud services), (5) Cloud Carrier (provides connectivity between consumers and providers — ISP/network providers). Understanding actor roles and relationships is fundamental to CCSP. Auditors and brokers play important third-party roles in cloud security."
"(ISC)2 CCSP","CCSP","700","150","125","25","180","Cloud Concepts, Architecture, and Design","What is 'cloud service measurement' and why is it important for security?","A quality assurance process that validates cloud provider security controls meet contractual standards","The monitoring metering and reporting of cloud resource usage that enables billing transparency capacity planning and detection of anomalous usage patterns that may indicate security incidents","A compliance activity that documents how cloud resources are used for regulatory reporting","A benchmarking exercise that compares cloud provider performance against industry standards","B","Measured service (NIST characteristic): automatic control and optimization of resource use via metering. Security value: (1) Anomaly detection (unusual compute usage may indicate cryptomining malware, unusual data transfer may indicate exfiltration), (2) Billing verification (detect unauthorized resource provisioning), (3) Capacity planning (ensure resources available for legitimate needs), (4) Audit trail (resource usage logs for forensics). Cloud management platforms aggregate metering data. Cost anomaly detection is often the first indicator of a compromise."
"(ISC)2 CCSP","CCSP","700","150","125","25","180","Cloud Concepts, Architecture, and Design","What is 'cloud orchestration' and how does it relate to security?","The automated coordination of cloud resources services and workflows with security implications including privileged access for orchestration tools expanded attack surface and the need for orchestration pipeline security","The management of physical data center resources by cloud providers to ensure service availability","A cloud provider function that prioritizes workloads based on business criticality","The manual process of provisioning cloud resources according to approved change management procedures","A","Cloud orchestration (Kubernetes, AWS Step Functions, Azure Logic Apps): automate multi-service workflows. Security implications: orchestration platforms require broad permissions (high-value attack target), misconfigured orchestration = lateral movement pathway, supply chain risk (orchestration tool vulnerabilities), secrets management (orchestration needs credentials for many services), audit logging (track all automated actions). Kubernetes security: RBAC, network policies, pod security policies, image scanning. Orchestration security is part of DevSecOps."
"(ISC)2 CCSP","CCSP","700","150","125","25","180","Cloud Concepts, Architecture, and Design","What distinguishes 'managed security services' from standard cloud security controls?","Managed security services are outsourced security operations delivered by a third-party MSSP providing continuous monitoring threat detection and response while standard controls are built-in provider security features customers configure themselves","Standard cloud security controls require customer implementation while managed services are automatically applied","Managed security services use AI while standard cloud controls use traditional signature-based detection","Managed security services are exclusively available to enterprise customers while standard controls serve all customers","A","MSSP (Managed Security Service Provider): outsourced security operations. Services: SOC-as-a-Service, 24/7 monitoring, SIEM management, threat intelligence, incident response. Distinction from built-in cloud security: provider security features (AWS Security Hub, Azure Defender) are self-managed by customer. MSSP takes over operation. Benefits: expertise, 24/7 coverage, cost vs. internal SOC. Risks: third-party access to sensitive data and systems, SLA dependency. CCSP: MSSPs are a cloud service category with their own shared responsibility considerations."
"(ISC)2 CCSP","CCSP","700","150","125","25","180","Cloud Concepts, Architecture, and Design","What is 'digital sovereignty' and why is it a cloud computing concern?","The concept that nations have rights to govern data flows and cloud infrastructure within their territory creating compliance requirements around data localization and cross-border data transfers","A technical standard defining encryption requirements for protecting sensitive government data","The exclusive ownership rights cloud providers retain over customer data stored in their infrastructure","The right of individuals to control how their personal data is used by cloud applications","A","Digital sovereignty: nations asserting control over data within their borders. Examples: GDPR (EU data protection), China Cybersecurity Law (data localization), Russia (personal data must be stored in Russia). Cloud implications: data residency requirements (data must stay in specific country), government access laws (providers may be compelled to share data), infrastructure localization requirements. CCSP: understand that cloud customers must map data flows to jurisdictional requirements. Sovereign cloud offerings (AWS GovCloud, Azure Government) address some requirements."
"(ISC)2 CCSP","CCSP","700","150","125","25","180","Cloud Data Security","What are the six phases of the 'cloud data lifecycle'?","Generate, Encrypt, Transfer, Replicate, Back Up, and Purge representing security operations on data","Create, Store, Use, Share, Archive, and Destroy representing the stages data passes through from creation to final deletion","Input, Validation, Storage, Processing, Output, and Disposal representing data handling procedures","Collect, Process, Analyze, Transmit, Retain, and Delete representing data processing stages","B","CSA Cloud Data Lifecycle: (1) Create (data generated or modified), (2) Store (persisted), (3) Use (viewed, processed, edited), (4) Share (transmitted to others), (5) Archive (long-term retention), (6) Destroy (permanent deletion). Security controls vary by phase: encryption at Create, access controls at Use, DLP at Share, retention policies at Archive, secure deletion at Destroy. CCSP requires understanding which controls apply to which phase."
"(ISC)2 CCSP","CCSP","700","150","125","25","180","Cloud Data Security","What is 'data sovereignty' in cloud computing?","The right of data owners to exclusively control how their information is used by cloud applications","The principle that data is subject to the laws and governance of the country where it is physically stored requiring organizations to understand where cloud providers store data and what jurisdiction applies","A technical measure that prevents cloud providers from accessing customer data without authorization","A contractual provision giving customers ownership of all data they create within cloud services","B","Data sovereignty: data is governed by the laws of the jurisdiction where it physically resides. Implications: data stored in EU subject to GDPR, data in US potentially subject to CLOUD Act (government access), data in China subject to Chinese cybersecurity laws. Cloud challenges: providers replicate data globally for availability, customers often don't know exact physical location. Controls: contractual data residency requirements, provider data residency configurations (specific regions), encryption with customer-managed keys (limits provider access regardless of jurisdiction)."
"(ISC)2 CCSP","CCSP","700","150","125","25","180","Cloud Data Security","What is the difference between 'data at rest', 'data in transit', and 'data in use' encryption?","These three states apply only to structured database data and not to unstructured files or object storage","Data in transit encryption is mandatory while data at rest and data in use encryption are optional security enhancements","Data at rest is stored data encrypted on disk, data in transit is data encrypted during network transmission, and data in use is data in active memory with confidential computing protecting it from unauthorized access","Data at rest uses symmetric encryption, data in transit uses asymmetric encryption, and data in use remains unencrypted since encryption prevents processing","C","Three data states: Data at rest (stored, encryption: AES-256, TDE for databases, volume encryption), Data in transit (moving over network, encryption: TLS 1.2+, VPN, SFTP), Data in use (active in memory during processing, protection: confidential computing — Intel SGX, AMD SEV — encrypts memory so even hypervisor can't read it). Historically hardest to protect: data in use. Confidential computing is emerging for cloud (Azure Confidential Computing, AWS Nitro Enclaves). CCSP emphasizes all three states must be addressed."
"(ISC)2 CCSP","CCSP","700","150","125","25","180","Cloud Data Security","What is 'data classification' and what role does it play in cloud security?","A compliance activity that categorizes data by the regulation that governs it for audit purposes","The process of organizing data into categories based on sensitivity and criticality to apply appropriate security controls and determine where data can be stored and how it must be protected in cloud environments","A cloud billing mechanism that categorizes data storage tiers by access frequency and cost","A database optimization technique that organizes data for faster retrieval and processing","B","Data classification in cloud: categorize data by sensitivity (Confidential, Internal, Public) and type (PII, PHI, PCI). Drives decisions: where data can be stored (public cloud vs. private), encryption requirements (strong for confidential), access controls (need-to-know), data residency requirements (PHI must comply with HIPAA), retention policies, DLP controls, backup strategies. Cloud challenge: data classification must happen before cloud migration. Many organizations discover they have misclassified sensitive data only after a breach."
"(ISC)2 CCSP","CCSP","700","150","125","25","180","Cloud Data Security","What is 'tokenization' and how does it differ from encryption?","Tokenization is a one-way irreversible transformation while encryption can use symmetric algorithms for reversibility","Encryption protects data in transit while tokenization protects data at rest in databases and storage","Tokenization replaces sensitive data with non-sensitive tokens that have no mathematical relationship to the original data while encryption transforms data using an algorithm that can be reversed with the proper key","Tokenization uses shorter key lengths than encryption making it faster for high-volume transaction processing","C","Tokenization: replace sensitive value (credit card 4111111111111111) with random token (7x8k-2p9q-...). Token has no mathematical relationship to original — cannot be reversed without the token vault. Encryption: mathematical transformation reversible with the key. Key difference: tokenized data is meaningless even if stolen (unlike encrypted data which can theoretically be cracked). Scope: tokenization excellent for reducing PCI scope (tokens can be used for business processes), encryption better for data that needs to be decrypted for use. Both have CCSP exam presence."
"(ISC)2 CCSP","CCSP","700","150","125","25","180","Cloud Data Security","What is 'Data Loss Prevention' (DLP) in cloud environments?","A cloud provider service that automatically replicates critical data to prevent accidental deletion","A backup strategy that prevents data loss through redundant storage across multiple cloud regions","A contractual arrangement where cloud providers compensate customers for data loss incidents","Technology that monitors detects and prevents unauthorized transmission of sensitive data outside organizational boundaries through inspection of content patterns and application of policy-based controls","D","Cloud DLP: inspect data leaving the organization or moving within cloud environments. Detection methods: content inspection (pattern matching for SSN, credit card), context analysis (who is sending where), fingerprinting (exact matches to sensitive documents). Controls: block (prevent exfiltration), quarantine (hold for review), alert (notify security team), encrypt (force encryption before transfer). Cloud CASB integrates DLP. Challenges: encrypted traffic (requires SSL inspection), shadow IT (unknown cloud services), volume (massive cloud data volumes). AWS Macie, Google Cloud DLP, Microsoft Purview."
"(ISC)2 CCSP","CCSP","700","150","125","25","180","Cloud Data Security","What is 'key management' and what are the three main key management models in cloud?","The administrative process of managing user access keys and API tokens in cloud platforms","The generation storage distribution and lifecycle management of cryptographic keys with three models: provider-managed keys, customer-managed keys (BYOK), and customer-held keys (HYOK) offering different levels of control","The management of hardware security modules deployed in cloud data centers for encryption","A PKI-based system for managing digital certificates used in cloud service authentication","B","Cloud key management models: (1) Provider-managed keys (CSP owns and manages — least control, convenient), (2) BYOK — Bring Your Own Key (customer generates and imports key, provider stores in cloud KMS like AWS KMS — customer controls key policy, not key custody), (3) HYOK — Hold Your Own Key (customer manages key outside cloud entirely using on-premises HSM — provider never has key access). More control = more operational complexity. CCSP: understand trade-offs. Data sovereignty requirements may mandate HYOK."
"(ISC)2 CCSP","CCSP","700","150","125","25","180","Cloud Data Security","What is a 'data retention policy' and what cloud-specific considerations apply?","A regulatory requirement mandating that all cloud data be retained for a minimum of seven years","A policy specifying how long different categories of data must be kept and when it must be deleted with cloud-specific considerations including geographic retention requirements legal holds and secure deletion verification","A policy that prevents cloud providers from deleting customer data without explicit customer authorization","A backup policy that determines how frequently data snapshots are taken in cloud environments","B","Data retention in cloud: policies specify: minimum retention periods (HIPAA = 6 years, SEC = 7 years), maximum retention (GDPR right to erasure), legal hold (suspend deletion during litigation). Cloud-specific issues: (1) Distributed storage (data may be in multiple regions, multiple copies), (2) Secure deletion challenges (crypto-erasure — delete encryption key makes data unrecoverable), (3) Backup and snapshot retention (retained copies count), (4) Provider data deletion verification (get contractual assurance). Object storage lifecycle policies automate archival and deletion."
"(ISC)2 CCSP","CCSP","700","150","125","25","180","Cloud Data Security","What is 'data masking' and when is it used in cloud environments?","The process of creating a structurally similar but inauthentic version of data by obscuring original values for use in non-production environments development testing and analytics where real sensitive data is not needed","Hiding sensitive data fields from unauthorized users during display using access control mechanisms","A network security technique that hides source IP addresses to protect cloud server locations","Encrypting data with a mask key that can only be removed by authorized users with the correct credentials","A","Data masking (obfuscation): replace real data with realistic-looking but fake data. Types: static masking (transform data permanently for non-prod copies), dynamic masking (transform data in real-time during retrieval based on user role). Techniques: substitution (replace name with different name), shuffling (swap values between records), nulling (replace with null), encryption (replace with ciphertext), pseudonymization (replace with pseudonym consistently). Cloud use: provide developers test data without real PII/PHI, analytics on masked datasets. GDPR: pseudonymization reduces compliance burden."
"(ISC)2 CCSP","CCSP","700","150","125","25","180","Cloud Data Security","What is 'cloud storage security' and what are the primary threats?","Physical security of storage hardware in cloud data centers managed entirely by cloud providers","Network security controls that protect data during transfer to and from cloud storage services","The encryption of cloud storage devices to prevent data recovery in case of hardware theft","Protection of data stored in cloud storage services (object block file) from threats including unauthorized access data breaches insecure APIs misconfigured access controls and inadequate encryption","D","Cloud storage threats: (1) Insecure APIs (storage APIs improperly secured), (2) Data breaches (misconfigured S3 buckets — 'public' access), (3) Unauthorized access (weak access controls, excessive permissions), (4) Insufficient encryption (data exposed if provider breach), (5) Data loss (accidental deletion, ransomware), (6) Shadow storage (employees using personal cloud storage). Controls: encryption (customer-managed keys), access controls (IAM policies, bucket policies), public access blocking, versioning (recover deleted/overwritten files), logging (S3 access logs, CloudTrail)."
"(ISC)2 CCSP","CCSP","700","150","125","25","180","Cloud Data Security","What is 'information rights management' (IRM) and how does it work in cloud?","A legal mechanism for asserting intellectual property rights over data stored in cloud services","Technology that controls how authorized users can interact with protected documents by enforcing permissions like view-only no-print no-copy that travel with the document even after it leaves cloud storage","A cloud IAM framework that manages user rights and access permissions across cloud services","A compliance framework that documents what rights organizations have to data they store in cloud","B","IRM (also called DRM for documents or ERM): persistent document protection. Capabilities: restrict viewing (only specific users), prevent printing, disable copy-paste, set expiration dates, revoke access after distribution. Works by: embedding policy in document, client software enforces policy by checking with rights server. Cloud IRM: Microsoft Azure Information Protection (AIP), now Purview. Advantage over traditional access controls: protection follows data even when downloaded, emailed, or shared outside organization. Challenge: requires compatible clients."
"(ISC)2 CCSP","CCSP","700","150","125","25","180","Cloud Data Security","What is the difference between 'data privacy' and 'data security'?","These terms are synonymous in cloud computing with different organizations using different terminology","Data security is a technical function managed by IT while data privacy is a legal function requiring no technical controls","Data security prevents unauthorized access to data through technical controls while data privacy governs appropriate collection use and sharing of personal information often through legal and policy frameworks","Data privacy applies only to personal information while data security applies to all categories of data","C","Distinction: Data Security (CIA): Confidentiality (prevent unauthorized access), Integrity (prevent unauthorized modification), Availability (ensure authorized access). Technical controls: encryption, access controls, firewalls. Data Privacy: appropriate handling of personal information. Governed by: laws (GDPR, CCPA, HIPAA), organizational policies. Both are required — security protects data from breach (technical), privacy ensures data is used as users intended (legal and technical). CCSP addresses both. Privacy by Design: build privacy into systems from inception."
"(ISC)2 CCSP","CCSP","700","150","125","25","180","Cloud Data Security","What is 'database activity monitoring' (DAM) in cloud environments?","A security technology that monitors and logs all database queries and transactions in real time to detect unauthorized access policy violations and suspicious activity independent of the database itself","A backup system that monitors database activity to trigger incremental backups upon data changes","A compliance tool that generates reports of all database changes for audit purposes","A cloud provider service that automatically optimizes database performance based on usage patterns","A","DAM: monitor all database activity without relying on native database logging (which can be disabled by compromised privileged users). Captures: all queries, user identity, data accessed, changes made. Detects: SQL injection attempts, excessive data access (potential exfiltration), privilege abuse (admin accessing all records), off-hours access, unusual query patterns. Real-time alerting and blocking. Cloud considerations: DAM solutions must integrate with cloud database services (RDS, Cloud SQL), network-based or API-based approaches for cloud. CCSP: DAM is a key control for cloud database security."
"(ISC)2 CCSP","CCSP","700","150","125","25","180","Cloud Data Security","What is 'object storage' and what security considerations are specific to it?","A database paradigm that stores data as programming objects rather than rows and columns","Physical storage hardware used in cloud data centers that contains magnetic or flash storage objects","A backup storage tier specifically designed for storing infrequently accessed archive data","A cloud storage architecture that stores data as objects with unique identifiers metadata and access controls with security considerations including public access misconfiguration insecure ACLs and lack of encryption","D","Object storage (AWS S3, Azure Blob, Google Cloud Storage): stores files as objects with key, data, and metadata. Security considerations: (1) Public access (notorious breaches from public S3 buckets — Capital One 2019, Pentagon data), (2) Bucket policies vs. ACLs (complex, often misconfigured), (3) Encryption (SSE with provider keys, SSE-KMS with CMK, SSE-C with customer key), (4) Versioning (enable to recover from ransomware/deletion), (5) Access logging (track who accessed what), (6) Cross-region replication (data sovereignty implications). AWS Block Public Access prevents common misconfiguration."
"(ISC)2 CCSP","CCSP","700","150","125","25","180","Cloud Data Security","What is 'data egress' and why is it a significant cloud security concern?","The transfer of data out of cloud environments which is a security concern because it represents the primary exfiltration pathway for attackers and the primary cost component in cloud billing models","The physical removal of storage media from cloud data centers by employees or contractors","The decommissioning of cloud resources and return of data to on-premises environments","The backup process of copying cloud data to on-premises storage for disaster recovery","A","Data egress: data leaving cloud environment. Security concerns: (1) Exfiltration pathway (attackers move data out via APIs, storage downloads, database dumps, S3 presigned URLs), (2) Shadow IT (employees exporting corporate data to personal cloud services), (3) Third-party API leakage (data sent to third-party analytics, logging, or integration services), (4) Backup exfiltration (attackers exfiltrate backup files which contain compressed versions of all data). Also financial: cloud providers charge for egress (incentivizes data staying in cloud). Controls: DLP, CASB, network egress monitoring, logging all data transfer operations."
"(ISC)2 CCSP","CCSP","700","150","125","25","180","Cloud Data Security","What is 'privacy impact assessment' (PIA) and when is it required?","A technical audit of cloud provider privacy controls conducted by independent third-party auditors","A financial assessment of potential regulatory fines from privacy violations in cloud environments","A systematic process for evaluating how a project or system will affect individuals' privacy rights used before deploying cloud systems that process personal data with GDPR mandating Data Protection Impact Assessments for high-risk processing","A one-time compliance exercise completed during cloud provider selection and contract negotiation","C","PIA (also DPIA — Data Protection Impact Assessment under GDPR): structured assessment of privacy risks before implementation. Required by GDPR when processing: large scale, systematic profiling, sensitive categories, public surveillance. PIA components: describe processing, assess necessity, identify risks to individuals, identify controls to mitigate. Cloud-specific: assess data flows to cloud provider, subprocessor privacy practices, data subject rights implementation in cloud. Even when not legally required, PIAs are best practice for any new cloud system processing personal data."
"(ISC)2 CCSP","CCSP","700","150","125","25","180","Cloud Data Security","What is 'data portability' and why is it important in cloud?","A compliance requirement mandating that cloud providers keep customer data available for seven years","A network capability that allows data to be accessed from any geographic location without latency","The ability to export data from one cloud service in a standard format for transfer to another service which is important for preventing vendor lock-in and is legally required under GDPR for personal data","The physical transportation of data storage media between cloud data centers for disaster recovery","C","Data portability: move data between systems/providers. Why it matters: (1) Vendor lock-in avoidance (proprietary formats prevent migration), (2) GDPR Article 20 (individuals have right to receive their personal data in machine-readable format), (3) Business continuity (ability to migrate if provider fails), (4) Cost optimization (move to cheaper provider). Cloud challenges: proprietary formats, API differences, schema mapping, data volume (petabytes difficult to transfer). Standards: open formats (CSV, JSON, XML), standard APIs (S3 API compatibility), OpenStack. Test export before committing."
"(ISC)2 CCSP","CCSP","700","150","125","25","180","Cloud Data Security","What is 'secure multi-party computation' (SMPC) and what cloud use cases does it address?","A cryptographic technique allowing multiple parties to jointly compute functions over their combined inputs without any party revealing their private inputs addressing use cases like collaborative analytics on sensitive data","A distributed computing model where processing is split across multiple cloud providers for redundancy","A security model where multiple approvals are required before cloud operations can be executed","A cloud architecture where multiple customers jointly manage shared security infrastructure","A","SMPC: compute on combined datasets without exposing individual datasets. Example: hospitals compute aggregate cancer statistics without sharing individual patient records. Financial institutions identify fraud patterns without exposing transaction data. Cloud relevance: collaborative analytics, privacy-preserving machine learning, cross-organization threat intelligence. Related: Federated Learning (ML without centralizing data), Homomorphic Encryption (compute on encrypted data). Emerging technology, computationally expensive, but addresses strong privacy requirements. CCSP: awareness of privacy-enhancing technologies."
"(ISC)2 CCSP","CCSP","700","150","125","25","180","Cloud Data Security","What is a 'data breach' response requirement under GDPR?","GDPR requires notification only for breaches involving more than 10,000 individuals' data records","GDPR requires immediate public disclosure of all data breaches regardless of risk to individuals","GDPR Article 33 requires notification to the supervisory authority within 72 hours of becoming aware of a personal data breach unless the breach is unlikely to result in risk to individuals","GDPR mandates a 30-day window for investigating breaches before regulatory notification is required","C","GDPR breach notification: (1) Supervisory authority notification within 72 hours of becoming aware (Article 33) — if breach likely to result in risk to rights/freedoms. (2) Individual notification without undue delay if high risk to rights/freedoms (Article 34). Content: nature, data subjects affected, consequences, measures taken. Records: must document all breaches even if not reported. Cloud complication: cloud provider is processor, must notify controller 'without undue delay' (GDPR Article 33(2)). Controller has 72 hours to notify authority. Data processor agreements must include breach notification procedures."
"(ISC)2 CCSP","CCSP","700","150","125","25","180","Cloud Platform and Infrastructure Security","What is 'hypervisor security' and what are the two main types of hypervisors?","Type 1 hypervisors run in the cloud while Type 2 hypervisors run on on-premises hardware","Hypervisor security protects the virtualization layer that runs virtual machines with Type 1 (bare metal) running directly on hardware and Type 2 running on a host operating system with Type 1 having smaller attack surface","Hypervisor security refers to the encryption of VM images to protect them from unauthorized copying","Both hypervisor types are identical in security posture with differences only in performance characteristics","B","Hypervisor types: Type 1 (bare metal): runs directly on hardware, no host OS layer. Examples: VMware ESXi, Microsoft Hyper-V, Xen (AWS), KVM. Smaller attack surface. Type 2 (hosted): runs on top of host OS. Examples: VMware Workstation, VirtualBox. Larger attack surface (host OS vulnerabilities affect hypervisor). Cloud providers use Type 1. Security concerns: VM escape (breakout from guest to hypervisor), hyperjacking (compromise hypervisor itself — catastrophic), side-channel attacks (cross-VM data leakage). Hypervisor is the most security-critical component in cloud infrastructure."
"(ISC)2 CCSP","CCSP","700","150","125","25","180","Cloud Platform and Infrastructure Security","What is 'network segmentation' in cloud environments and what approaches are used?","Dividing cloud networks into isolated segments using VPCs virtual networks security groups NACLs and private subnets to limit lateral movement and apply the principle of least privilege to network traffic","Physically separating cloud infrastructure into different geographic regions for disaster recovery","Segmenting cloud providers into tiers based on their security certifications and compliance status","The allocation of network bandwidth between different cloud services based on priority","A","Cloud network segmentation: (1) VPC/VNet (isolated virtual network per workload or environment), (2) Subnets (public facing, private application, private database — defense in depth), (3) Security Groups (stateful, instance-level — only allow specific traffic), (4) NACLs (stateless, subnet-level — backup/additional filtering), (5) VPC peering vs. PrivateLink (control cross-VPC access), (6) Microsegmentation (east-west traffic control between workloads). Zero trust: default deny, explicit allow. Cloud-native: software-defined, programmable, consistent enforcement."
"(ISC)2 CCSP","CCSP","700","150","125","25","180","Cloud Platform and Infrastructure Security","What is 'container security' and what are the key security concerns for containers in cloud?","Network security for traffic between containers running in the same cloud region","Physical security of the server hardware that hosts container workloads in cloud data centers","Securing containerized workloads including image security privilege control network isolation runtime protection and orchestrator security with concerns like privileged containers host path mounts and image vulnerabilities","Encryption of container images stored in cloud container registries to prevent unauthorized access","C","Container security layers: (1) Image security (vulnerability scanning — Trivy, Clair; minimal base images; no secrets in layers), (2) Registry security (access control, image signing — Notary/Cosign, scanning on push), (3) Runtime security (Seccomp, AppArmor, no privileged containers, read-only root filesystems), (4) Orchestration security (Kubernetes RBAC, PodSecurityPolicies, network policies, secrets management), (5) Network (service mesh — mutual TLS between services). Threat: container escape (host takeover). Tools: Falco (runtime threat detection), OPA/Gatekeeper (policy enforcement)."
"(ISC)2 CCSP","CCSP","700","150","125","25","180","Cloud Platform and Infrastructure Security","What is a 'virtual private cloud' (VPC) and how does it provide network isolation?","A logically isolated virtual network within a cloud provider's infrastructure where customers define IP ranges subnets routing tables and network gateways creating a private network environment with controlled external access","A cloud service that provides virtual private network capabilities to remote users accessing cloud resources","A dedicated physical network exclusively allocated to a single cloud customer for maximum isolation","A VPN tunnel that connects on-premises networks to cloud infrastructure for hybrid deployments","A","VPC (AWS), VNet (Azure), VPC (GCP): software-defined isolated network. Components: CIDR block (customer defines IP range), subnets (subdivide VPC across availability zones), route tables (control traffic routing), internet gateways (controlled external access), NAT gateways (outbound-only internet for private subnets), security groups, NACLs. Isolation: no traffic between VPCs unless explicitly peered. Customer controls: IP address space, route tables, network gateways, security settings. Foundation of cloud network architecture — essential CCSP topic."
"(ISC)2 CCSP","CCSP","700","150","125","25","180","Cloud Platform and Infrastructure Security","What is 'cloud identity and access management' (IAM) and what are the key principles?","A network access control system that authenticates users before allowing network connections","A framework for managing digital identities and controlling access to cloud resources based on principles including least privilege separation of duties just-in-time access and identity federation","An audit framework that tracks all identity-related changes in cloud environments for compliance","A cloud provider service that creates and manages employee identities for HR purposes","B","Cloud IAM principles: (1) Least privilege (only permissions required for the task), (2) Separation of duties (no single person controls entire process — e.g., cannot both approve and execute), (3) Just-in-time access (temporary elevation vs. standing privileges), (4) Role-based access control (permissions via roles, not individual users), (5) Identity federation (use existing enterprise identities, SAML/OIDC), (6) MFA (especially for privileged accounts), (7) Service accounts with rotating credentials. AWS IAM, Azure Active Directory, Google Cloud IAM. CCSP: IAM is the most critical cloud security control."
"(ISC)2 CCSP","CCSP","700","150","125","25","180","Cloud Platform and Infrastructure Security","What is 'infrastructure hardening' in cloud environments?","Performing regular penetration testing to identify and remediate vulnerabilities in cloud infrastructure","Installing additional firewalls and security appliances to strengthen cloud perimeter defenses","Encrypting all data stored in cloud infrastructure as a baseline security measure","Reducing the attack surface of cloud infrastructure by eliminating unnecessary services applying security configurations enabling security logging and following benchmarks like CIS Cloud Security Benchmarks","D","Cloud infrastructure hardening: (1) Remove unnecessary services (disable ports, protocols, services), (2) Secure configurations (CIS Benchmarks for AWS/Azure/GCP), (3) Patch management (keep OS and software current), (4) Logging (enable all security-relevant logs — CloudTrail, Azure Activity Logs), (5) Encryption (enforce encryption at rest and transit), (6) Network restrictions (security groups, NACLs, block internet access to management interfaces), (7) IMDSv2 (prevent SSRF metadata attacks on EC2). Tools: AWS Security Hub, Azure Policy, GCP Security Command Center check compliance."
"(ISC)2 CCSP","CCSP","700","150","125","25","180","Cloud Platform and Infrastructure Security","What is 'distributed denial of service' (DDoS) protection in cloud environments?","Cloud-native and third-party services that absorb and mitigate volumetric protocol and application layer attacks using global infrastructure traffic scrubbing and rate limiting before malicious traffic reaches applications","Distributing cloud workloads across multiple regions to ensure availability during attack attempts","A cloud provider's guarantee to maintain service availability during any network attack","Encrypting network traffic to prevent attackers from generating effective denial of service attacks","A","Cloud DDoS protection: (1) Provider-native (AWS Shield Standard/Advanced, Azure DDoS Protection, Google Cloud Armor), (2) CDN-based (Cloudflare, Akamai — absorb attacks at edge), (3) Scrubbing centers (traffic routed to cleanse malicious traffic). Attack types: Volumetric (bandwidth exhaustion — Gbps/Tbps), Protocol (SYN floods, TCP state exhaustion), Application layer (HTTP floods — Slowloris). Cloud advantage: massive scale, distributed mitigation. Advanced protection: traffic analysis, rate limiting, geo-blocking, CAPTCHA, bot detection. Cost: volumetric attacks create cloud cost events."
"(ISC)2 CCSP","CCSP","700","150","125","25","180","Cloud Platform and Infrastructure Security","What is 'availability zone' redundancy and how does it support business continuity?","Separate cloud regions in different geographic areas providing global distribution for performance","Time zones where cloud services are available with regional maintenance windows minimizing impact","Zones of availability that determine which users can access cloud services based on subscription tier","Deploying cloud workloads across multiple physically separate data centers within a region so that failure of one zone does not affect applications deployed with zone-aware redundancy","D","Availability Zones (AZs): distinct physical locations within a cloud region, separate power, cooling, networking. Design: AZs are close enough for synchronous replication (sub-millisecond latency) but separate enough that one failure doesn't affect others (typically separate buildings or campuses). Deployment: distribute instances/services across AZs. Impact: if one AZ fails, other AZs continue serving traffic. SLA: multi-AZ deployments typically get higher SLA guarantees. Examples: AWS AZs (us-east-1a, 1b, 1c), Azure Availability Zones, GCP Zones. Distinct from regions (separate geographic areas for DR)."
"(ISC)2 CCSP","CCSP","700","150","125","25","180","Cloud Platform and Infrastructure Security","What is 'cloud workload protection platform' (CWPP) and what does it protect?","A cloud provider native service that automatically patches and updates workload operating systems","A cloud security product that provides runtime protection for workloads including virtual machines containers and serverless functions through vulnerability management threat detection behavioral monitoring and incident response","A cloud cost management tool that protects organizations from unexpected workload billing charges","A compliance management platform that validates cloud workloads meet regulatory requirements","B","CWPP: protect workloads wherever they run. Coverage: VMs (vulnerability scanning, behavioral monitoring), containers (image scanning, runtime protection, drift detection), serverless (function security, dependency scanning). Capabilities: vulnerability management, anti-malware, network protection, behavioral monitoring (detect anomalies), micro-segmentation, threat hunting. Examples: CrowdStrike Falcon Cloud Security, Prisma Cloud (Palo Alto), Microsoft Defender for Cloud, Aqua Security. Cloud Security Posture Management (CSPM) complements CWPP — CSPM handles configuration, CWPP handles runtime."
"(ISC)2 CCSP","CCSP","700","150","125","25","180","Cloud Platform and Infrastructure Security","What is 'cloud security posture management' (CSPM) and what does it provide?","A framework for defining security requirements that cloud vendors must meet to win business","A category of tools that continuously assess cloud infrastructure configurations against security best practices and compliance requirements detecting misconfigurations before they are exploited","A methodology for conducting security assessments of cloud providers before contract signing","A cloud provider portal where security teams monitor real-time threats to their cloud environment","B","CSPM: automated detection of cloud misconfigurations (the #1 cause of cloud breaches per Gartner). Checks: public S3 buckets, unrestricted security groups (0.0.0.0/0), unencrypted databases, root account usage, MFA disabled on privileged accounts, exposed secrets in code. Compliance: map findings to frameworks (CIS, PCI, HIPAA, SOC 2). Remediation: automated (fix misconfiguration automatically) or guided (alert and provide fix instructions). Examples: AWS Security Hub, Azure Security Center/Defender for Cloud, GCP Security Command Center, Prisma Cloud, Wiz. Essential: cloud's programmable nature means misconfigurations happen constantly."
"(ISC)2 CCSP","CCSP","700","150","125","25","180","Cloud Platform and Infrastructure Security","What is 'zero trust network access' (ZTNA) and how does it differ from traditional VPN?","Zero trust uses stronger encryption than VPN making it suitable for cloud access while VPN uses older protocols","VPN is more secure than zero trust because it encrypts all network traffic regardless of destination","Zero trust eliminates the need for authentication by trusting cloud provider security controls entirely","Zero trust assumes no implicit trust based on network location granting access based on verified identity device health and context while VPN grants broad network access after a single authentication","D","Zero Trust principles: 'never trust, always verify.' No implicit trust from network location (inside = trusted is wrong). VPN: authenticate → get inside network → broad access to resources. ZTNA: authenticate → verify device health → get access to SPECIFIC application only → continuous verification. Benefits: (1) Reduced attack surface (no broad network access), (2) Granular access (per-application, per-request), (3) Works for remote users and cloud-hosted apps, (4) Lateral movement prevention. Implementation: identity provider, device compliance check, conditional access, microsegmentation. Google BeyondCorp is real-world example."
"(ISC)2 CCSP","CCSP","700","150","125","25","180","Cloud Platform and Infrastructure Security","What is 'cloud forensics' and what challenges are unique to cloud environments?","The use of cloud computing resources to accelerate traditional forensic investigations","A backup and recovery technique that preserves digital evidence in encrypted cloud storage","Cloud provider responsibility to preserve all data for law enforcement forensic requests","Digital forensics investigations in cloud environments facing challenges including multi-tenancy (shared evidence), geographic distribution of evidence, provider cooperation requirements, ephemeral resources, and log completeness","D","Cloud forensics challenges: (1) Multi-tenancy (evidence intermingled with other tenants — provider may not extract specifically), (2) Jurisdiction (evidence in multiple countries — different legal frameworks), (3) Ephemeral resources (auto-scaled instances deleted after use — evidence gone), (4) Provider cooperation (need CSP cooperation to access logs, snapshots), (5) Chain of custody (cloud provider controls evidence — authentication challenges), (6) Log completeness (provider logs may not capture everything needed), (7) Encryption (customer-encrypted data may be unreadable even with access). Pre-plan: ensure logging is comprehensive, establish provider cooperation procedures."
"(ISC)2 CCSP","CCSP","700","150","125","25","180","Cloud Platform and Infrastructure Security","What is 'software-defined networking' (SDN) and its security implications in cloud?","An approach that separates network control plane from data plane enabling programmable centralized network management with security implications including a high-value attack target controller and consistent policy enforcement across cloud networks","A software tool used by security teams to monitor and analyze cloud network traffic","Network hardware that is pre-programmed with security policies by cloud providers before deployment","A cloud networking model where customers define all network topology and security themselves","A","SDN: separate control plane (logically centralized SDN controller decides routing/policies) from data plane (switches/routers forward packets based on controller decisions). Cloud relevance: all cloud networking is effectively SDN (AWS VPC, Azure VNet). Security implications: (1) Controller = high-value target (compromise → control entire network), (2) Controller availability (DoS against controller affects entire network), (3) Policy consistency (programmable enforcement ensures policies applied everywhere), (4) Dynamic security (quickly add/remove rules, microsegmentation), (5) Network visibility (full traffic capture at software layer). Benefits outweigh risks with proper controller security."
"(ISC)2 CCSP","CCSP","700","150","125","25","180","Cloud Platform and Infrastructure Security","What is a 'cloud access control model' and what models are most relevant for cloud?","A network model defining which cloud regions and zones are accessible from specific locations","A physical access control system managing who can enter cloud provider data centers","Frameworks defining how access to cloud resources is granted with role-based access control (RBAC), attribute-based access control (ABAC), and discretionary access control (DAC) being most relevant","A billing model that grants access to advanced cloud features based on service tier","C","Cloud access control models: RBAC (Role-Based): access based on role assignment — most common in cloud IAM (AWS IAM roles, Azure RBAC). Scalable for large organizations. ABAC (Attribute-Based): access based on attributes of user, resource, environment — more flexible, policy-based (AWS IAM conditions, Azure attribute-based access control). DAC (Discretionary): resource owners control access — S3 bucket ACLs. MAC (Mandatory): system-enforced labels — less common in cloud. Cloud trend: ABAC gaining popularity for granular, context-aware access. CCSP: understand all models and their cloud applicability."
"(ISC)2 CCSP","CCSP","700","150","125","25","180","Cloud Platform and Infrastructure Security","What is 'bastion host' or 'jump server' and how is it used in cloud environments?","A high-performance server that accelerates access to private cloud resources through caching","A disaster recovery server that automatically activates when primary cloud systems become unavailable","A hardened server serving as the sole authorized access point into a private cloud network allowing secure remote administration of backend systems that have no direct internet exposure","A cloud security appliance that filters and monitors traffic between cloud workloads","C","Bastion host (jump server): single hardened entry point to private network. Use: SSH/RDP to bastion, then access private instances from bastion. Security controls: MFA required, comprehensive logging, minimal software installed, hardened OS, IP allowlisting (only authorized source IPs). Modern alternatives: AWS Systems Manager Session Manager (no bastion needed, access through IAM, all sessions logged), Azure Bastion (browser-based RDP/SSH, no public IP on target). Benefit: reduces attack surface (private instances never directly exposed to internet), all access logged through single point."
"(ISC)2 CCSP","CCSP","700","150","125","25","180","Cloud Platform and Infrastructure Security","What is 'cloud incident response' and how does it differ from on-premises IR?","Responding to security incidents in cloud environments differs from on-premises IR due to shared responsibility model automated evidence collection challenges provider API dependency for containment and potentially different tooling and procedures","A cloud provider service that automatically detects and responds to security incidents without customer involvement","A continuous monitoring service that cloud providers offer to detect threats in customer environments","The backup and restore procedures used to recover cloud systems after a disruption","A","Cloud IR differences from on-premises: (1) Shared responsibility (provider manages some infrastructure — coordinate response with CSP), (2) Evidence collection (API-based, no physical access — use cloud-native tools and snapshots), (3) Containment options (isolate via security groups, snapshot for evidence, terminate compromised instance), (4) Ephemeral evidence (auto-scaled instances may be terminated before evidence collected — pre-plan), (5) Multi-region evidence (ensure all regions are included in investigation), (6) Provider support (engage CSP's incident response support early), (7) IAM forensics (review permission changes, role assumptions). Runbooks must be cloud-specific."
"(ISC)2 CCSP","CCSP","700","150","125","25","180","Cloud Platform and Infrastructure Security","What is 'cloud native security' and what does it encompass?","Security designed specifically for cloud-native architectures including DevSecOps practices infrastructure as code security container and Kubernetes security API security and immutable infrastructure principles","A certification that cloud providers earn by meeting cloud-specific security requirements","Security controls that only apply to applications built specifically for cloud environments","Security features built directly into cloud provider services requiring no customer configuration","A","Cloud-native security: security integrated with cloud-native development practices. Components: (1) DevSecOps (security in CI/CD pipeline — SAST, DAST, SCA, container scanning), (2) IaC security (scan Terraform/CloudFormation for misconfigurations), (3) Immutable infrastructure (don't patch running instances — replace with new hardened images), (4) Zero trust (no implicit trust within cloud), (5) Service mesh (mutual TLS between microservices), (6) Policy as code (OPA — Open Policy Agent — enforce security policies programmatically), (7) Chaos engineering (proactively test security controls). Shift-left security."
"(ISC)2 CCSP","CCSP","700","150","125","25","180","Cloud Application Security","What is 'DevSecOps' and how does it differ from traditional security approaches?","A cloud deployment model where development operations and security teams share cloud resources","A regulatory framework that mandates security review at specific milestones in software development","DevSecOps integrates security practices throughout the software development lifecycle treating security as shared responsibility with security controls automated in CI/CD pipelines rather than performed as a gate at the end","A security team methodology that uses DevOps tools to accelerate security audits and pen testing","C","DevSecOps evolution from DevOps: security integrated, not bolted on. Key practices: SAST (static analysis in IDE and CI pipeline), SCA (software composition analysis — open source vulnerability scanning), DAST (dynamic testing against running application), container image scanning (in registry), secrets detection (pre-commit hooks), IaC security scanning, security as code (automated policy checks). Culture: security is everyone's responsibility, not a separate team. Benefits: find vulnerabilities earlier (cheaper to fix), faster delivery (fewer late-stage security holds). Tools: Snyk, Checkmarx, OWASP ZAP, SonarQube."
"(ISC)2 CCSP","CCSP","700","150","125","25","180","Cloud Application Security","What is the OWASP Top 10 and why is it relevant to cloud application security?","A regularly updated list of the most critical web application security risks that provides a framework for prioritizing security controls in cloud-hosted applications","A compliance standard specifically for web applications hosted in cloud environments","A list of the 10 most common cloud infrastructure vulnerabilities requiring immediate patching","A list of the top 10 cloud providers ranked by security capabilities and compliance certifications","A","OWASP Top 10 (2021): A01 Broken Access Control, A02 Cryptographic Failures, A03 Injection, A04 Insecure Design, A05 Security Misconfiguration, A06 Vulnerable and Outdated Components, A07 Identification and Authentication Failures, A08 Software and Data Integrity Failures (new: insecure deserialization, supply chain), A09 Security Logging and Monitoring Failures, A10 Server-Side Request Forgery. Cloud relevance: same vulnerabilities in cloud-hosted applications, plus cloud-specific concerns (SSRF metadata endpoint access, misconfigured cloud storage APIs, serverless injection)."
"(ISC)2 CCSP","CCSP","700","150","125","25","180","Cloud Application Security","What is 'secure software development lifecycle' (SSDLC) in cloud context?","A regulatory requirement mandating security documentation at each software development milestone","A separate security review process conducted after software development completes before deployment","A methodology integrating security activities into each phase of software development from requirements through deployment including threat modeling security requirements testing and security-focused code review","A cloud provider certification program validating that customer applications meet security standards","C","SSDLC phases with security activities: Requirements (security requirements, compliance mapping), Design (threat modeling — STRIDE, data flow diagrams, trust boundaries), Implementation (secure coding standards, SAST, peer review), Testing (DAST, SAST, SCA, penetration testing), Deployment (infrastructure hardening, security configuration review, IaC scanning), Maintenance (vulnerability management, security monitoring, incident response). Cloud-specific additions: cloud configuration review, IAM review, secrets management validation. Shift-left: find issues early when cheapest to fix."
"(ISC)2 CCSP","CCSP","700","150","125","25","180","Cloud Application Security","What is 'threat modeling' and what methodology is commonly used for cloud applications?","A regulatory compliance methodology that maps application features to specific regulatory requirements","A structured analysis of an application's security posture by identifying assets threats vulnerabilities and countermeasures with STRIDE being the most common methodology used to categorize threat types","A penetration testing approach that simulates specific attacker profiles against cloud applications","A financial risk assessment methodology that models the monetary impact of potential security threats","B","Threat modeling process: (1) Identify assets (what are we protecting?), (2) Create architecture overview (diagrams, data flows), (3) Identify threats (STRIDE: Spoofing, Tampering, Repudiation, Information Disclosure, Denial of Service, Elevation of Privilege), (4) Document threats, (5) Rate threats (DREAD: Damage, Reproducibility, Exploitability, Affected users, Discoverability — or CVSS), (6) Plan mitigations. Cloud-specific threats: SSRF to metadata service, over-privileged IAM roles, insecure API gateways, serverless function injection. CCSP: threat modeling is a design-phase activity."
"(ISC)2 CCSP","CCSP","700","150","125","25","180","Cloud Application Security","What is 'application security testing' in the CI/CD pipeline?","Manual security review performed by dedicated security teams after each sprint completion","A compliance audit of application security controls performed before major releases","A periodic external penetration test of cloud applications scheduled quarterly or annually","Security testing integrated into automated build and deployment pipelines including SAST static code analysis DAST dynamic testing and SCA open source dependency scanning that runs automatically on every code change","D","CI/CD security testing integration: Pre-commit: secrets detection (git-secrets, truffleHog), linting. Build phase: SAST (Checkmarx, Veracode, SonarQube — scan source code for vulnerabilities), SCA (Snyk, OWASP Dependency Check — find vulnerable open source libraries). Post-build: container image scanning (Trivy, Clair). Test environment: DAST (OWASP ZAP, Burp Suite — test running application), API security testing. Pre-deploy: IaC scanning (Checkov, tfsec), configuration review. Deploy: runtime protection. Gates: fail pipeline if critical vulnerabilities found. Automation enables speed without sacrificing security."
"(ISC)2 CCSP","CCSP","700","150","125","25","180","Cloud Application Security","What is 'API security' and what are the OWASP API Security Top 10 categories?","Network security controls protecting API endpoints from unauthorized network-level access","A cloud provider service that automatically scans APIs for security vulnerabilities","Encryption standards mandated for all APIs deployed in cloud environments","Security for application programming interfaces covering vulnerabilities like broken object level authorization improper authentication insufficient logging and other API-specific risks that differ from traditional web app vulnerabilities","D","OWASP API Security Top 10 (2023): API1 Broken Object Level Authorization (BOLA/IDOR), API2 Broken Authentication, API3 Broken Object Property Level Authorization, API4 Unrestricted Resource Consumption (rate limiting), API5 Broken Function Level Authorization (horizontal privilege escalation), API6 Unrestricted Access to Sensitive Business Flows, API7 Server-Side Request Forgery, API8 Security Misconfiguration, API9 Improper Inventory Management (shadow APIs), API10 Unsafe Consumption of APIs. Cloud relevance: microservices = many APIs, API gateways as control point, managed API services."
"(ISC)2 CCSP","CCSP","700","150","125","25","180","Cloud Application Security","What is 'OAuth 2.0' and how does it relate to cloud application security?","A cloud provider standard for encrypting all API communications between services","An access control model that defines permission levels for different types of cloud resources","An authentication protocol that replaces username and password with digital certificates for cloud access","An authorization framework that allows applications to obtain limited access to user accounts on cloud services using tokens without sharing passwords enabling secure third-party application integration","D","OAuth 2.0: authorization (not authentication). Flows: Authorization Code (web apps — most secure), Client Credentials (service-to-service), Implicit (deprecated — tokens in URL), Device Code (devices without browser). Key concepts: scopes (limit what access is granted), tokens (access token, refresh token), authorization server, resource server. Security concerns: token theft (store securely, short-lived), PKCE (prevent code interception for native apps), state parameter (prevent CSRF), open redirects, token scope creep. OpenID Connect (OIDC) adds authentication layer on top of OAuth 2.0. Cloud: AWS, Azure, GCP all use OAuth 2.0/OIDC."
"(ISC)2 CCSP","CCSP","700","150","125","25","180","Cloud Application Security","What is 'software composition analysis' (SCA) and why is it critical for cloud applications?","A compliance tool that inventories all software installed on cloud virtual machines","Automated analysis of open source and third-party components used in an application to identify known vulnerabilities licensing issues and outdated dependencies that represent supply chain risk","A code review methodology where multiple developers analyze each other's security-critical code","A cloud deployment analysis that assesses which software components run in each cloud service","B","SCA: 70-90% of modern applications are open source components. SCA tools: Snyk, Black Duck, OWASP Dependency-Check, WhiteSource. Identifies: known CVEs in dependencies, outdated components, transitive dependencies (dependencies of dependencies), license compliance issues. Supply chain attacks (Log4Shell, SolarWinds): exploit trusted open source or vendor software. SBOM (Software Bill of Materials): inventory all components for transparency. Executive Order 14028 (US): requires SBOM for federal software. Cloud CI/CD: integrate SCA into build pipeline, fail builds on critical vulnerabilities."
"(ISC)2 CCSP","CCSP","700","150","125","25","180","Cloud Application Security","What is 'input validation' and why is it the most important application security control?","Ensuring all data entering an application is checked for type format length and content before processing which prevents the most common class of vulnerabilities including SQL injection XSS and command injection","Validating that cloud API inputs conform to the API schema for performance optimization","Checking that application inputs meet business logic requirements before database storage","Verifying that users are authorized to input data into specific application fields","A","Input validation: prevent injection attacks by ensuring inputs are what they should be. Types: (1) Allowlist validation (only accept known-good values — most secure), (2) Reject-list validation (block known-bad — less secure, can be bypassed), (3) Sanitization/encoding (transform input to make it safe). Attacks prevented: SQL injection (parameterized queries + input validation), XSS (output encoding + CSP), command injection, path traversal, XML injection, LDAP injection. Defense in depth: validate at client (UX), server-side (security), and database layer. Output encoding (not input validation) prevents XSS at rendering layer."
"(ISC)2 CCSP","CCSP","700","150","125","25","180","Cloud Application Security","What is 'federated identity' in cloud environments?","An arrangement where identity information is shared across multiple systems or organizations allowing users to authenticate once with their home organization's identity provider and access resources at multiple service providers without re-authenticating","A security model where cloud services authenticate to each other using shared API keys","An identity system where cloud resources are federated across multiple cloud provider accounts","A cloud IAM model where multiple administrators share a single administrative account","A","Federated identity: trust identity assertions from external identity providers. Standards: SAML 2.0 (XML-based, enterprise SSO), OpenID Connect (JSON/REST-based, consumer apps), WS-Federation. Patterns: IdP-initiated SSO (IdP sends user to SP), SP-initiated SSO (SP redirects user to IdP). Cloud applications: enterprise employees use corporate SAML IdP (Active Directory Federation Services, Okta) to access cloud SaaS apps. Benefits: single sign-on, centralized identity management, consistent policy enforcement. Security considerations: IdP security (compromise = all federated services compromised), SAML vulnerabilities (XXE, XML signature wrapping)."
"(ISC)2 CCSP","CCSP","700","150","125","25","180","Cloud Application Security","What is 'secrets management' in cloud applications and what problems does it solve?","The management of shared passwords used by development teams to access cloud services","A PKI service that manages digital certificates for cloud application TLS encryption","Encryption of all data stored in cloud application databases to protect sensitive information","Centralized secure storage and access control for credentials API keys certificates and other sensitive configuration data eliminating hardcoded secrets in code repositories environment variables and configuration files","D","Secrets management problem: credentials in code (committed to git = exposed), environment variables (visible in process list, logging), configuration files (often not encrypted). Solutions: HashiCorp Vault (centralized secrets management, dynamic secrets, lease/renewal), AWS Secrets Manager (rotate secrets automatically), Azure Key Vault, GCP Secret Manager. Features: access control (IAM), audit logging (who accessed what secret when), automatic rotation (RDS passwords rotated without application changes), dynamic secrets (generate per-use credentials with TTL). Anti-pattern: never commit secrets to git (even 'private' repos). Pre-commit hooks detect secrets."
"(ISC)2 CCSP","CCSP","700","150","125","25","180","Cloud Application Security","What is 'runtime application self-protection' (RASP) and how does it differ from WAF?","RASP is embedded within the application runtime and can terminate transactions in real time when attacks are detected while WAF sits in front of the application and inspects HTTP traffic based on patterns","Both RASP and WAF are identical technologies deployed at different network layers","RASP is more expensive than WAF making it suitable only for high-value cloud applications","WAF protects web applications while RASP protects only APIs and microservices specifically","A","WAF: network-based, sits in front of application, inspects HTTP request/response. Can be bypassed by obfuscation, false negatives, encrypted payloads. RASP: embedded in application runtime (Java agent, .NET middleware). Advantages: (1) Application context (knows application state, can distinguish legitimate vs. malicious requests in context), (2) Cannot be bypassed from outside (protection inside application), (3) Lower false positives (sees actual application behavior not just HTTP), (4) Can terminate individual transaction not block all traffic. Disadvantages: performance overhead, language-specific, application modification. Both complement each other."
"(ISC)2 CCSP","CCSP","700","150","125","25","180","Cloud Application Security","What is 'web application firewall' (WAF) and what types of attacks does it protect against?","A compliance tool that validates web application code against security standards before deployment","A firewall that specifically protects cloud web hosting providers from attacks against their infrastructure","A security appliance or cloud service that filters monitors and blocks HTTP traffic based on rules and policies protecting web applications from SQL injection XSS CSRF and other OWASP Top 10 vulnerabilities","A network firewall configured with rules specific to web application protocols","C","WAF protects against: SQL injection (inspects query parameters, POST bodies), XSS (detect script tags, encoded attacks), CSRF (validate origin, referrer), OWASP Top 10 attacks, bot attacks, DDoS (rate limiting, bot detection), API attacks, file inclusion. Deployment modes: inline (proxy), out-of-band (passive monitoring). Cloud WAFs: AWS WAF, Azure WAF (on Application Gateway or Front Door), GCP Cloud Armor. Managed rule sets: AWS Managed Rules, OWASP rule sets. Limitations: encrypted traffic bypass (need SSL inspection), zero-day bypasses, false positives blocking legitimate traffic. Complement with RASP for defense in depth."
"(ISC)2 CCSP","CCSP","700","150","125","25","180","Cloud Application Security","What is 'security testing' versus 'penetration testing' for cloud applications?","Cloud applications require penetration testing but not security testing due to shared responsibility model","Security testing is performed by developers while penetration testing is performed exclusively by vendors","Security testing encompasses all testing activities (SAST, DAST, SCA) throughout the SDLC while penetration testing is a specific adversarial simulation performed by skilled testers attempting to compromise a system to find real-world exploitable vulnerabilities","Penetration testing is more comprehensive than security testing and replaces the need for automated testing","C","Security testing types in SDLC: SAST (static — source code analysis), DAST (dynamic — running application), SCA (open source components), IaC scanning (configuration). These are often automated in CI/CD. Penetration testing: skilled human testers simulate real attackers. Phases: reconnaissance, scanning, exploitation, post-exploitation, reporting. Cloud pen test specifics: cloud providers require notification (AWS Penetration Testing policy), some services have restrictions (no DDoS testing against provider). Bug bounty programs: continuous community testing. Both required — automated finds common issues, pen testing finds complex chained vulnerabilities."
"(ISC)2 CCSP","CCSP","700","150","125","25","180","Cloud Application Security","What is 'secure coding practice' most relevant to cloud application development?","Ensuring all application code passes static analysis before developer review","Following cloud provider style guides when writing infrastructure automation code","Writing application code that follows security principles including input validation proper authentication parameterized queries encryption output encoding error handling and least privilege for cloud service permissions","Using only cloud provider-approved programming languages for building cloud applications","C","Secure coding for cloud: (1) Input validation (all user input validated server-side), (2) Output encoding (prevent XSS), (3) Parameterized queries/ORMs (prevent SQL injection), (4) Proper error handling (no stack traces to users, log internally), (5) Authentication (strong, MFA-capable), (6) Authorization (check on every request), (7) Cryptography (use libraries not custom, correct algorithms), (8) Secrets management (use secrets manager not hardcode), (9) Least privilege IAM (minimal cloud service permissions for application), (10) Dependency management (keep dependencies updated). OWASP Cheat Sheet Series: cloud-specific guidance."
"(ISC)2 CCSP","CCSP","700","150","125","25","180","Cloud Application Security","What is 'continuous security monitoring' for cloud applications?","Scheduling regular security scans of cloud applications on a monthly or quarterly basis","A cloud provider service that continuously scans customer applications for vulnerabilities","Ongoing automated detection of security issues in running cloud applications using SIEM threat detection anomaly detection log analysis and alerting to identify attacks misuse and policy violations in real time","Manual review of security logs by security analysts on a daily basis","C","Continuous security monitoring: (1) SIEM (aggregate logs, correlate events, detect patterns), (2) Cloud-native detection (AWS GuardDuty, Azure Defender, GCP Security Command Center — ML-based threat detection), (3) Application logging (log security events, access, errors), (4) Anomaly detection (unusual API usage, access patterns), (5) File integrity monitoring (detect unauthorized changes), (6) Vulnerability scanning (continuous scanning of running applications), (7) Alerting and response. Key logs: authentication events, API calls (CloudTrail), application errors, data access. Metrics: MTTD (mean time to detect), MTTR (mean time to respond)."
"(ISC)2 CCSP","CCSP","700","150","125","25","180","Cloud Security Operations","What is a 'security information and event management' (SIEM) system in cloud context?","A platform that aggregates and correlates security events from cloud services networks applications and endpoints providing centralized visibility threat detection and compliance reporting","A backup system that stores security logs in encrypted cloud storage for regulatory compliance","A cloud provider service that automatically remediates security incidents without analyst involvement","A ticketing system used by security operations teams to track and manage security incidents","A","Cloud SIEM: aggregate logs from cloud-native sources (CloudTrail, Azure Activity Logs, VPC Flow Logs, application logs), on-premises sources, security tools. Functions: correlation rules (detect patterns across sources), threat intelligence integration (enrich events with IOC data), automated response (SOAR integration), compliance reporting, forensic investigation. Cloud-native SIEM: Microsoft Sentinel, Sumo Logic, Splunk Cloud, AWS Security Lake. Challenges: volume (cloud generates massive log volumes), cost (per-GB ingestion pricing), multi-cloud visibility, log normalization. Critical for detecting: IAM anomalies, unusual API calls, data exfiltration patterns."
"(ISC)2 CCSP","CCSP","700","150","125","25","180","Cloud Security Operations","What is 'vulnerability management' in cloud environments and how is it different?","A compliance requirement to document all known vulnerabilities in cloud-hosted applications","Continuously identifying prioritizing and remediating vulnerabilities in cloud infrastructure and applications with cloud-specific challenges including ephemeral resources rapid change rates and shared responsibility for patching","A process exclusively managed by cloud providers to patch their infrastructure on behalf of customers","A quarterly security assessment process that identifies vulnerabilities in cloud configurations","B","Cloud vulnerability management differences: (1) Ephemeral infrastructure (traditional agents on VMs may not work for short-lived instances — use agent-based AND agentless scanning), (2) Immutable infrastructure (patch by replacing instances not modifying them), (3) Rapid change (IaC deployments change configurations constantly — scan continuously), (4) Shared responsibility (provider patches hypervisor, OS if managed service; customer patches guest OS for IaaS), (5) Serverless (no OS to patch — maintain function dependencies), (6) Container images (scan images in registry, enforce image policies). Tools: AWS Inspector, Qualys Cloud Agent, Tenable.io, Wiz."
"(ISC)2 CCSP","CCSP","700","150","125","25","180","Cloud Security Operations","What is 'patch management' in cloud environments?","A manual process where system administrators log into each cloud instance and apply updates","The process managed entirely by cloud providers to update their underlying infrastructure","A compliance activity documenting which patches have been applied to cloud systems","The process of identifying testing and applying security updates to cloud operating systems applications and services with cloud-specific approaches including golden image updates automated patching services and immutable infrastructure patterns","D","Cloud patch management approaches: (1) Traditional (agent-based patch management tools — AWS Systems Manager Patch Manager, works for persistent VMs), (2) Immutable infrastructure (update AMI/image, replace running instances — blue/green deployment), (3) Managed services (AWS RDS, Azure SQL — provider patches database engine, customer patches application layer), (4) Containers (update base image, rebuild, redeploy — scheduled or triggered by vulnerability discovery), (5) Serverless (update runtime version, rebuild function packages). SLA: critical patches within 24-48 hours, high within 7 days. Automation is key for cloud scale."
"(ISC)2 CCSP","CCSP","700","150","125","25","180","Cloud Security Operations","What is 'business continuity' versus 'disaster recovery' in cloud?","Business continuity (BC) maintains critical operations during any disruption while disaster recovery (DR) specifically addresses restoring IT systems after a disaster with BC being broader organizational and DR being IT-focused","Disaster recovery is a subset of business continuity focused on data recovery while BC covers physical recovery","Both terms are synonymous in cloud computing with providers using them interchangeably in SLAs","Business continuity applies to natural disasters while disaster recovery applies to cyber attacks","A","BC vs DR distinction: Business Continuity (BC): broader — how does the organization continue operating during ANY disruption (pandemic, key personnel unavailability, facility unavailability). Includes people, processes, facilities, technology. DR: IT-specific subset — how do technology systems recover after a disaster. Cloud DR strategies (from lower to higher cost/RPO-RTO): Backup and Restore, Pilot Light (minimal infrastructure running, scale up when needed), Warm Standby (scaled-down production running), Multi-site Active/Active (full production in multiple regions). Cloud enables faster DR at lower cost than traditional."
"(ISC)2 CCSP","CCSP","700","150","125","25","180","Cloud Security Operations","What is 'Recovery Time Objective' (RTO) and 'Recovery Point Objective' (RPO)?","RTO measures data throughput during recovery and RPO measures the accuracy of recovered data","Both metrics measure the time required to restore systems from backup after a cloud outage","RPO defines how quickly systems must be recovered and RTO defines how much data loss is acceptable","RTO is the maximum acceptable time to restore a service after disruption while RPO is the maximum acceptable data loss measured in time both are defined in business continuity plans","D","RTO: maximum time IT system can be down before unacceptable business impact. Example: RTO = 4 hours (system must be operational within 4 hours of disaster). RPO: maximum data loss acceptable. Example: RPO = 1 hour (can lose at most 1 hour of data — backups every hour). Trade-off: lower RTO/RPO = more expensive (replication, hot standby). Cloud enables lower RTO/RPO than on-premises: automated failover, geographic redundancy, snapshots/continuous backup. MTTR (Mean Time to Recover): actual measured recovery time. Goal: MTTR < RTO."
"(ISC)2 CCSP","CCSP","700","150","125","25","180","Cloud Security Operations","What is 'cloud security monitoring' and what sources should be monitored?","Performance monitoring of cloud services to ensure they meet service level agreements","Monitoring of cloud provider infrastructure by the provider's security team on behalf of customers","Comprehensive monitoring of cloud environments including control plane events API calls network traffic data access identity events and application logs to detect threats misuse and policy violations","A compliance activity that documents which cloud resources are being monitored for audit purposes","C","Cloud security monitoring sources: (1) Control plane (AWS CloudTrail, Azure Activity Log, GCP Admin Activity — API calls, IAM changes, resource provisioning), (2) Network (VPC Flow Logs, WAF logs, DNS query logs), (3) Identity (authentication events, MFA failures, IAM policy changes), (4) Data access (S3 access logs, database query logs), (5) Application (application security events, error logs), (6) Infrastructure (OS logs, container logs), (7) Cloud service-specific (GuardDuty findings, Security Hub, Defender alerts). Key detections: unauthorized API calls, credential misuse, unusual data access, security group modifications."
"(ISC)2 CCSP","CCSP","700","150","125","25","180","Cloud Security Operations","What is the 'shared responsibility model' implication for cloud security operations?","Security operations responsibilities are negotiated individually with each cloud provider through custom contracts","Cloud providers handle all security operations allowing customer teams to focus only on business applications","Cloud security operations must address the customer's portion of responsibility which varies by service model requiring clear understanding of what the provider secures versus what the customer must operate and monitor","Cloud security operations teams are fully responsible for all security because providers have no security obligations","C","Shared responsibility operational implications: IaaS customer responsibility: OS patching, application security, identity management, data protection, security monitoring of workloads. Provider responsibility: physical security, hypervisor, network infrastructure. PaaS customer: application security, data protection, IAM. Provider: OS, runtime, middleware. SaaS customer: data classification, access management, endpoint security. Provider: application security, infrastructure. Security operations teams must: know which layer they're responsible for, implement controls for their layer, not assume provider handles everything, verify provider controls (audit reports, SOC 2)."
"(ISC)2 CCSP","CCSP","700","150","125","25","180","Cloud Security Operations","What is 'change management' in cloud security operations?","A formal process for managing modifications to cloud infrastructure applications and security controls including authorization testing documentation and validation to prevent unauthorized changes and security degradation","A cloud provider update process that automatically applies infrastructure changes without customer notification","The process of migrating applications from on-premises to cloud environments","A compliance process documenting all historical changes to cloud environments for audit purposes","A","Cloud change management: formal process prevents: unauthorized changes (security misconfiguration), untested changes (new vulnerabilities), undocumented changes (compliance gaps). Components: (1) Change request (document proposed change, justification, risk), (2) Review and approval (security review — does change introduce risk?), (3) Testing (test in non-production first), (4) Implementation (controlled deployment, rollback plan), (5) Validation (verify change worked correctly, didn't break security controls), (6) Documentation (record what changed). Cloud-specific: IaC changes through version control and PR review, pipeline security gates, drift detection (actual state vs. desired state)."
"(ISC)2 CCSP","CCSP","700","150","125","25","180","Cloud Security Operations","What is 'service level agreement' (SLA) for cloud security and what should it include?","A performance metric measuring how quickly cloud security controls respond to alerts","A budget allocation document specifying how much to spend on cloud security tools","A contractual agreement between cloud provider and customer defining security commitments including availability guarantees incident response timelines security assessment rights notification requirements and audit access","An internal policy defining how security team responds to incidents within the organization","C","Cloud security SLA components: (1) Availability (uptime percentage — 99.9% to 99.999%), (2) Security incident notification (provider notifies customer of incidents affecting their data — typically 'without undue delay' or within 24-72 hours), (3) Breach notification (per applicable regulations), (4) Audit rights (right to audit or use third-party attestation), (5) Data deletion (how quickly data deleted upon request, confirmation of deletion), (6) Penetration testing permissions (what testing is allowed), (7) Recovery objectives (what recovery capabilities provider guarantees), (8) Compliance certifications (SOC 2, ISO 27001, PCI DSS — maintained throughout contract). Negotiate these before signing."
"(ISC)2 CCSP","CCSP","700","150","125","25","180","Cloud Security Operations","What is 'configuration management database' (CMDB) in cloud environments?","A database used to store cloud security configuration files and policy documents","A repository maintaining information about cloud assets their configurations relationships and dependencies used to support security operations change management and incident response","A cloud service that automatically discovers and inventories all customer cloud resources","A change tracking system that records modifications to cloud security configurations","B","CMDB in cloud: inventory all assets (instances, databases, storage, networks), configurations, dependencies, relationships. Cloud challenges: dynamic (auto-scaling creates/deletes resources constantly), distributed (multi-cloud, multi-region), programmatic (IaC creates resources through code). Solutions: cloud-native discovery (AWS Config, Azure Resource Graph, GCP Asset Inventory — track all resources and configuration changes), third-party CMDB integration (ServiceNow, BMC), tagging strategy (tag all resources with owner, classification, environment). Security value: understand attack surface, identify misconfigured resources, support forensic investigation."
"(ISC)2 CCSP","CCSP","700","150","125","25","180","Cloud Security Operations","What is 'cloud cost management' and its relationship to security?","A provider billing process that discounts cloud services in exchange for security data sharing","Monitoring and optimizing cloud spending which intersects with security through detecting anomalous cost increases from cryptomining or unauthorized resource provisioning and through understanding that security controls have cost implications","The practice of using cheaper cloud regions with lower compliance requirements to reduce costs","A financial process for reducing cloud infrastructure costs through security automation","B","Cloud cost-security intersection: (1) Cryptomining attacks (hijacked cloud accounts provision GPU instances — sudden cost spike is often the first indicator of compromise), (2) Unauthorized resource provisioning (attacker provisions expensive resources for their purposes), (3) Egress costs (data exfiltration generates egress charges — anomalous egress costs indicate potential breach), (4) Cost of security controls (encryption overhead, logging storage, security tool costs), (5) Budget alerts as security controls (AWS Budgets, Azure Cost Alerts detect anomalies). Include finance team in cloud security program — they see billing anomalies that security teams miss."
"(ISC)2 CCSP","CCSP","700","150","125","25","180","Cloud Security Operations","What is 'penetration testing' coordination with cloud providers?","Cloud providers conduct penetration testing on behalf of all customers as part of their security service","Customers can perform unlimited penetration testing without any coordination with cloud providers","Penetration testing is prohibited in all cloud environments due to shared infrastructure concerns","Cloud providers require customers to comply with their penetration testing policies which typically require prior notification for specific services and prohibit testing certain infrastructure components that are shared with other customers","D","Cloud pen test coordination: each provider has policies. AWS: no prior approval needed for EC2, RDS, CloudFront, API Gateway, Lambda, and others. Prohibited: DoS/DDoS, DNS zone walking, port flooding, protocol flooding, request flooding. Azure: prior authorization form required (Portal Penetration Testing form). GCP: no approval needed, but must follow acceptable use policy. Key principle: you own your resources = you can test them. Cannot test shared infrastructure (hypervisor, network infrastructure) = shared with other tenants. Coordinate: engage provider's security team, be aware of scope limits, have test plan documented."
"(ISC)2 CCSP","CCSP","700","150","125","25","180","Cloud Security Operations","What is 'security orchestration automation and response' (SOAR) for cloud?","A cloud provider service that automatically patches security vulnerabilities upon detection","A compliance automation tool that generates security reports for cloud regulatory requirements","Platforms that automate security incident response workflows by integrating with cloud services to automatically investigate contain and remediate security incidents reducing response time and analyst workload","An artificial intelligence system that replaces human security analysts in cloud SOC operations","C","SOAR: automate repetitive security tasks. Cloud SOAR use cases: (1) Alert triage (auto-enrich alerts with threat intelligence, context), (2) Phishing response (extract IOCs, block IPs in WAF/security groups, disable compromised credentials), (3) Compromised instance response (isolate instance by removing from security groups, snapshot for forensics, notify owner), (4) IAM anomaly response (disable suspicious credentials, notify account owner), (5) Cloud misconfiguration remediation (detect public S3 bucket, automatically make private). Tools: Splunk SOAR, Palo Alto XSOAR, AWS Step Functions for custom playbooks, Microsoft Sentinel automation rules."
"(ISC)2 CCSP","CCSP","700","150","125","25","180","Legal, Risk, and Compliance","What is GDPR and what are its key requirements for cloud computing?","The General Data Protection Regulation is EU law requiring lawful basis for processing personal data data subject rights security appropriate to risk breach notification within 72 hours and restrictions on cross-border data transfers","A cloud provider certification that demonstrates compliance with European privacy standards","A global encryption standard that cloud providers must implement to protect personal data","A US federal regulation governing how cloud providers handle customer financial data","A","GDPR (effective May 25, 2018): applies to processing EU residents' personal data regardless of where processor is located. Key requirements: (1) Lawful basis (consent, legitimate interest, contract, legal obligation, vital interest, public task), (2) Data subject rights (access, rectification, erasure, portability, restriction, objection), (3) Privacy by design (data protection built in), (4) DPO (Data Protection Officer required for large-scale processing), (5) DPIA for high-risk processing, (6) 72-hour breach notification to supervisory authority, (7) Standard Contractual Clauses for data transfers outside EU. Cloud implications: data residency, processor agreements, subprocessor management."
"(ISC)2 CCSP","CCSP","700","150","125","25","180","Legal, Risk, and Compliance","What is 'data residency' and how do regulatory requirements drive it?","The retention period requirements for different types of data under various regulations","Data residency refers to the physical location where data is stored with regulations like GDPR China Cybersecurity Law and Russia's personal data law mandating that certain types of data must remain within specific geographic boundaries","The cloud provider's guarantee that data will remain in the customer's chosen region","The encryption standard required for data storage based on data classification and jurisdiction","B","Data residency regulations: EU (GDPR): data can transfer to countries with adequacy decisions or using SCCs (Standard Contractual Clauses). Russia: personal data of Russian citizens must be stored and initially processed in Russia (localized). China: critical information infrastructure operators must store data in China, transfers require security assessment. India: proposed data localization for sensitive data. Brazil LGPD: similar to GDPR. Cloud implications: choose regions carefully, use contractual data residency guarantees, audit provider subprocessors, consider sovereign cloud offerings. AWS GovCloud, Azure Government specifically for localization requirements."
"(ISC)2 CCSP","CCSP","700","150","125","25","180","Legal, Risk, and Compliance","What is a 'cloud provider audit' and what certifications should customers look for?","Independent third-party assessments of cloud provider security controls with customers looking for SOC 2 Type II ISO 27001 ISO 27017 PCI DSS CSA STAR and FedRAMP certifications depending on their compliance requirements","A regulatory inspection required before cloud providers can offer services in specific markets","A review of cloud provider financial stability to assess business continuity risk","Security assessments conducted by cloud customers to verify their own usage of cloud services","A","Key cloud provider certifications: SOC 2 Type II (AICPA — trust service criteria: security, availability, processing integrity, confidentiality, privacy — 6-12 month review period), ISO 27001 (ISMS certification), ISO 27017 (cloud-specific controls), ISO 27018 (cloud personal data), PCI DSS (payment card data), HIPAA attestation (healthcare data), FedRAMP (US federal government requirements), CSA STAR (cloud-specific, builds on ISO 27001 + CSA CCM). Type I vs Type II: Type I = controls designed appropriately. Type II = controls operating effectively over time (more valuable). Request current, valid certifications."
"(ISC)2 CCSP","CCSP","700","150","125","25","180","Legal, Risk, and Compliance","What is 'right to audit' in cloud service agreements?","A provision allowing cloud providers to audit customer usage to detect acceptable use violations","A customer's right to review all cloud provider source code and security tools","A contractual provision giving cloud customers the right to assess cloud provider security controls either through direct audit access or through acceptance of third-party audit reports which is critical for compliance demonstration","A regulatory requirement giving government agencies unlimited access to cloud provider data centers","C","Right to audit: customers need to verify provider security controls for their compliance requirements. Challenges: providers serve millions of customers — direct audits by everyone is impractical. Solutions: (1) Third-party audit reports (SOC 2, ISO 27001 — most common, accept auditor's work), (2) Penetration testing (limited to customer's resources per provider policy), (3) Questionnaires (CSA CAIQ, custom security questionnaires), (4) Provider transparency (AWS Artifact — access compliance documents). Contractual language: 'right to audit or commission audits' including acceptance of third-party audit reports. Negotiate before signing — difficult to add after."
"(ISC)2 CCSP","CCSP","700","150","125","25","180","Legal, Risk, and Compliance","What is 'privacy law' compliance in cloud and what are the major regulations?","Privacy compliance requirements that only apply to cloud providers not cloud customers","A single global regulation governing all privacy requirements for cloud computing worldwide","US federal law that standardizes privacy requirements across all 50 states for cloud services","Legal requirements governing collection use and protection of personal information including GDPR (EU) CCPA (California) LGPD (Brazil) PDPA (Thailand) and PIPEDA (Canada) with cloud-specific implications for data flows and processor obligations","D","Major privacy regulations: GDPR (EU — most comprehensive, global impact, heavy fines up to 4% global revenue), CCPA/CPRA (California — similar rights to GDPR, significant US impact), LGPD (Brazil — similar to GDPR), PDPA (Thailand, Singapore — GDPR-inspired), PIPEDA (Canada — federal privacy law), APPI (Japan). Common requirements: notice (inform individuals about data collection), choice (opt-in/opt-out mechanisms), access (individuals can see their data), correction, deletion, data security, breach notification. Cloud customer responsibilities: understand applicable regulations, implement required controls, manage vendor/processor agreements, conduct PIAs."
"(ISC)2 CCSP","CCSP","700","150","125","25","180","Legal, Risk, and Compliance","What is 'cloud contract security' and what terms should be negotiated?","Encryption requirements mandated for all cloud provider contracts","Contractual protections for security in cloud agreements including data ownership security obligations incident notification audit rights subprocessor management termination rights and liability provisions","A legal review process for cloud contracts conducted by compliance teams","A standardized government contract template for cloud service procurement","B","Key security contract terms: (1) Data ownership (customer owns their data — never in question), (2) Data return and deletion (upon termination — format, timeline, certification of deletion), (3) Security obligations (provider's specific security commitments, CSPs often reference SOC 2), (4) Incident notification (timeframe, content of notification), (5) Audit rights (third-party reports or inspection rights), (6) Subprocessors (list who has access to customer data, notification of changes), (7) Liability (caps, indemnification for provider security failures), (8) Jurisdiction (governing law, dispute resolution), (9) Regulatory compliance (provider maintains required certifications). Negotiate before signing — standard terms favor provider."
"(ISC)2 CCSP","CCSP","700","150","125","25","180","Legal, Risk, and Compliance","What is 'ISO 27001' and how does it apply to cloud computing?","A cloud-specific security standard that cloud providers must obtain before offering cloud services","A technical encryption standard that defines minimum encryption requirements for cloud data","An international standard for information security management systems (ISMS) that provides a systematic approach to managing sensitive information security applicable to both cloud providers and cloud customers","A European Union regulation that cloud providers must comply with to operate in the EU","C","ISO 27001: ISMS standard. Structure: Annex A controls (93 controls across 4 themes: organizational, people, physical, technological). Certification: independent audit, surveillance audits (annual), recertification (3 years). Cloud relevance: (1) Cloud providers obtain ISO 27001 to demonstrate security commitment, (2) Customers can require ISO 27001 in contracts, (3) ISO 27017 (cloud service-specific controls — extends 27001 for cloud), (4) ISO 27018 (PII protection in cloud — privacy-focused extension). Mutual recognition: ISO 27001 certification accepted across industries. Different from SOC 2: SOC 2 US-focused, ISO 27001 internationally recognized."
"(ISC)2 CCSP","CCSP","700","150","125","25","180","Legal, Risk, and Compliance","What is 'eDiscovery' in cloud environments and what challenges does it present?","A cloud service that automatically archives all business communications for legal compliance","The process of identifying collecting and producing electronically stored information for legal proceedings with cloud challenges including distributed data locations provider cooperation requirements and data commingling in multi-tenant environments","A regulatory requirement to electronically disclose all data stored in cloud to government agencies","A cloud forensics tool used to discover security incidents in cloud environments","B","eDiscovery in cloud: legal obligation to preserve and produce electronically stored information (ESI). FRCP (Federal Rules of Civil Procedure) requires 'proportional' discovery. Cloud challenges: (1) Data location (distributed across regions, may not know exactly where), (2) Provider cooperation (need provider assistance to collect), (3) Legal hold (ensuring data not deleted during litigation — suspend deletion policies), (4) Multi-tenancy (your data mixed with other tenants — provider extracts specifically your data), (5) Encryption (provider needs to assist or customer manages key retention), (6) Data volume (cloud generates massive data volumes). Legal hold: immediate suspension of normal deletion schedules when litigation reasonably anticipated."
"(ISC)2 CCSP","CCSP","700","150","125","25","180","Legal, Risk, and Compliance","What is 'cloud risk management' and what framework applies?","A systematic approach to identifying assessing and treating cloud-specific risks using frameworks like ISO 31000 NIST RMF or FAIR to make risk-informed decisions about cloud adoption and security investments","A financial analysis of cloud provider bankruptcy risk and its impact on data availability","A cloud provider service that automatically identifies and remediates security risks","A regulatory requirement mandating that cloud customers maintain risk registers","A","Cloud risk management frameworks: ISO 31000 (general risk management principles — identify, analyze, evaluate, treat, monitor), NIST RMF (Risk Management Framework — categorize, select, implement, assess, authorize, monitor — government focused), FAIR (Factor Analysis of Information Risk — quantitative risk analysis, express risk in financial terms). Cloud-specific risks: data breach, service outage (availability), vendor lock-in, compliance failure, insider threat (provider employees), data sovereignty issues. Risk treatment options: avoid (don't use cloud for specific data), mitigate (implement controls), transfer (insurance, contract liability), accept (document and accept residual risk)."
"(ISC)2 CCSP","CCSP","700","150","125","25","180","Legal, Risk, and Compliance","What is 'forensic readiness' for cloud and why must it be planned in advance?","A legal requirement for cloud providers to maintain all customer data for a minimum period","A cloud provider service that automatically preserves evidence when security incidents are detected","The process of training security teams to perform forensic analysis on cloud systems","The proactive capability to collect preserve and analyze digital evidence from cloud environments which must be planned before incidents occur because cloud's ephemeral nature and multi-tenancy make after-the-fact evidence collection extremely difficult","D","Cloud forensic readiness: plan before incident occurs. Requirements: (1) Comprehensive logging (all security-relevant events, centralized, tamper-evident storage), (2) Log retention (retain for investigation period — 1-2 years minimum), (3) Evidence preservation procedures (how to snapshot, isolate, preserve cloud resources during investigation), (4) Chain of custody (document evidence handling), (5) Legal hold procedures (suspend deletion when litigation anticipated), (6) Provider relationship (know how to engage CSP security/legal teams), (7) Tool readiness (cloud forensic tools — Magnet AXIOM Cloud, Cellebrite for cloud). Ephemeral resources: auto-scaling terminates instances — log before termination or snapshot immediately."
"(ISC)2 CCSP","CCSP","700","150","125","25","180","Cloud Concepts, Architecture, and Design","What is 'cloud sprawl' and what security risks does it create?","The geographic expansion of cloud provider data centers creating jurisdictional complexity","Network latency issues that arise when cloud services are distributed across too many regions","The growth of cloud computing adoption across multiple industries simultaneously","The uncontrolled proliferation of cloud accounts services and workloads across an organization that creates security risks through unmanaged assets unknown data locations inconsistent security controls and orphaned resources","D","Cloud sprawl: ungoverned expansion of cloud usage. Risks: (1) Shadow IT (unauthorized cloud accounts with no security controls), (2) Unknown attack surface (can't protect what you don't know about), (3) Inconsistent security (different teams apply different controls), (4) Orphaned resources (forgotten accounts/instances still running, potentially unpatched), (5) Budget overrun, (6) Compliance gaps (some cloud usage may not meet regulatory requirements). Prevention: cloud governance policy, centralized billing (detect new accounts), CASB for shadow IT discovery, Cloud Management Platform, tagging enforcement."
"(ISC)2 CCSP","CCSP","700","150","125","25","180","Cloud Security Operations","What are 'cloud security metrics' and what should a CISO track?","Quantifiable measures of cloud security effectiveness including time to detect incidents patch compliance rates misconfiguration counts failed authentication attempts and data egress anomalies that demonstrate security program maturity","Performance benchmarks comparing cloud provider security capabilities to industry standards","Financial metrics measuring the cost savings from cloud security tool consolidation","Compliance scores generated by cloud provider built-in security assessment tools","A","Cloud security metrics: Leading indicators (predict future incidents): misconfiguration count and trend, patch compliance percentage, MFA adoption rate, mean time to remediate vulnerabilities. Lagging indicators (measure past performance): mean time to detect (MTTD), mean time to respond (MTTR), number of security incidents, data breach cost. Business metrics: security spend as % of cloud spend, risk reduction per dollar invested. CISO dashboard: include both technical (vulnerability count) and business metrics (risk posture, compliance status). Trend matters more than point-in-time: are we improving?"
"(ISC)2 CCSP","CCSP","700","150","125","25","180","Legal, Risk, and Compliance","What is 'legal hold' and how does it affect cloud data management?","A legal requirement to preserve all potentially relevant data when litigation is anticipated or pending which requires suspending normal cloud data deletion and archival policies until the hold is released","A technical control that prevents unauthorized users from deleting cloud data","A court order preventing cloud providers from deleting customer data during regulatory investigations","A contractual hold on cloud service payments during disputes with cloud providers","A","Legal hold (litigation hold): anticipated or active litigation = obligation to preserve relevant ESI. Process: legal team identifies scope → IT receives hold notice → suspend: auto-deletion policies, archival (data moved to cheaper storage may be harder to retrieve), backup rotation (keep older backups), account deprovisioning (don't delete user accounts). Cloud challenges: automated lifecycle policies delete data (S3 lifecycle, database purge jobs) — must identify and pause all automated deletion. Tool: legal hold features in Microsoft Purview, Relativity, cloud-native legal hold through tags. Spoliation: failure to preserve = serious legal consequences."
"(ISC)2 CCSP","CCSP","700","150","125","25","180","Cloud Concepts, Architecture, and Design","What is 'cloud economics' and how does it affect security decisions?","The cost model of cloud computing where OpEx replaces CapEx enabling pay-as-you-go scaling that affects security decisions through cost-benefit analysis of security controls and the ability to right-size security spending","A cloud provider pricing model based on number of users rather than resource consumption","The financial analysis of cloud provider viability and long-term business sustainability","The study of how cloud adoption affects national economies and employment patterns","A","Cloud economics fundamentals: CapEx → OpEx shift (no upfront hardware investment, pay for what you use). Security implications: (1) Security controls as OpEx (pay for security tools monthly vs. large upfront investment), (2) Right-sizing (don't over-buy security tools, scale as needed), (3) Cost-benefit analysis (easier with granular usage data — does this $10k/month security tool prevent more than $10k/month in risk?), (4) Security cost allocation (charge security costs to business units — creates accountability), (5) Anomaly detection via billing (unusual spending = possible security incident). Economies of scale: providers invest heavily in security that individual organizations couldn't afford."
"(ISC)2 CCSP","CCSP","700","150","125","25","180","Cloud Security Operations","What is 'cloud security training and awareness' and why is it critical?","Certification programs cloud providers offer to demonstrate security expertise to customers","Education programs ensuring cloud users developers and administrators understand cloud-specific security risks shared responsibility model and proper use of cloud services to prevent human error which is the most common cause of cloud breaches","Technical documentation that cloud providers supply to help customers configure security","Compliance training required by regulations for organizations that store data in cloud","B","Cloud security training targets: (1) End users (phishing awareness, cloud data handling, shadow IT risks, acceptable use), (2) Developers (secure coding for cloud, IaC security, secrets management, OWASP Top 10), (3) DevOps (security in CI/CD, container security, infrastructure hardening), (4) Administrators (IAM least privilege, security group management, logging), (5) Executives (shared responsibility model, cloud risk, compliance implications). Human error accounts for majority of cloud breaches (Verizon DBIR). Most common: misconfigured S3 buckets = human configuration error. Training ROI: prevent expensive breaches through awareness. CSA: offers CCSK certification for cloud security knowledge."
"(ISC)2 CCSP","CCSP","700","150","125","25","180","Cloud Concepts, Architecture, and Design","What is the 'CSA Enterprise Architecture' and why is it used?","A procurement framework for enterprise organizations selecting cloud service providers","A reference architecture from the Cloud Security Alliance that provides a framework for understanding cloud security domains capabilities and their relationships to guide security planning","A certification standard that enterprise cloud providers must achieve before market entry","A technical blueprint for building cloud provider data centers to meet security requirements","B","CSA Enterprise Architecture (formerly TCI — Trusted Cloud Initiative): framework aligning business, information, and technology architecture with cloud security. Domains: presentation, presentation platform, application platform, information, infrastructure. Not a technical blueprint for building data centers — that's provider-specific. Not a procurement framework (that would be vendor selection methodology). Not a certification standard. Used by organizations to map security requirements across cloud architecture domains and ensure coverage."
"(ISC)2 CCSP","CCSP","700","150","125","25","180","Cloud Concepts, Architecture, and Design","What distinguishes 'edge computing' from traditional cloud computing?","Edge computing processes data at or near the source rather than sending it to centralized cloud data centers reducing latency and bandwidth usage for time-sensitive applications","Edge computing is a geographic term for cloud services located at the edge of a country's borders","Edge computing eliminates the need for cloud services entirely by keeping all processing local","Edge computing is exclusively used by cloud providers for their own internal processing needs","A","Edge computing: process data close to where it is generated (IoT sensors, vehicles, factories). Benefits: low latency (milliseconds vs. hundreds for cloud round-trip), bandwidth efficiency (process locally, send only results), offline capability, data sovereignty (data doesn't leave the facility). Use cases: autonomous vehicles, industrial IoT, healthcare (real-time patient monitoring), content delivery. Security implications: edge devices are physically exposed, harder to patch/update, limited compute for security tools. Cloud + edge = distributed cloud architecture."
"(ISC)2 CCSP","CCSP","700","150","125","25","180","Cloud Concepts, Architecture, and Design","What is 'fog computing' in the context of cloud architecture?","Cloud computing services intentionally obscured from customers to hide provider infrastructure","A cloud deployment model used specifically for weather forecasting and atmospheric modeling","Distributed cloud computing where multiple providers share infrastructure in a federated manner","An intermediate layer between edge devices and cloud data centers that aggregates processes and filters data from multiple edge sources before sending relevant data to the cloud","D","Fog computing (Cisco coined): hierarchical architecture. Edge → Fog nodes (local aggregation, processing, filtering) → Cloud (long-term storage, complex analytics). Fog benefits: reduce cloud bandwidth (pre-process and filter), lower latency than pure cloud, handle intermittent connectivity. Example: factory floor with hundreds of sensors — fog node aggregates, processes for real-time control, sends summaries to cloud for trend analysis. Security: fog introduces additional attack surface (fog nodes), but reduces data exposure by not sending all raw data to cloud."
"(ISC)2 CCSP","CCSP","700","150","125","25","180","Cloud Concepts, Architecture, and Design","What is 'cloud interoperability' and what standards support it?","A regulatory requirement mandating that all cloud providers support the same technical interfaces","The capability of cloud services to operate across different geographic regions and time zones","A cloud provider agreement allowing customers to use multiple providers simultaneously","The ability of different cloud services systems and providers to work together exchanging data and services with standards including OVF TOSCA OpenStack APIs and S3-compatible object storage interfaces","D","Cloud interoperability: cloud services work together, data and workloads portable. Standards: OVF (Open Virtualization Format — VM portability), TOSCA (Topology and Orchestration Specification for Cloud Applications — portable application descriptions), CDMI (Cloud Data Management Interface — SNIA standard for object storage), S3 API compatibility (many storage services implement S3 API for compatibility), OpenStack (open source cloud platform enabling private clouds with consistent APIs), OCCI (Open Cloud Computing Interface). Interoperability reduces lock-in and enables hybrid/multi-cloud. CCSP: know key standards."
"(ISC)2 CCSP","CCSP","700","150","125","25","180","Cloud Concepts, Architecture, and Design","What is 'cloud service brokerage' and what types of brokers exist?","A financial service that helps organizations negotiate better pricing with cloud providers","A security service that monitors all cloud provider activity on behalf of cloud customers","An intermediary that adds value to cloud services through aggregation integration or customization with types including aggregators (combine multiple services) arbitrageurs (select best provider) and integrators (connect services)","A technical service that converts applications to be cloud-compatible during migration","C","Cloud service brokers (NIST actor): (1) Service Intermediation (enhance existing service — add security, access control), (2) Service Aggregation (combine multiple services into one — single pane of glass for multiple cloud services), (3) Service Arbitrage (choose best service provider dynamically based on cost, performance, availability). Examples: cloud management platforms (Flexera, Apptio), identity brokers (federate identity across providers), security brokers (CASBs). Brokers add complexity but enable multi-cloud, cost optimization, and consistent governance."
"(ISC)2 CCSP","CCSP","700","150","125","25","180","Cloud Concepts, Architecture, and Design","What is 'consumption-based pricing' in cloud and its security implications?","A billing approach where cloud customers pay monthly fixed fees regardless of actual usage","A procurement model where organizations pay for cloud security tools based on the number of incidents prevented","A pricing model where costs are based on actual resource usage which has security implications through cost anomalies indicating security incidents and the ability to right-size security investments","A cloud provider model where pricing is determined by consumption of network bandwidth only","C","Consumption-based (pay-as-you-go): pay only for what you use. Security implications: (1) Billing anomaly detection (sudden cost spike = potential cryptomining, unauthorized provisioning, DDoS-related scaling), (2) Security tool right-sizing (scale security monitoring to actual workload), (3) Cost of security controls (encryption CPU overhead, logging storage, WAF request fees — these are real costs), (4) Abandoned resources (pay for forgotten resources — also security risk), (5) Reserved capacity planning (pre-purchase for predictable workloads). Budget alerts = early warning of potential compromise. Financial team is an unexpected security ally."
"(ISC)2 CCSP","CCSP","700","150","125","25","180","Cloud Concepts, Architecture, and Design","What is 'cloud architecture decision record' and why is it important for security?","An audit trail of all configuration changes made to cloud infrastructure over time","A document recording significant cloud architecture decisions including context options considered decision made and consequences ensuring security implications are evaluated and documented for future reference","A regulatory filing required when organizations move regulated data to cloud environments","A cloud provider document describing their security architecture for customer due diligence","B","Architecture Decision Records (ADRs): document important decisions for future understanding. Security value: (1) Security context captured (why was this approach chosen over more secure alternatives?), (2) Trade-offs documented (chose convenience over security for non-sensitive workload), (3) Future reference (why is this encrypted this way?), (4) Onboarding (new team members understand security decisions), (5) Audit evidence (demonstrate security was considered). Format: Title, Status, Context, Decision, Consequences. Should include: security implications, rejected alternatives, assumed threat model. Part of security architecture documentation."
"(ISC)2 CCSP","CCSP","700","150","125","25","180","Cloud Concepts, Architecture, and Design","What is 'cloud security architecture' and what principles guide it?","A technical standard that cloud providers must implement to achieve security certification","A compliance framework documenting which security controls a cloud customer must implement","The physical layout of security hardware in cloud provider data centers","The design of cloud security controls systems and processes applying principles like defense in depth zero trust least privilege and secure by default to protect cloud environments","D","Cloud security architecture principles: (1) Defense in depth (multiple security layers — network, host, application, data), (2) Zero trust (verify every request, no implicit trust), (3) Least privilege (minimum necessary access), (4) Secure by default (security settings active without configuration), (5) Fail secure (on failure, system defaults to secure state), (6) Economy of mechanism (keep security simple), (7) Separation of duties (no single person controls critical processes), (8) Complete mediation (check every access, every time). Translated to cloud: VPCs, IAM policies, encryption, logging, CSPM. Architecture decisions made early have lasting security impact."
"(ISC)2 CCSP","CCSP","700","150","125","25","180","Cloud Concepts, Architecture, and Design","What is 'cloud migration strategy' and how does it affect security?","The approach for moving workloads to cloud (7Rs: rehost lift-and-shift, replatform, repurchase, refactor, retire, retain, relocate) with security implications varying by strategy and requiring security assessment of each approach","A contract negotiation strategy for obtaining favorable security terms from cloud providers","A phased timeline for implementing cloud security controls after cloud migration completes","A data backup strategy for protecting data during the transition period to cloud computing","A","7Rs migration strategies: (1) Retire (decommission — simplest, eliminate attack surface), (2) Retain (keep on-premises — too risky or not ready), (3) Rehost/Lift-and-shift (move as-is — quick, but inherits legacy vulnerabilities), (4) Replatform (minor optimization for cloud — opportunity to improve security), (5) Repurchase (move to SaaS — shifts responsibility to provider), (6) Refactor/Re-architect (redesign for cloud — highest security improvement opportunity, most expensive), (7) Relocate (move to different cloud — provider-specific). Security: lift-and-shift misses cloud security benefits, refactoring enables cloud-native security patterns."
"(ISC)2 CCSP","CCSP","700","150","125","25","180","Cloud Concepts, Architecture, and Design","What is 'microservices architecture' and what security model does it require?","A cloud deployment model using minimal virtual machine instances to reduce infrastructure costs","An architectural pattern decomposing applications into small independent services communicating via APIs requiring zero trust networking mutual TLS between services and fine-grained authorization for each service","A security architecture where each team manages security for their own micro-segment of the network","An application framework designed specifically for running on cloud mobile devices","B","Microservices: application = many small, independently deployable services. Each service has a specific function, communicates via APIs. Security requirements: (1) Zero trust between services (each service call authenticated and authorized — no implicit network trust), (2) Mutual TLS (services authenticate each other with certificates), (3) Service mesh (Istio, Linkerd — enforce mTLS, policy, observability), (4) Fine-grained IAM (each service has minimal permissions), (5) API gateway (central control point for external traffic), (6) Secrets per service (each service has own credentials), (7) Container security (microservices typically containerized). Attack surface: many APIs = many potential vulnerabilities."
"(ISC)2 CCSP","CCSP","700","150","125","25","180","Cloud Concepts, Architecture, and Design","What is 'cloud bursting security' and what additional controls are needed?","Security controls specifically for cloud services accessed through web browsers on mobile devices","A disaster recovery approach where security controls are automatically deployed during outages","A DDoS protection strategy that absorbs attack traffic using cloud provider infrastructure","When workloads burst from private to public cloud additional security controls are needed including data classification to prevent sensitive data from bursting ensuring consistent security policy enforcement and monitoring across environments","D","Cloud bursting security considerations: (1) Data classification (which data can burst to public cloud? Sensitive data may have residency requirements), (2) Encryption in transit (private-to-public traffic crosses internet — must be encrypted), (3) IAM consistency (cloud bursted workloads must authenticate with consistent identity), (4) Network security (secure connectivity between private and public — VPN, Direct Connect), (5) Monitoring integration (security events from burst workloads visible to central SIEM), (6) Compliance (burst environment must meet same compliance as primary), (7) Data control (ensure data written during burst doesn't persist in public cloud beyond need)."
"(ISC)2 CCSP","CCSP","700","150","125","25","180","Cloud Concepts, Architecture, and Design","What is 'serverless security' unique consideration compared to container or VM workloads?","Serverless functions have very short execution times limited persistent state and the provider manages the runtime shifting the attack surface to function triggers event sources IAM permissions and application code while traditional OS-level concerns diminish","Serverless computing has no security requirements because the provider handles all security automatically","Serverless functions are more secure than VMs because they execute in isolated environments automatically","Serverless security is identical to container security with different tooling required","A","Serverless unique security challenges: (1) Event injection (triggers from untrusted sources — SQS, S3, API Gateway — inject malicious content → function processes it), (2) IAM over-privilege (function given excessive permissions is a significant blast radius if exploited), (3) Dependency risks (function packages include libraries with vulnerabilities), (4) Cold start attacks (attacker may exploit initialization period), (5) Ephemeral forensics (function instance terminates after execution — evidence gone), (6) Secrets handling (no persistent disk — must use secrets manager, environment variable risks), (7) Third-party service calls (functions often call external services — data exposure). Provider manages: OS, runtime patches, network isolation."
"(ISC)2 CCSP","CCSP","700","150","125","25","180","Cloud Concepts, Architecture, and Design","What is 'cloud architecture maturity' and what models describe it?","A certification level that cloud providers achieve by demonstrating infrastructure quality","Models describing progression of cloud adoption maturity from basic lift-and-shift through optimization to cloud-native transformation with security maturity evolving alongside architectural maturity","A regulatory designation indicating that an organization has fully complied with cloud security standards","A performance benchmark measuring cloud infrastructure speed and reliability over time","B","Cloud maturity models: (1) Ad hoc (no formal cloud strategy, shadow IT, reactive security), (2) Opportunistic (some cloud adoption, inconsistent governance), (3) Repeatable (cloud governance policies, consistent patterns), (4) Managed (cloud-first strategy, security integrated into delivery), (5) Optimized (cloud-native design, automated security, continuous improvement). Security maturity progression: reactive → preventive → detective → predictive. CSA Cloud Maturity Model (CMM). Gartner Cloud Adoption stages. CCSP: understand that security controls must match architectural maturity — cloud-native security for cloud-native architecture."
"(ISC)2 CCSP","CCSP","700","150","125","25","180","Cloud Concepts, Architecture, and Design","What is 'network function virtualization' (NFV) and its cloud security relevance?","The replacement of dedicated network hardware like firewalls load balancers and routers with software running on standard servers enabling flexible programmable network security that can be deployed scaled and managed as cloud services","A security technique that creates virtual copies of network traffic for parallel security inspection","The encryption of network functions to prevent interception of security appliance communications","A cloud provider technology that isolates customer network traffic from other tenants","A","NFV: run network functions as software (virtual firewalls, IDS/IPS, load balancers) on commodity hardware instead of dedicated appliances. Cloud relevance: (1) Virtual firewalls (deploy as VM — flexible, scale horizontally), (2) Virtual IDS/IPS (inspect traffic without hardware), (3) Virtual load balancers (AWS ALB/NLB, Azure Load Balancer), (4) SD-WAN (software-defined WAN). Benefits: agility, cost, programmatic management. Security considerations: hypervisor security (VNFs still need isolated hypervisor), management plane security (NFV orchestration is high-value target), performance (software may be slower than purpose-built hardware). Key for cloud-native security architecture."
"(ISC)2 CCSP","CCSP","700","150","125","25","180","Cloud Concepts, Architecture, and Design","What is 'well-architected framework' and what security pillar does it address?","An international standard for designing cloud applications that achieve high availability","A compliance certification framework that well-managed cloud environments must achieve","A network architecture design guide for optimizing cloud traffic routing and performance","A cloud provider framework (AWS Well-Architected, Azure Well-Architected) with a security pillar covering identity management detective controls infrastructure protection data protection and incident response","D","Well-Architected Frameworks: AWS (5 pillars: Security, Reliability, Performance, Cost, Sustainability + Operational Excellence), Azure (5 pillars: Security, Reliability, Performance, Cost, Operational Excellence), Google (6 pillars includes similar). Security pillar components (AWS): Identity and Access Management, Detection, Infrastructure Protection, Data Protection, Incident Response. Security best practices: enable CloudTrail, use GuardDuty, encrypt all data, VPC with private subnets, least privilege IAM. Well-Architected Review: assessment tool using framework questions. CCSP: understand framework exists and what it covers."
"(ISC)2 CCSP","CCSP","700","150","125","25","180","Cloud Concepts, Architecture, and Design","What is 'cloud-native application protection platform' (CNAPP) and what does it unify?","A compliance automation platform that validates cloud applications meet regulatory requirements","A unified security platform combining CSPM cloud workload protection SAST/DAST container security and cloud infrastructure entitlement management into a single integrated solution for cloud-native security","A network security platform specifically designed for protecting applications served from cloud","A cloud provider managed service that protects applications from all threats without customer involvement","B","CNAPP (Gartner 2021): convergence of cloud security capabilities. Components unified: CSPM (Cloud Security Posture Management — misconfigurations), CWPP (Cloud Workload Protection Platform — runtime), CIEM (Cloud Infrastructure Entitlement Management — IAM analysis), Container/Kubernetes security, IaC security scanning, SAST/DAST, Supply chain security. Why unified: fragmented tools create gaps, alert fatigue, inconsistent visibility. Value: contextual risk prioritization (vulnerability on public-facing misconfigured resource = higher priority than same vulnerability on isolated resource). Vendors: Wiz, Prisma Cloud, Lacework, Orca Security."
"(ISC)2 CCSP","CCSP","700","150","125","25","180","Cloud Concepts, Architecture, and Design","What is 'cloud infrastructure entitlement management' (CIEM) and why is it needed?","A security capability that manages analyzes and reduces excessive cloud permissions and entitlements to enforce least privilege as cloud IAM complexity creates permission sprawl that traditional tools cannot address","An identity provider that manages user credentials for accessing multiple cloud services","A compliance management system tracking employee entitlements to cloud service features","A procurement tool that manages software license entitlements across cloud service subscriptions","A","CIEM: addresses cloud IAM complexity. Cloud IAM generates thousands of permissions across hundreds of services for users, groups, roles, service accounts. Challenges: permissions accumulate over time (privilege creep), hard to understand effective permissions (multiple policies combine), cross-account and service-to-service permissions opaque, unused permissions = excessive risk. CIEM capabilities: discover all identities and their effective permissions, identify unused permissions (recommend removal), detect privilege escalation paths, enforce least privilege recommendations, compare to baseline. Tools: Authomize, CloudKnox (Microsoft), Saviynt, Ermetic. Complements CSPM (configuration) with identity focus."
"(ISC)2 CCSP","CCSP","700","150","125","25","180","Cloud Concepts, Architecture, and Design","What is the difference between 'cloud architecture' and 'cloud security architecture'?","Cloud security architecture is a subset of network architecture while cloud architecture encompasses all technology","Cloud architecture designs the overall structure and components for functionality while cloud security architecture specifically focuses on how security controls are embedded throughout protecting confidentiality integrity and availability","There is no meaningful distinction as all cloud architecture inherently incorporates security design","Cloud architecture is designed by providers while cloud security architecture is designed by customers","B","Cloud architecture: functional design — how components work together to deliver business capability. Focuses on: service selection, scalability, availability, performance, cost. Cloud security architecture: security-focused design layer — how do we protect this architecture? Addresses: trust boundaries, data flows (classify and protect), authentication/authorization, monitoring and detection, incident response. Relationship: security architecture enables and constrains cloud architecture choices. Example: cloud architect designs three-tier web app; security architect defines: public/private subnets, WAF placement, database encryption, IAM roles, logging requirements. Security architecture is not an afterthought — it shapes design."
"(ISC)2 CCSP","CCSP","700","150","125","25","180","Cloud Concepts, Architecture, and Design","What is 'threat intelligence' in cloud security and how is it consumed?","A manual research process where security analysts investigate threats reported by cloud providers","A compliance requirement mandating that organizations subscribe to government threat intelligence feeds","A cloud provider service that predicts future security threats using machine learning algorithms","Actionable information about threats targeting cloud environments consumed through automated feeds integrated into SIEM CASB and cloud-native security services like AWS GuardDuty to improve detection capabilities","D","Cloud threat intelligence: know what threats are active against cloud. Sources: commercial (Recorded Future, CrowdStrike Intel), government (CISA, FBI), community (ISACs, FS-ISAC for finance), OSINT. Types: strategic (threat actor motivations, trends), operational (specific campaigns), tactical (IOCs — IPs, domains, file hashes). Consumption: automated feeds to SIEM (enrich alerts), CASB (block known-malicious cloud services), cloud-native services (GuardDuty uses threat intelligence to detect communication with malicious IPs). Cloud-specific intelligence: AWS abuse reports, provider security bulletins, vulnerability disclosures affecting cloud services. Contextualize to your environment."
"(ISC)2 CCSP","CCSP","700","150","125","25","180","Cloud Data Security","What is 'data discovery' in cloud security and why is it challenging?","The initial phase of eDiscovery where lawyers identify relevant data for legal proceedings","The technical process of finding and recovering lost or accidentally deleted cloud data","The process of finding and identifying what data exists in cloud environments and classifying it which is challenging due to data sprawl across multiple services accounts and regions and the volume of unstructured data","A cloud provider service that automatically catalogs all customer data for billing purposes","C","Cloud data discovery challenges: (1) Data sprawl (data in S3, RDS, DynamoDB, Redshift, Glacier, EFS across multiple accounts and regions), (2) Shadow data (data copied by developers into non-sanctioned services or accounts), (3) Unstructured data (90% of cloud data is unstructured files — harder to classify than structured databases), (4) Data sharing (data copies created for analytics, ML, backup), (5) Vendor-specific formats (data in proprietary formats). Tools: AWS Macie (ML-based PII discovery in S3), Azure Purview (data catalog), BigID, Varonis. Without discovery, you can't protect what you don't know exists."
"(ISC)2 CCSP","CCSP","700","150","125","25","180","Cloud Data Security","What is 'synthetic data' and what cloud security problem does it solve?","Artificially generated data that statistically resembles real data without containing actual personal information used to enable development testing and analytics without exposing real sensitive data","Cloud provider-generated sample data used for testing cloud services before production use","Encrypted data that appears as random data to unauthorized parties maintaining its statistical properties","Aggregated data that combines multiple sources while removing individual-level information","A","Synthetic data: generate statistically representative data without using real PII. Use cases: (1) Development/testing (developers need realistic data — use synthetic not production), (2) ML training (train models without real patient/customer data), (3) Analytics sharing (share synthetic datasets with partners instead of real data), (4) GDPR compliance (synthetic data not personal data — different regulation applies), (5) Third-party analytics (data science vendors can work on synthetic data). Generation approaches: Generative Adversarial Networks (GANs), statistical models, data masking. Limitation: may not capture all real-world edge cases. Synthetic data ≠ anonymized data — it's generated, not derived from real data."
"(ISC)2 CCSP","CCSP","700","150","125","25","180","Cloud Data Security","What is 'database encryption' in cloud and what types exist?","A network encryption standard applied to database connection strings to protect credentials","Encryption applied exclusively to database backups to protect data during storage and archival","A cloud provider mandatory requirement encrypting all managed database services automatically","Encryption of cloud databases at multiple levels including transparent data encryption (TDE) at the file level column-level encryption for specific sensitive fields and application-level encryption before data reaches the database","D","Cloud database encryption types: (1) TDE (Transparent Data Encryption): encrypts database files at rest — provider or customer managed key, transparent to application. AWS RDS encryption (uses AWS KMS), Azure SQL TDE, GCP Cloud SQL encryption. (2) Column-level encryption: encrypt specific sensitive columns (SSN, credit card) — only decrypted by authorized applications. (3) Application-level encryption: encrypt before storing — database never sees plaintext — most secure, breaks some database functionality. (4) Connection encryption: TLS for data in transit. Key consideration: TDE with provider-managed key = provider can access. Customer-managed key (BYOK) = better control. Column encryption adds complexity but better protection."
"(ISC)2 CCSP","CCSP","700","150","125","25","180","Cloud Data Security","What is 'data lake security' and what unique challenges does it present?","Physical security of the lakes of cooling water used in cloud data center cooling systems","Securing massive repositories of raw unstructured data that present unique challenges including data classification at scale controlling access to petabytes of mixed sensitivity data and preventing data lake security from becoming the weakest link","Security specifically for cloud-based data analytics platforms and business intelligence tools","A data backup strategy that stores copies of all data in a single centralized repository","B","Data lake challenges: store everything, analyze later (raw, unstructured, multi-format data at petabyte scale). Security challenges: (1) Classification at scale (terabytes of diverse data types — ML-based classification needed), (2) Access control complexity (data analysts need access to some data but not all — attribute-based access control required), (3) Data ingestion (unvalidated data from many sources — malformed data, injection), (4) Schema-on-read (no schema enforcement — raw data may contain unexpected content), (5) Sensitive data proliferation (sensitive data copies created for analytics — orphaned, uncontrolled), (6) Governance (who is data steward for petabytes of mixed data?). Solutions: data catalog, ABAC, automated classification, Ranger (Apache) for fine-grained access."
"(ISC)2 CCSP","CCSP","700","150","125","25","180","Cloud Data Security","What is 'cloud database as a service' (DBaaS) and what shared responsibility applies?","A managed cloud database service where the provider manages the database engine patching high availability and backups while the customer is responsible for database configuration access control data protection and query security","A cloud migration service that converts on-premises databases to cloud-compatible formats","A database service where multiple customers share a single database instance for cost efficiency","A cloud service model where the provider manages all aspects of data security without customer involvement","A","DBaaS (RDS, Azure SQL Database, Cloud SQL, DynamoDB, Cosmos DB): shared responsibility. Provider manages: hardware, OS patching, database engine patches, high availability (Multi-AZ replication), automated backups, network infrastructure. Customer manages: database configuration (parameter groups), user access (database users, IAM roles), data encryption (enable TDE, choose key management), query security (prevent SQL injection in application), data classification, network access (security groups, private subnets). Customer owns: data and is responsible for its protection. Common mistake: assuming provider managed database = provider managed data security."
"(ISC)2 CCSP","CCSP","700","150","125","25","180","Cloud Data Security","What is 'de-identification' versus 'anonymization' of data?","Anonymization is a technical process while de-identification is a legal term for privacy compliance","Both terms are synonymous describing the same process of removing personal identifiers from data","De-identification applies to structured data while anonymization applies to unstructured text and documents","De-identification removes or modifies identifying information but may allow re-identification with additional data while anonymization is an irreversible process where re-identification is not reasonably possible","D","De-identification: remove direct identifiers (name, SSN, date of birth) but may still allow re-identification through quasi-identifiers (zip code + age + gender can often uniquely identify individuals — k-anonymity). Regulatory definitions: HIPAA Safe Harbor (remove 18 specified identifiers), HIPAA Expert Determination (statistical/scientific analysis). Anonymization: true anonymization is irreversible — re-identification is not 'reasonably possible'. GDPR: anonymous data not subject to GDPR. Challenge: proving true anonymization is extremely difficult with modern re-identification techniques and large datasets. Cloud: de-identified data may still be personal data under GDPR — important compliance distinction."
"(ISC)2 CCSP","CCSP","700","150","125","25","180","Cloud Data Security","What is 'cloud-based backup' security and what should be verified?","The compression of backup data to reduce cloud storage costs while maintaining data integrity","Securing cloud backup data including verifying that backups are encrypted with customer-managed keys access is restricted to authorized backup administrators and backup integrity is regularly tested through restoration exercises","A compliance requirement to store backup copies in a different cloud provider than production","A cloud provider guarantee that all customer data is automatically backed up without configuration","B","Cloud backup security: (1) Encryption (backups contain all production data — must be encrypted at rest, customer-managed keys preferred), (2) Access control (backup data access should be strictly limited — different from production access), (3) Separate account/subscription (backup in different account prevents production compromise from deleting backups), (4) Immutable backups (object lock/WORM — protect from ransomware that tries to delete backups), (5) Integrity testing (regular restore tests — untested backup = no backup), (6) Retention policy enforcement (delete old backups — don't retain sensitive data longer than needed), (7) Geographic separation (backup in different region — survive regional disaster)."
"(ISC)2 CCSP","CCSP","700","150","125","25","180","Cloud Data Security","What is 'data exfiltration prevention' in cloud and what controls are used?","Physical controls preventing data storage media from being removed from cloud data centers","A cloud network security measure preventing denial of service attacks from leaving the cloud","Preventing unauthorized data leaving cloud environments using controls including DLP policies egress monitoring network controls restricting data destinations and CASB to block data movement to unauthorized services","Preventing cloud providers from accessing customer data by using strong encryption at all times","C","Data exfiltration prevention controls: (1) DLP (inspect content leaving cloud — detect SSN, credit cards, sensitive documents), (2) CASB (block uploads to unauthorized cloud services — personal Dropbox vs. corporate SharePoint), (3) Network egress controls (restrict outbound connections — only approved destinations), (4) Endpoint controls (prevent downloads from cloud to unmanaged devices), (5) Encryption (data exfiltrated but encrypted is less useful to attacker), (6) Cloud-native (AWS Macie detects sensitive data access patterns, GuardDuty detects unusual API calls that retrieve large amounts of data), (7) Insider threat monitoring (UEBA — detect unusual data access by authorized users). Exfiltration is the end goal of most attacks — focus monitoring here."
"(ISC)2 CCSP","CCSP","700","150","125","25","180","Cloud Data Security","What is 'data lineage' and why does it matter for cloud security?","Tracking the complete journey of data from origin through all transformations copies and destinations which matters for security through understanding data flow regulatory compliance and incident response scope determination","A cloud provider service that tracks how data moves between different availability zones","A database feature that maintains version history of all data changes for audit purposes","A legal concept establishing original ownership rights over data created in cloud environments","A","Data lineage: where did this data come from, what happened to it, where did it go? Journey: data origin → ingestion → transformation → copy/replicate → storage → access → deletion. Security value: (1) Compliance (demonstrate data subject to specific regulations at each stage), (2) Incident response (if breach occurred, understand what data was potentially exposed — trace all copies), (3) Data flow validation (ensure sensitive data only goes to approved destinations), (4) Deletion verification (trace all copies to ensure complete deletion), (5) Audit (demonstrate data handling practices). Tools: Apache Atlas, AWS Glue data catalog, Azure Purview lineage. GDPR: document processing activities requires understanding lineage."
"(ISC)2 CCSP","CCSP","700","150","125","25","180","Cloud Data Security","What is 'cloud encryption gateway' and how does it work?","A VPN gateway that encrypts all traffic between enterprise networks and cloud services","A proxy that sits between cloud applications and users encrypting and tokenizing data before it reaches the cloud provider so the provider never has access to plaintext sensitive data","A cloud provider appliance that encrypts all traffic entering and leaving their data centers","A hardware security module deployed in cloud environments to manage encryption keys","B","Cloud encryption gateway (CipherCloud, Voltage): customer's application → encryption gateway (encrypt/tokenize sensitive fields) → cloud application stores only encrypted/tokenized values. Provider sees: ciphertext, not plaintext. Benefits: (1) Provider isolation (provider data breach = encrypted data useless), (2) Compliance (meet encryption requirements even for SaaS apps that don't support it natively), (3) Data sovereignty (encrypted data in foreign jurisdiction less of a concern). Challenges: performance overhead, breaks some cloud functionality (search on encrypted data is limited), format-preserving encryption needed for some use cases. CASB vendors often include encryption gateway features."
"(ISC)2 CCSP","CCSP","700","150","125","25","180","Cloud Data Security","What is 'object storage versioning' and how does it help with security?","A software versioning control system for tracking changes to application code stored in cloud","A performance optimization that caches multiple versions of objects closer to users globally","A compliance feature that creates immutable audit logs of all changes to cloud data","A cloud object storage feature that automatically preserves previous versions of objects enabling recovery from accidental deletion ransomware encryption and malicious modification attacks","D","Object versioning (S3 Versioning, Azure Blob versioning): every object modification or deletion creates a new version, retaining previous versions. Security value: (1) Ransomware protection (attacker encrypts objects → new versions created, previous unencrypted versions available), (2) Accidental deletion recovery (deleted object → previous versions retained, can restore), (3) Malicious modification recovery (insider threat corrupts data → restore previous version), (4) Audit trail (complete modification history). Cost: storage for all versions (manage with lifecycle policies). Best practice: enable versioning for all critical data. Combine with: MFA delete (require MFA to permanently delete versions), object lock (WORM — immutable)."
"(ISC)2 CCSP","CCSP","700","150","125","25","180","Cloud Data Security","What is 'data integrity' protection in cloud and how is it verified?","The process of validating that cloud data meets business quality standards before use","A cloud provider guarantee that data is stored without errors or corruption due to hardware failure","Guaranteeing that cloud data is always available and accessible to authorized users","Ensuring cloud data is not modified without authorization using cryptographic hashing digital signatures checksums and integrity monitoring tools that detect unauthorized changes","D","Data integrity in cloud: protect against unauthorized modification. Methods: (1) Cryptographic hashing (SHA-256 hash of data — change in hash = change in data), (2) Digital signatures (sign data — verify signature to confirm authenticity and integrity), (3) HMAC (Hash-based Message Authentication Code — hash + shared key), (4) Version control (track all changes), (5) Write-once storage (WORM — immutable storage prevents modification), (6) Database transaction integrity (ACID properties), (7) Audit logs (log all data modifications with actor, time, change). Cloud: object storage ETags (MD5 of content — verify download integrity), SSL/TLS for transit integrity. Integrity monitoring tools detect unauthorized file changes."
"(ISC)2 CCSP","CCSP","700","150","125","25","180","Cloud Data Security","What is 'data archival' in cloud and what security considerations apply?","A compliance process for notifying regulators about data that has been moved to archive storage","Creating backup copies of all cloud data for disaster recovery purposes","Permanently deleting old data that is no longer needed to reduce cloud storage costs","Moving infrequently accessed data to lower-cost storage tiers with security considerations including maintaining encryption continuity ensuring archived data remains accessible for compliance and verifying retrieval SLAs for legal holds","D","Cloud archival (AWS Glacier/Glacier Deep Archive, Azure Archive, GCP Archive Storage): significantly cheaper than standard storage for rarely accessed data. Security considerations: (1) Encryption continuity (ensure encryption maintained in archive tier — key management must remain active), (2) Access controls (archived data still needs protection — may be most sensitive historical data), (3) Retrieval time (Glacier Deep Archive: 12-48 hour retrieval — plan for legal holds and incident response), (4) Retention policy (how long keep archives? Different retention for different data types), (5) Legal hold (ensure archived data not deleted during litigation), (6) Key management (encryption keys must survive as long as encrypted data), (7) Data integrity (verify data integrity upon archival and retrieval)."
"(ISC)2 CCSP","CCSP","700","150","125","25","180","Cloud Data Security","What is 'bring your own encryption' (BYOE) or 'hold your own key' (HYOK)?","A GDPR compliance approach where customers retain copies of their own data independently","A security model where customers deploy their own encryption appliances alongside cloud services","A model where customers manage encryption keys entirely outside the cloud provider's infrastructure meaning the provider never has access to keys and therefore cannot decrypt customer data even under legal compulsion","A cloud pricing model where customers bring their own hardware to co-locate in provider data centers","C","HYOK/BYOE: ultimate key control. Customer manages keys in: on-premises HSM (Hardware Security Module), customer-controlled key management system outside cloud. Cloud provider: stores ciphertext, never has key. Contrast: BYOK (customer generates key, imports to cloud KMS — provider stores key), BYOE (customer keeps key always external). Benefits: (1) Provider cannot access data — perfect for sovereign requirements, (2) Legal process served to provider yields useless ciphertext, (3) Provider breach doesn't compromise data. Drawbacks: customer responsible for key availability, performance overhead, can break provider-managed features (key rotation, provider-managed snapshots). Azure Double Key Encryption, Google EKM (External Key Manager)."
"(ISC)2 CCSP","CCSP","700","150","125","25","180","Cloud Data Security","What is 'data security posture management' (DSPM) and how does it differ from CSPM?","DSPM is an older term for CSPM that has been replaced by the more specific cloud focus","CSPM covers cloud data while DSPM covers on-premises data in a hybrid cloud strategy","Both DSPM and CSPM are identical tools that security vendors market under different names","DSPM focuses specifically on discovering and protecting sensitive data across cloud data stores identifying where sensitive data lives who has access and whether it is properly protected while CSPM focuses on infrastructure configuration","D","DSPM (Dig Security, Securiti, Varonis, Cyera): data-centric security. Discovers: where is sensitive data (structured and unstructured), what classification applies, who can access it (and who does access it), is it properly protected. Answers: 'Where is our PII?' 'Who accessed our customer data last month?' 'Is this S3 bucket with credit card data encrypted?' CSPM: infrastructure-centric. Answers: 'Is this S3 bucket publicly accessible?' 'Does this security group allow unrestricted SSH?' 'Is MFA enabled on the root account?' Convergence: CNAPP platforms (Wiz, Prisma Cloud) incorporate both DSPM and CSPM. Different but complementary — CSPM finds misconfigured infrastructure, DSPM finds at-risk data."
"(ISC)2 CCSP","CCSP","700","150","125","25","180","Cloud Data Security","What is 'cloud data governance' and what does it encompass?","A financial governance process tracking cloud data storage costs across the organization","A framework of policies processes and accountabilities ensuring cloud data is properly managed throughout its lifecycle including ownership classification quality security and compliance with applicable regulations","A regulatory inspection process where authorities assess how organizations manage cloud data","Technical controls implemented by cloud providers to govern how customer data is stored","B","Cloud data governance framework: (1) Data ownership (who is responsible for each data set — data owner, data steward, data custodian), (2) Data classification (sensitivity levels, handling requirements), (3) Data quality (accuracy, completeness, timeliness — impacts business decisions and analytics), (4) Data lifecycle management (creation through destruction policies), (5) Data access management (who can access what, reviewed regularly), (6) Compliance management (regulatory requirements mapped to data types), (7) Data lineage and catalog (where is data, where has it been), (8) Metrics and monitoring (measure governance effectiveness). Program components: governance board, policies, data catalog, training. Without governance: shadow data, compliance failures, data breaches."
"(ISC)2 CCSP","CCSP","700","150","125","25","180","Cloud Data Security","What is 'privacy enhancing technology' (PET) and what types are used in cloud?","Cloud provider privacy features that automatically comply with GDPR and other regulations","Cloud security tools that prevent unauthorized users from viewing personal data in applications","Encryption standards specifically designed to protect personal information under privacy laws","Technologies that protect personal privacy while enabling data utility including differential privacy federated learning homomorphic encryption secure multiparty computation and k-anonymity used in cloud analytics and ML","D","PETs: enable data utility while minimizing privacy risk. Types: (1) Differential Privacy (add mathematical noise to query results — individual data indistinguishable, aggregate accurate — used by Apple, Google for telemetry), (2) Federated Learning (train ML model on distributed data, model weights shared not data — Google Keyboard), (3) Homomorphic Encryption (compute on encrypted data — emerging, computationally expensive), (4) Secure Multi-Party Computation (multiple parties compute jointly without revealing inputs), (5) Pseudonymization (replace identifier with pseudonym — GDPR acknowledges as protective measure), (6) K-anonymity (each record indistinguishable from k-1 others). Cloud analytics without sacrificing privacy."
"(ISC)2 CCSP","CCSP","700","150","125","25","180","Cloud Platform and Infrastructure Security","What is 'immutable infrastructure' and what security benefit does it provide?","Infrastructure protected by immutable cryptographic certificates that cannot be altered","A cloud architecture where physical hardware is fixed and cannot be reconfigured","Infrastructure that is never modified after deployment — instead of patching running servers new instances are launched from updated images providing security benefits through consistent known-good state and elimination of configuration drift","Infrastructure that cannot be deleted or modified by anyone except the cloud provider","C","Immutable infrastructure: servers never patched in place. Process: build → test → deploy new image → terminate old. Benefits: (1) No configuration drift (every instance from same golden image), (2) No patch management of running instances (replace instead of patch), (3) Forensics confidence (known-good state at deployment), (4) Rollback (redeploy previous image if issues), (5) Eliminates 'snowflake' servers (unique configurations from years of manual changes). Implementation: AMI/VM image pipeline, packer for image building, auto-scaling group (replace instances on update). Security: each deployment is security-reviewed image, no accumulation of ad-hoc changes that create unknown vulnerabilities."
"(ISC)2 CCSP","CCSP","700","150","125","25","180","Cloud Platform and Infrastructure Security","What is 'cloud identity federation' and what protocols implement it?","A cloud IAM feature that copies user accounts between different cloud provider accounts automatically","A mechanism allowing users to authenticate once with their organizational identity provider and access cloud services using that identity with protocols including SAML 2.0 for enterprise federation and OIDC for consumer and developer scenarios","A network federation protocol connecting different cloud providers' network infrastructure","A database federation technology that combines multiple cloud databases into single logical database","B","Cloud identity federation: use enterprise IdP (Active Directory, Okta, Ping) to authenticate to cloud services. Users: one credential, multiple services. Protocols: SAML 2.0 (XML-based, mature, enterprise SSO — AWS SSO, Azure AD federation), OIDC (JSON/JWT-based, newer, developer-friendly — Google Cloud, GitHub Actions), WS-Federation (Microsoft ecosystem, older). Process: browser redirected to IdP → user authenticates → IdP issues token/assertion → cloud service validates → access granted. Benefits: centralized identity management, consistent MFA enforcement, simplified offboarding (disable in IdP → all cloud access revoked). Risks: IdP compromise = all federated services compromised."
"(ISC)2 CCSP","CCSP","700","150","125","25","180","Cloud Platform and Infrastructure Security","What is 'cloud key management service' (KMS) and what should customers consider?","A cloud provider tool for managing API keys and access tokens used by cloud applications","A certificate authority service that issues and manages TLS certificates for cloud services","A password management service that stores and rotates database connection credentials","A cloud service for creating storing and managing cryptographic keys with customers considering key custody (provider vs customer managed) key rotation policies hardware security module backing and audit logging of key usage","D","Cloud KMS (AWS KMS, Azure Key Vault, Google Cloud KMS): centralized key management. Considerations: (1) Key custody (provider-managed vs. customer-managed CMK — BYOK), (2) HSM backing (CloudHSM, Azure Dedicated HSM — FIPS 140-2 Level 3 hardware), (3) Key rotation (automatic rotation policy — AWS KMS supports annual rotation), (4) Access control (IAM policies restrict who can use/manage keys — separate key admin from key user), (5) Audit logging (every key use logged — CloudTrail for KMS operations), (6) Key lifecycle (key states: enabled, disabled, pending deletion), (7) Multi-region keys (replicate keys for multi-region applications while maintaining control), (8) Regulatory requirements (some regulations require customer-managed keys)."
"(ISC)2 CCSP","CCSP","700","150","125","25","180","Cloud Platform and Infrastructure Security","What is 'virtual machine escape' and how is it prevented?","The migration of virtual machines from one cloud provider to another as part of cloud exit strategy","A security breach where malicious code in a guest VM exploits hypervisor vulnerabilities to break out of the VM boundary and access the host system or other guest VMs requiring hypervisor hardening and prompt patching as prevention","A cloud networking attack where VM traffic escapes network segmentation controls","The process of extracting data from virtual machine images for forensic analysis purposes","B","VM escape: attacker in VM exploits hypervisor vulnerability → accesses hypervisor → other VMs or host. History: rare but serious — Venom (CVE-2015-3456), VMware ESXi vulnerabilities. Prevention: (1) Hypervisor hardening (minimize attack surface, disable unused features), (2) Prompt patching (hypervisor vulnerabilities patched immediately — providers patch rapidly), (3) Least privilege for VMs (minimize what guest VMs can do — device access restrictions), (4) Monitoring (anomalous behavior in hypervisor), (5) Dedicated hosts (high-security workloads on physically separate hardware — AWS Dedicated Hosts), (6) Nested virtualization disabled (where not needed). Provider responsibility: maintain hypervisor security. Customer can't directly patch hypervisor in public cloud."
"(ISC)2 CCSP","CCSP","700","150","125","25","180","Cloud Platform and Infrastructure Security","What is 'security group' versus 'network access control list' (NACL) in AWS?","Security groups control application-level traffic while NACLs control network-level IP traffic","Both security groups and NACLs are identical controls placed at different positions in the AWS network","Security groups are stateful instance-level firewalls that only require allowing inbound traffic with responses automatically allowed while NACLs are stateless subnet-level controls requiring explicit allow rules for both inbound and outbound traffic","NACLs apply to individual EC2 instances while security groups apply to entire VPC subnets","C","Security groups vs NACLs: Security Groups: stateful (track connection state — allow inbound port 80, return traffic automatically allowed), instance/resource level (attach to EC2, RDS, Lambda), default deny (all traffic blocked unless explicitly allowed), can reference other security groups. NACLs: stateless (must explicitly allow both inbound and outbound — allow inbound 443, must also explicitly allow outbound response), subnet level (apply to all resources in subnet), ordered rules (rules evaluated in number order — first match wins), allow and deny rules supported. Use together: security groups for instance granularity, NACLs for subnet-level additional controls and explicit deny rules."
"(ISC)2 CCSP","CCSP","700","150","125","25","180","Cloud Platform and Infrastructure Security","What is 'cloud network monitoring' and what tools and techniques are used?","Continuous inspection and analysis of cloud network traffic using VPC flow logs packet mirroring WAF logs and cloud-native monitoring services to detect anomalies intrusions and policy violations","Monitoring of cloud provider network infrastructure performance by the provider's operations team","A compliance activity generating reports of all network connections for regulatory purposes","Performance monitoring of cloud network bandwidth to optimize application performance","A","Cloud network monitoring: (1) VPC Flow Logs (network traffic metadata — source/dest IP, port, bytes, accepted/rejected — not packet payload), (2) Packet mirroring (AWS Traffic Mirroring, Azure VNet TAP — full packet capture for deep inspection), (3) WAF logs (application layer attack attempts), (4) DNS logs (Route 53 query logs, unusual DNS = possible C2, exfiltration), (5) Cloud-native IDS (AWS GuardDuty, Azure Defender — ML-based threat detection using flow logs and other sources), (6) Third-party NDR (network detection and response — Darktrace, Vectra — deeper behavioral analysis). Challenges: volume, cost, encryption (flow logs don't show payload)."
"(ISC)2 CCSP","CCSP","700","150","125","25","180","Cloud Platform and Infrastructure Security","What is 'privileged access management' (PAM) in cloud and why is it critical?","A compliance framework for documenting which employees have administrative access to cloud","A financial control that limits cloud spending by privileged cloud administrators","A security discipline controlling and monitoring privileged accounts and access in cloud environments that is critical because cloud privileged accounts can provision and destroy entire infrastructure making them extremely high-value targets","A cloud provider service that automatically removes excessive permissions from user accounts","C","Cloud PAM: manage highly privileged cloud access (cloud admin, root account, break-glass accounts). Why critical: cloud admin = ability to provision/delete infrastructure, modify security controls, access all data, create backdoor accounts. Controls: (1) No standing privileges (just-in-time privileged access — request, approve, grant temporarily, revoke), (2) MFA for all privileged accounts, (3) Session recording (record all privileged sessions for audit), (4) Separate privileged accounts (admin account separate from daily-use account), (5) Root account protection (lock away root/owner account — MFA, no access keys, rarely used), (6) Break-glass procedures (emergency privileged access with immediate alerting). Tools: CyberArk, Delinea (formerly Thycotic), HashiCorp Boundary, AWS IAM Identity Center."
"(ISC)2 CCSP","CCSP","700","150","125","25","180","Cloud Platform and Infrastructure Security","What is 'infrastructure drift' and how is it detected and remediated?","Configuration drift occurs when actual cloud infrastructure state diverges from the desired state defined in IaC or policies detected through continuous compliance checking and remediated by re-applying authoritative configurations","The migration of infrastructure from one cloud provider to another due to changing business needs","Performance degradation that occurs when cloud infrastructure becomes outdated over time","Security vulnerabilities that emerge gradually as new threats develop against unchanged infrastructure","A","Infrastructure drift: actual state ≠ desired state. Causes: manual changes (console modifications bypassing IaC), emergency changes not documented, automated processes modifying resources. Detection: (1) AWS Config (continuously records configuration state, compares to desired — rules detect non-compliant resources), (2) Azure Policy (continuously checks resource configurations), (3) Terraform plan (shows what would change — reflects drift from code), (4) Chef InSpec / AWS Systems Manager State Manager (desired state management). Remediation: (1) Auto-remediation (detect and fix automatically — e.g., make bucket private when drift detected), (2) Alert and fix manually, (3) Prevent (restrict permissions — only IaC can make changes, block console changes). Drift = security risk (manual changes may introduce vulnerabilities)."
"(ISC)2 CCSP","CCSP","700","150","125","25","180","Cloud Platform and Infrastructure Security","What is 'microsegmentation' and how does it improve cloud security?","A security technique that creates fine-grained network segments often at the workload or application level allowing security policies to be applied to specific flows between individual services rather than broad network segments","Physical segmentation of cloud data center floor space into dedicated customer areas","A deployment technique using very small virtual machine instances for cost optimization","Dividing cloud billing into micro-charges based on individual service component usage","A","Microsegmentation: granular network control — not just 'web tier can talk to app tier' but 'web server A can talk to app server B on port 8080 only.' Implementation: (1) Host-based firewalls (rules on each VM), (2) Software-defined networking (VMware NSX, Cisco ACI), (3) Service mesh (Istio — automatic mTLS and policy between services in Kubernetes), (4) Cloud security groups with specific allow rules. Benefits: (1) Lateral movement prevention (attacker in one service can't reach others), (2) Blast radius reduction (compromised component isolated), (3) Zero trust implementation (no implicit east-west trust). Trade-off: operational complexity (many policies to manage)."
"(ISC)2 CCSP","CCSP","700","150","125","25","180","Cloud Platform and Infrastructure Security","What is 'cloud storage encryption at rest' and what key management options exist?","Encrypting data stored in cloud storage with key management options ranging from SSE-S3 (provider-managed keys) through SSE-KMS (customer-managed in AWS KMS) to SSE-C (customer-provided keys) representing increasing customer control","A network security measure that encrypts data while it is being transferred to cloud storage","A cloud provider default that automatically encrypts all stored data without customer involvement","A compliance certification indicating that cloud storage providers encrypt data at rest","A","AWS S3 encryption options (representative of cloud generally): (1) SSE-S3 (Server-Side Encryption with S3 keys): provider manages everything, transparent to customer, AES-256. (2) SSE-KMS (Server-Side Encryption with KMS): customer-managed CMK in AWS KMS, separate permissions, audit trail of key usage, regulatory compliance. (3) SSE-C (customer-provided keys): customer provides key with each request, AWS doesn't store key, maximum control, operational complexity. (4) Client-side encryption: encrypt before upload, AWS never sees plaintext. Trade-offs: SSE-S3 (easy, least control), SSE-KMS (good balance), SSE-C (maximum control, most complex). CCSP: understand the spectrum of key control options."
"(ISC)2 CCSP","CCSP","700","150","125","25","180","Cloud Platform and Infrastructure Security","What is 'cloud penetration testing' and what are the rules of engagement?","An unauthorized security assessment conducted by security researchers to discover cloud vulnerabilities","A compliance exercise where cloud customers verify their security meets baseline requirements","Authorized security testing of cloud environments to identify vulnerabilities with rules of engagement requiring notification to the cloud provider following their penetration testing policies and scoping testing to customer-controlled resources only","Testing performed by cloud providers to validate their own security controls annually","C","Cloud pen test rules: (1) Scope: test only your own resources (not shared infrastructure — hypervisor, provider network), (2) Provider notification: AWS requires notification for some test types (DDoS simulation, volume testing), Azure requires pre-authorization form, GCP follows acceptable use policy, (3) What's prohibited: DDoS testing of provider infrastructure, DNS zone walking, network discovery of provider infrastructure, (4) Test authorization documentation: get written authorization from your organization, (5) Avoid production impact: use separate test environment or clearly scope to limit impact. Cloud pen testing includes: IAM configuration testing, application security, configuration review, network architecture, API security. CCSP: know that rules differ from on-premises pen testing."
"(ISC)2 CCSP","CCSP","700","150","125","25","180","Cloud Platform and Infrastructure Security","What is 'cloud HSM' (Hardware Security Module) and when is it required?","A dedicated tamper-resistant hardware device for cryptographic operations and key storage that provides FIPS 140-2 Level 3 validation required when regulations mandate hardware-based key protection or customer-exclusive key custody","A high-speed memory module optimized for storing large volumes of encrypted cloud data","A hardware device used by cloud providers to authenticate their own infrastructure components","A cloud provider appliance that secures the hypervisor layer against virtual machine escape attacks","A","Cloud HSM (AWS CloudHSM, Azure Dedicated HSM, Thales Cloud HSM): dedicated FIPS 140-2 Level 3 hardware in cloud data center. Key characteristics: customer has exclusive key custody (provider cannot access keys), single-tenant hardware (not shared), customer manages HSM entirely. Use cases: (1) Regulations requiring hardware-based key storage (FIPS 140-2 L3, PCI DSS, some government requirements), (2) Customer-exclusive key control, (3) Code signing, (4) Certificate authority private key protection, (5) Custom cryptographic algorithms. Cost: significantly more expensive than KMS. When to use: when regulatory or policy requirement mandates it, or when software KMS insufficient. AWS KMS uses HSM internally but is multi-tenant; CloudHSM is single-tenant dedicated."
"(ISC)2 CCSP","CCSP","700","150","125","25","180","Cloud Platform and Infrastructure Security","What is 'supply chain security' for cloud and what risks exist?","A procurement process ensuring cloud hardware meets physical security requirements","A financial risk management approach for ensuring cloud providers remain financially stable","Geographic diversification of cloud providers to reduce single-region supply chain risks","Managing security risks from cloud provider infrastructure third-party software libraries container images IaC modules and managed services that form the cloud supply chain with risks including compromised dependencies and malicious packages","D","Cloud supply chain risks: (1) Third-party libraries (npm, PyPI packages with vulnerabilities or malicious code — Log4Shell, XZ Utils), (2) Container base images (vulnerable or malicious base images from Docker Hub), (3) IaC modules (Terraform registry modules with backdoors), (4) CI/CD pipelines (compromised build tools inject malicious code), (5) Cloud provider dependencies (provider services compromised — SolarWinds-style attacks on cloud management tools), (6) Marketplace applications (cloud marketplace apps with vulnerabilities). Controls: SBOM (Software Bill of Materials), signed packages (Sigstore/cosign for containers), approved registries (internal registry with pre-approved images), SCA scanning, binary authorization (enforce image signing in Kubernetes)."
"(ISC)2 CCSP","CCSP","700","150","125","25","180","Cloud Platform and Infrastructure Security","What is 'cloud security assessment' and what methodologies are used?","A financial assessment of the costs associated with implementing cloud security controls","A comprehensive evaluation of cloud security controls using methodologies including cloud security framework reviews CSPM tool analysis architecture review IAM analysis and threat modeling to identify security gaps and risks","A performance benchmark comparing cloud security to on-premises security capabilities","A regulatory inspection of cloud providers conducted by government cybersecurity agencies","B","Cloud security assessment methodologies: (1) Framework-based review (CIS Cloud Security Benchmarks — specific checks for AWS/Azure/GCP, CSA CCM, NIST CSF applied to cloud), (2) CSPM tool analysis (automated scanning for misconfigurations — AWS Security Hub, Wiz, Prisma Cloud), (3) Architecture review (threat modeling, trust boundary analysis, data flow review), (4) IAM analysis (permission analysis, privilege escalation paths — BloodHound for cloud, CIEM tools), (5) Penetration testing (manual adversarial testing of cloud environment), (6) Red team exercise (simulated attack campaign). Output: risk-rated findings, remediation roadmap. Continuous vs. point-in-time: continuous better for dynamic cloud environments."
"(ISC)2 CCSP","CCSP","700","150","125","25","180","Cloud Platform and Infrastructure Security","What is 'cloud-to-cloud' security risk and why is it often overlooked?","Security risks from geographic distance between cloud provider regions causing latency","Security vulnerabilities in cloud provider peering connections used for data center connectivity","Security risks from connections and data flows between different cloud services or providers including OAuth token abuse over-privileged integrations and data shared with third-party cloud services integrated into primary cloud environments","Risks from transferring data between private cloud and public cloud in hybrid deployments","C","Cloud-to-cloud risks: modern applications integrate many cloud services. Integration patterns: (1) OAuth tokens (cloud app A authorized to access cloud service B on behalf of user — what happens if app A is compromised?), (2) API integrations (SaaS A sends data to SaaS B for analytics — who is responsible for security?), (3) iPaaS (integration platform as a service — Zapier, Workato — data flows through these platforms), (4) Webhook data (events sent to third-party endpoints — potential data exposure), (5) Cloud provider peering (connect VPCs across providers). Often overlooked because: no visibility into third-party processing, not in organizational perimeter, security teams not aware of all integrations. Shadow integrations particularly risky."
"(ISC)2 CCSP","CCSP","700","150","125","25","180","Cloud Platform and Infrastructure Security","What is 'cloud incident containment' and what cloud-native mechanisms are used?","The process of scaling down cloud resources during a security incident to reduce attack surface","Preventing cloud providers from discovering security incidents before they are fully resolved","A cloud provider service that automatically contains security incidents without customer action","Actions taken to limit the impact of a cloud security incident using cloud-native mechanisms including security group modification snapshot creation for forensics IAM permission revocation and network isolation of compromised resources","D","Cloud incident containment steps: (1) Isolation (modify security groups — remove all inbound/outbound allow rules for compromised instance), (2) Forensic preservation (snapshot EBS volumes, RDS snapshot — preserve evidence before changes), (3) Revoke credentials (disable/delete access keys, revoke IAM roles, rotate secrets), (4) Network isolation (move to isolated VPC, remove from load balancer target group), (5) Block public access (disable internet-facing endpoints), (6) Detach roles (remove IAM roles from compromised instance), (7) VPC flow logs analysis (understand what communications occurred). For serverless: disable function, revoke execution role. Speed is critical: cloud makes containment fast but attackers also work fast. Pre-prepare IR runbooks for cloud-specific scenarios."
"(ISC)2 CCSP","CCSP","700","150","125","25","180","Cloud Application Security","What is 'cloud application vulnerability management' and how does it differ from infrastructure?","A compliance requirement for annual penetration testing of all cloud-hosted applications","Managing vulnerabilities specific to cloud-hosted applications including web application vulnerabilities API security issues authentication flaws and framework vulnerabilities separate from infrastructure-level OS and network vulnerabilities","The same process as infrastructure vulnerability management applied to application layer components","A cloud provider service that automatically patches applications deployed on managed platforms","B","Cloud application vuln management: distinct layer from infrastructure. Application vulnerabilities: OWASP Top 10 (injection, broken auth, IDOR, etc.), business logic flaws, API vulnerabilities (BOLA, broken function authorization), framework/library vulnerabilities. Tools and methods: DAST (scan running application — OWASP ZAP, Burp Suite Enterprise), SCA (dependency vulnerabilities — Snyk, Dependabot), API security testing (Postman security tests, 42Crunch), bug bounty programs, application pen testing. Different from infrastructure (OS CVEs, hypervisor vulnerabilities, network configuration). Both required. CCSP: application security is Domain 4 — distinct from infrastructure (Domain 3)."
"(ISC)2 CCSP","CCSP","700","150","125","25","180","Cloud Application Security","What is 'single sign-on' (SSO) and what security considerations does it introduce?","A cloud performance optimization reducing authentication overhead by caching credentials","An authentication scheme allowing users to log in once and access multiple cloud applications with security considerations including the SSO provider becoming a single point of failure and a high-value attack target","A security control requiring users to authenticate with a single strong factor for all cloud applications","A compliance requirement ensuring users only have one active session per cloud application at a time","B","SSO: authenticate once, access many applications. Standards: SAML 2.0 (enterprise), OIDC (modern apps), Kerberos (Windows enterprise). Security considerations: (1) Single point of failure (SSO down → can't access any applications — high availability critical), (2) Single point of compromise (breach SSO → all applications), (3) Token abuse (stolen tokens valid for all connected services), (4) MFA positioning (MFA at SSO layer protects all applications), (5) Session management (SSO session persistence — how long before re-auth required?), (6) Application trust (all applications trust SSO — ensure only authorized apps registered). Benefits: consistent security policy, simplified offboarding, MFA enforcement at one point. Providers: Okta, Azure AD, Ping, Auth0."
"(ISC)2 CCSP","CCSP","700","150","125","25","180","Cloud Application Security","What is 'software-defined perimeter' (SDP) and how does it apply to cloud applications?","A security model that creates secure one-to-one network connections between authorized users and specific cloud application resources making other resources invisible to unauthenticated parties implementing zero trust principles","A compliance framework defining the minimum security controls required at cloud application boundaries","A cloud network security control that defines perimeter firewall rules using software rather than hardware","A virtual network boundary that separates cloud applications from internet traffic using SDN","A","SDP (Cloud Security Alliance): implement zero trust for application access. Concepts: (1) Authentication before network access (user authenticates BEFORE seeing what resources exist — 'black cloud'), (2) Dynamic one-to-one connections (once authorized, encrypted tunnel created to specific authorized resource), (3) Need-to-know basis (user sees only resources they're authorized for), (4) Device verification (device posture checked before connection established). Implementation: SDP controller + SDP gateway + SDP client. Cloud use: secure access to cloud-hosted applications without VPN exposing entire network. Examples: Cloudflare Access, Zscaler Private Access, Palo Alto Prisma Access. Modern replacement for traditional VPN."
"(ISC)2 CCSP","CCSP","700","150","125","25","180","Cloud Application Security","What is 'secure CI/CD pipeline' and what security controls should be integrated?","A software delivery pipeline with security controls integrated at each stage including code scanning secrets detection image scanning policy enforcement and deployment controls that prevent insecure code from reaching production","A compliance process requiring security review at the end of each software sprint","A cloud provider service that manages software deployment while preventing security vulnerabilities","A physical security mechanism preventing unauthorized physical access to build servers","A","Secure CI/CD pipeline controls by stage: Pre-commit: secrets detection (git-secrets, gitleaks), linting. Build: SAST (static analysis — find code vulnerabilities), SCA (open source dependency vulnerabilities), license compliance. Test: DAST (test running application), integration security tests. Container build: image scanning (Trivy, Clair — before pushing to registry), image signing (cosign). Registry: access control, image signing policy enforcement. Staging: penetration testing, DAST, security acceptance tests. Production deployment: binary authorization (only signed, approved images), gradual rollout, monitoring. Controls: break build on critical findings, require security approval for high-risk changes, immutable artifacts (artifact cannot be modified after signing)."
"(ISC)2 CCSP","CCSP","700","150","125","25","180","Cloud Application Security","What is 'application programming interface' (API) gateway and its security role?","A managed service sitting between API clients and backend services providing authentication authorization rate limiting logging and traffic management that serves as a central security control point for cloud APIs","A hardware appliance that manages network traffic between cloud applications and end users","A database management interface that provides controlled access to cloud database APIs","A network gateway device that converts between different network protocols for cloud services","A","API Gateway (AWS API Gateway, Azure API Management, Google Cloud Endpoints, Kong): centralized API management. Security functions: (1) Authentication (API key validation, JWT validation, OAuth 2.0 integration), (2) Authorization (method-level access control — who can call which API), (3) Rate limiting (prevent API abuse, brute force), (4) Input validation (basic schema validation before backend), (5) TLS termination (HTTPS enforcement), (6) WAF integration (API-specific WAF rules), (7) Logging (all API calls logged — who called what, when, from where), (8) IP allowlisting/blocking, (9) Request/response transformation (scrub sensitive data from responses). Central enforcement: apply security once, applies to all APIs."
"(ISC)2 CCSP","CCSP","700","150","125","25","180","Cloud Application Security","What is 'cloud application penetration testing' methodology?","A performance load test simulating production traffic to identify application bottlenecks","A compliance checklist review comparing application security controls to regulatory requirements","An adversarial security assessment of cloud-hosted applications following a methodology including reconnaissance information gathering threat modeling vulnerability scanning and manual exploitation tailored to cloud-specific attack vectors","Automated vulnerability scanning of cloud applications using cloud provider native tools","C","Cloud application pen test methodology: (1) Planning (scope, rules of engagement, authorization, cloud provider notification), (2) Reconnaissance (application structure, technology stack, cloud services used, API endpoints), (3) Threat modeling (identify high-risk attack vectors for this specific application), (4) Scanning (DAST, API scanning, cloud misconfiguration check), (5) Manual testing (business logic, complex vulnerabilities not found by scanners, cloud-specific: SSRF to metadata endpoint, IAM role abuse), (6) Exploitation (validate findings, determine actual impact), (7) Reporting (findings with CVSS scores, remediation guidance). Cloud-specific focus: SSRF, IAM privilege escalation, serverless injection, container escape, API BOLA."
"(ISC)2 CCSP","CCSP","700","150","125","25","180","Cloud Application Security","What is 'content delivery network' (CDN) security and what threats does it address?","A network encryption protocol that CDNs use to protect content from interception during delivery","Physical security of CDN edge nodes distributed in multiple geographic locations worldwide","CDN security distributes content globally while providing DDoS mitigation WAF capabilities bot protection and TLS offloading with threats addressed including volumetric DDoS attacks web application attacks and credential stuffing","A compliance framework ensuring CDN providers meet data protection requirements for cached content","C","CDN security (Cloudflare, Akamai, AWS CloudFront, Fastly): (1) DDoS mitigation (absorb volumetric attacks at edge — massive scrubbing capacity), (2) WAF (protect origin application from OWASP Top 10 at edge), (3) Bot protection (challenge suspicious traffic — CAPTCHA, JavaScript challenges, behavior analysis), (4) Rate limiting (prevent credential stuffing, API abuse), (5) TLS termination at edge (HTTPS enforcement, certificate management), (6) Content caching (reduce origin load — but cache poisoning risk), (7) Geo-blocking (restrict access by country). Security consideration: CDN as MITM (CDN sees unencrypted traffic between CDN and browser — trust CDN provider). Re-encryption from CDN to origin (full TLS chain)."
"(ISC)2 CCSP","CCSP","700","150","125","25","180","Cloud Application Security","What is 'cloud application logging and auditing' and what should be captured?","Comprehensive logging of application security events including authentication events authorization decisions data access API calls errors and anomalies to support incident detection compliance auditing and forensic investigation","Cloud provider billing logs showing application resource consumption for cost management","A compliance activity requiring applications to generate monthly security reports for auditors","Performance logs measuring application response times and throughput for optimization","A","Application security logging requirements: (1) Authentication events (successful logins, failed attempts, MFA events, logouts, password changes), (2) Authorization events (access granted/denied, privilege changes), (3) Data access (who accessed what data — especially sensitive data), (4) API calls (all API calls with requestor identity, timestamp, parameters), (5) Application errors (security-relevant errors, exceptions, validation failures), (6) Configuration changes (security setting modifications), (7) File operations (uploads, downloads, deletions). Storage: centralized (cloud SIEM), tamper-evident (log immutability), sufficient retention (1-2 years minimum). Detection: SIEM correlation rules for suspicious patterns. CCSP: logging is a detective control — don't just collect, actually analyze."
"(ISC)2 CCSP","CCSP","700","150","125","25","180","Cloud Application Security","What is 'cloud application security testing' using OWASP methodology?","Running OWASP open-source security tools on cloud infrastructure to detect vulnerabilities","A compliance framework based on OWASP standards for cloud application security programs","Following the OWASP Testing Guide methodology to systematically test cloud applications for the OWASP Top 10 vulnerabilities using a combination of automated tools and manual techniques adapted for cloud-hosted applications","An OWASP certification program for cloud application developers demonstrating security knowledge","C","OWASP Testing Guide (OTG): structured manual testing methodology. Phases: (1) Information gathering (technology fingerprinting, application mapping, API discovery), (2) Configuration testing (network/infrastructure config, file extensions, HTTP methods), (3) Authentication testing (credentials, MFA, session management, remember me), (4) Authorization testing (path traversal, privilege escalation, IDOR), (5) Session management testing (cookie attributes, CSRF, session fixation), (6) Input validation testing (SQL injection, XSS, command injection, SSRF), (7) Error handling (information disclosure in errors), (8) Cryptography testing (weak algorithms, improper implementation). Cloud adaptation: include SSRF to metadata service, cloud-specific APIs, serverless function testing."
"(ISC)2 CCSP","CCSP","700","150","125","25","180","Cloud Application Security","What is 'cloud application firewall bypass' and how is it mitigated?","Techniques attackers use to circumvent WAF rules including encoding obfuscation HTTP parameter pollution and protocol manipulation mitigated through WAF tuning regular rule updates and defense in depth with RASP","Firewall rules that are intentionally left open to allow legitimate cloud application traffic","Exploiting cloud provider network vulnerabilities to bypass application security controls","A physical attack bypassing network firewalls protecting cloud applications","A","WAF bypass techniques: (1) Encoding (URL encode, double encode, Unicode encode attack payloads — WAF patterns expect specific form), (2) Case variation (SeLeCt instead of SELECT), (3) Comment injection (SEL/**/ECT — SQL ignores comments, WAF pattern breaks), (4) Parameter pollution (duplicate params — WAF checks one, backend uses other), (5) HTTP request smuggling (split request between WAF and backend), (6) Large payloads (exceed WAF inspection limit), (7) Evasion of specific rules (testing WAF behavior to find gaps). Mitigation: WAF tuning (regularly update rules, test for bypass), defense in depth (WAF + RASP + parameterized queries — not relying on WAF alone), RASP (can't be bypassed from outside application), application-layer security (parameterized queries prevent SQL injection regardless of WAF)."
"(ISC)2 CCSP","CCSP","700","150","125","25","180","Cloud Application Security","What is 'cloud application identity and access' best practice?","Using a single shared administrative account for all cloud application functions to simplify management","Cloud applications should use root account credentials for simplicity when managing cloud resources","Embedding long-lived credentials in application code for reliable cloud service access","Cloud application IAM best practices include using IAM roles instead of access keys for applications service accounts with minimal permissions secrets management for credentials and regular rotation and review of application permissions","D","Cloud application IAM best practices: (1) IAM roles over access keys (EC2 instance roles, Lambda execution roles — no key storage, automatic rotation), (2) Least privilege (application only needs specific permissions — not admin, not *, not all actions on all resources), (3) Secrets manager (database passwords, API keys in Secrets Manager — auto-rotation), (4) No hardcoded credentials (in code, config files, Docker images, git repos), (5) Service accounts per application (not shared — limit blast radius), (6) Regular permission review (remove unused permissions), (7) Cross-account roles (assume role in another account — no credential sharing), (8) Resource-based policies (restrict which specific resources can be accessed). Most breaches: compromised over-privileged credentials."
"(ISC)2 CCSP","CCSP","700","150","125","25","180","Cloud Application Security","What is 'containerized application security scanning' and what should be scanned?","A network security scan of container orchestration infrastructure for configuration weaknesses","A compliance audit of container deployment processes for regulatory requirement verification","Security scanning of container images and running containers including OS package vulnerabilities application dependencies Dockerfile misconfigurations secret exposure and compliance with security policies","Physical scanning of server hardware running container workloads for security vulnerabilities","C","Container scanning scope: (1) OS layer (base image vulnerabilities — CVEs in Ubuntu, Alpine packages), (2) Application dependencies (npm, pip, maven packages in app layer), (3) Dockerfile security (running as root, unnecessary packages, ADD vs COPY, HEALTHCHECK missing, secrets in ENV), (4) Secrets in image (scan all layers for embedded credentials, API keys), (5) Image composition (are you using a known-good base? Is it official or community?), (6) Malware (scan for known malware signatures in image). Scanning points: at build time (CI pipeline), in registry (scan on push and periodically), at deployment (admission controller blocks non-compliant images), runtime (detect behavioral anomalies). Tools: Trivy, Clair, Snyk Container, Grype, Anchore."
"(ISC)2 CCSP","CCSP","700","150","125","25","180","Cloud Application Security","What is 'API versioning security' and what risks do old API versions introduce?","A software development practice for tracking API changes that has no direct security implications","An authentication mechanism that validates which API version a client is authorized to use","A compliance requirement to maintain API documentation for all versions for regulatory purposes","Managing multiple API versions introduces security risks when old versions with known vulnerabilities remain accessible after patching newer versions creating shadow APIs that bypass security controls applied to current versions","D","API versioning security risks: (1) Unpatched old versions (vulnerability in v1 patched in v2 — old v1 still accessible → bypass patch), (2) Missing security controls (WAF rules, rate limiting, authentication added to v2 but not v1), (3) Shadow APIs (old versions not in API catalog — no inventory, no monitoring), (4) Forgotten endpoints (deprecated API still functional, no one monitoring), (5) Testing shortcuts (QA tested v2, v1 has different behavior not tested). Detection: OWASP API Security API9 — Improper Inventory Management. Mitigation: (1) Track all API versions in API catalog, (2) Apply identical security controls to all versions, (3) Actively deprecate and remove old versions (enforce version sunsetting), (4) Monitor all API versions for anomalies. Regularly audit which API versions are still receiving traffic."
"(ISC)2 CCSP","CCSP","700","150","125","25","180","Cloud Security Operations","What is 'cloud log management' best practice and what should be centralized?","A cloud provider service that automatically analyzes and remediates security issues from logs","Storing all cloud logs in the same cloud account as the production workloads being logged","Limiting log collection to only critical security events to manage cloud storage costs","Centralizing logs from all cloud services including control plane events network logs application logs identity events and container logs to a SIEM with tamper-evident storage retention policies and automated analysis","D","Cloud log management best practices: (1) Centralize all logs (separate log archive account/subscription — prevents compromise from deleting logs), (2) Sources: CloudTrail (API calls), VPC Flow Logs, CloudWatch Logs, WAF logs, ALB/ELB access logs, RDS logs, GuardDuty findings, Config changes, S3 access logs, Application logs, Container logs. (3) Tamper-evident (write once, read many — CloudTrail log file validation, immutable storage), (4) Retention (minimum 1 year online, 7 years archived for most compliance), (5) Encryption (encrypt log archives), (6) Centralized analysis (SIEM ingestion — don't just collect, correlate and analyze), (7) Alerting (real-time alerts on critical events). Cost management: set lifecycle policies, use compression, archive to cheaper tiers."
"(ISC)2 CCSP","CCSP","700","150","125","25","180","Cloud Security Operations","What is 'cloud threat detection' using native services?","Using cloud-provider native services like AWS GuardDuty Azure Defender for Cloud and GCP Security Command Center that apply machine learning threat intelligence and behavioral analysis to cloud-specific data sources for automated threat detection","Installing traditional on-premises SIEM software on cloud virtual machines for threat detection","Manual review of cloud security logs by security analysts to identify potential threats","A cloud provider guarantee to notify customers within 24 hours of detecting threats","A","Cloud-native threat detection services: AWS GuardDuty (ML-based: analyzes CloudTrail, VPC Flow Logs, DNS logs — detects: credential compromise, cryptocurrency mining, unusual API calls, EC2 backdoor communication, S3 reconnaissance), Azure Defender for Cloud (VM-level and service-level threat detection — SQL injection attempts, cryptocurrency mining, lateral movement, brute force), GCP Security Command Center (vulnerability scanning, threat detection from Cloud Logging, Container Threat Detection). Advantages: pre-built, no agent deployment for core detections, continuously updated with new threat intelligence, designed for cloud data sources. Complement with: SIEM (custom rules, cross-service correlation), EDR on VMs."
"(ISC)2 CCSP","CCSP","700","150","125","25","180","Cloud Security Operations","What is 'cloud security automation' and what processes should be automated?","A compliance requirement that cloud customers automate all security monitoring processes","The use of artificial intelligence to replace human security analysts in cloud environments","A cloud provider service that automatically implements all security controls without customer input","Using code and APIs to automate security tasks including misconfiguration detection and remediation compliance checking IAM review and incident response to achieve consistency speed and scale that manual processes cannot provide","D","Cloud security automation value: cloud changes too fast for manual processes. Automate: (1) CSPM remediation (detect public S3 bucket → automatically make private, detect open security group → auto-remediate or alert), (2) IAM access review (script that identifies and reports unused permissions), (3) Patch compliance (automatically apply patches, replace non-compliant instances), (4) Compliance checks (continuous compliance validation vs. periodic audit), (5) Incident response playbooks (SOAR — isolate compromised instance, revoke credentials automatically), (6) New account security baseline (CloudFormation StackSets apply security baseline to all new accounts), (7) Certificate rotation (automate TLS cert rotation before expiry). Tools: AWS Config Rules + Auto-Remediation, Lambda functions, Terraform, Ansible, SOAR platforms."
"(ISC)2 CCSP","CCSP","700","150","125","25","180","Cloud Security Operations","What is 'cloud disaster recovery testing' and what types of tests are conducted?","An annual compliance exercise documenting all disaster recovery procedures for regulators","A cloud provider audit verifying that their disaster recovery meets contractual obligations","Performance testing of cloud infrastructure to identify bottlenecks that could extend recovery time","Validating cloud disaster recovery capabilities through tabletop exercises functional recovery tests chaos engineering and full failover tests to confirm that RTO and RPO objectives can be met in practice","D","DR testing types for cloud: (1) Tabletop exercise (walkthrough scenario — no actual failover — identifies procedural gaps, team preparedness), (2) Document review (verify runbooks, contact lists, recovery procedures current), (3) Component test (test recovery of individual components — restore from backup, failover single database), (4) Functional recovery test (restore full application stack in DR environment — verify application functions correctly), (5) Simulation (activate DR environment parallel to production — don't cut over), (6) Full failover (actually cut over to DR region — highest confidence, highest risk), (7) Chaos engineering (inject failures — AWS Fault Injection Simulator, Netflix Chaos Monkey — test resilience proactively). Test frequency: tabletop quarterly, full test annually."
"(ISC)2 CCSP","CCSP","700","150","125","25","180","Cloud Security Operations","What is 'cloud security operations center' (SOC) and what cloud-specific capabilities are needed?","A physically secure room where cloud administrators manage cloud infrastructure operations","A cloud provider operations center that monitors provider infrastructure for all customers","A compliance function that continuously monitors cloud environments for regulatory violations","A security operations function with cloud-specific capabilities including cloud-native log analysis multi-cloud visibility IAM investigation playbooks and understanding of cloud attack patterns distinct from traditional network-centric SOC capabilities","D","Cloud SOC capabilities required: (1) Cloud-native tools (GuardDuty, Defender for Cloud — understand their output), (2) IAM expertise (investigate credential compromise, understand IAM logs, trace permission usage), (3) Multi-cloud visibility (alerts from AWS, Azure, GCP in single pane), (4) Cloud attack patterns (know what cryptomining, SSRF to metadata, S3 exfiltration, cloud-specific TTPs look like), (5) Cloud forensics skills (isolate EC2 instance, preserve evidence, analyze VPC flow logs), (6) Cloud IR playbooks (specific playbooks for cloud scenarios — compromised access key, public S3 bucket, compromised EC2), (7) Cost anomaly monitoring (cloud billing alerts = security signals), (8) IaC change review (detect unauthorized infrastructure changes). Traditional SOC: network-centric → cloud SOC: API-centric, identity-centric."
"(ISC)2 CCSP","CCSP","700","150","125","25","180","Cloud Security Operations","What is 'cloud multi-account security strategy' and why is it recommended?","A multi-cloud strategy using different providers for different geographic regions","A pricing strategy negotiated with cloud providers for customers using multiple account types","Using separate cloud accounts for different environments workloads and purposes to achieve blast radius limitation security boundary enforcement and independent access control with centralized management through tools like AWS Organizations or Azure Management Groups","A compliance approach documenting security controls across multiple cloud provider accounts","C","Multi-account strategy benefits: (1) Blast radius limitation (compromise of development account doesn't affect production), (2) IAM boundary (permissions in one account don't apply to another), (3) Billing isolation (per-account spend tracking, prevent developer spending from obscuring security incidents), (4) Compliance boundary (PCI-scoped account separate from non-PCI workloads), (5) Security account separation (log archive account separate from workload accounts — hard to delete evidence), (6) Autonomy (separate teams manage separate accounts). Organization structures: AWS Organizations (control policies for all accounts, consolidated billing), Azure Management Groups, GCP Resource Hierarchy. Account types: Management/root, Security (audit, SIEM), Shared services, Sandbox, Dev, Test, Production, Per-workload."
"(ISC)2 CCSP","CCSP","700","150","125","25","180","Cloud Security Operations","What is 'cloud risk assessment' and what cloud-specific factors must be considered?","A systematic evaluation of cloud-specific risks including shared responsibility boundaries data sovereignty provider concentration risk multi-tenancy risks and the regulatory implications of cloud service use","An audit of cloud provider security certifications to determine if they meet organizational requirements","A performance benchmark comparing cloud risk to on-premises risk levels","A financial analysis of cloud provider stability to assess business continuity risk","A","Cloud risk assessment factors: (1) Shared responsibility (what risks exist at each layer and who owns them?), (2) Data sovereignty (where is data processed and stored? Which laws apply?), (3) Provider concentration risk (what if primary CSP has major outage or ceases operations?), (4) Multi-tenancy isolation (what is isolation failure risk? Side-channel attacks?), (5) Visibility limitations (limited access to provider infrastructure — forensics, monitoring gaps), (6) Vendor lock-in (migration risk if provider changes pricing or policies), (7) Regulatory compliance (does cloud deployment meet industry-specific requirements?), (8) Third-party subprocessors (provider's subcontractors access data), (9) Service changes (provider may change service without notice). Risk scoring: likelihood × impact with cloud-specific probability adjustments."
"(ISC)2 CCSP","CCSP","700","150","125","25","180","Cloud Security Operations","What is 'security configuration management' in cloud and what tools enforce it?","A cloud provider service that automatically applies security configurations to all customer resources","A manual process where security teams review cloud configurations on a monthly schedule","Continuously enforcing security configurations across cloud resources using tools like AWS Config Azure Policy and GCP Organization Policy that detect deviations and optionally auto-remediate misconfigured resources","A compliance documentation activity recording the security configuration of cloud resources","C","Security configuration management tools: AWS Config (records configuration changes, rules detect non-compliance — 'must have encryption enabled', 'must not be publicly accessible', 'must have backup enabled'), Azure Policy (define policies, evaluate compliance, optionally auto-remediate — 'enforce TLS minimum version', 'require encryption'), GCP Organization Policy (hierarchy — Organization > Folder > Project — restrict what resources can be created, constrain configurations). Configuration baselines: CIS Benchmarks for AWS/Azure/GCP, provider security best practices. Continuous vs. periodic: detect drift immediately vs. monthly audit. Auto-remediation: detect and fix automatically — reduces exposure window between misconfiguration and remediation."
"(ISC)2 CCSP","CCSP","700","150","125","25","180","Cloud Security Operations","What is 'cloud security metrics and KPIs' for operations?","Quantitative measures of cloud security program effectiveness including mean time to detect and respond patch compliance rates misconfiguration density IAM privilege sprawl metrics and security debt trends","Compliance scores automatically generated by cloud providers for customer regulatory reporting","Service level metrics for cloud security tools measuring their availability and performance","Financial metrics measuring cloud security tool procurement and operational costs","A","Cloud security operational KPIs: Detection: MTTD (mean time to detect — from incident start to SOC awareness), alert-to-detection ratio (alerts vs. actual incidents), detection coverage (% ATT&CK techniques with detection). Response: MTTR (mean time to respond — from detection to containment), incident closure rate. Hygiene: misconfiguration count and trend (open CSPM findings), patch compliance % by severity, IAM unused privilege rate, MFA coverage %. Risk: risk acceptance backlog (approved exceptions to security policy), vulnerability age distribution (how old are unpatched vulns?), data classification coverage %. Business: cost per incident, security spend as % of cloud spend. Trend analysis matters more than point-in-time: is the metric improving?"
"(ISC)2 CCSP","CCSP","700","150","125","25","180","Cloud Security Operations","What is 'service mesh security' in cloud microservices environments?","A cloud provider network service that routes traffic between cloud services automatically","Physical mesh networking used in cloud data centers for redundant connectivity","A compliance framework governing how cloud services communicate with each other","A dedicated infrastructure layer managing service-to-service communication with security features including mutual TLS automatic certificate management traffic policies and telemetry providing zero trust between microservices","D","Service mesh (Istio, Linkerd, AWS App Mesh): dedicated infrastructure for microservice communication. Security features: (1) Mutual TLS (mTLS) — automatic, every service-to-service call authenticated and encrypted, (2) Certificate management — automatic issuance and rotation of service certificates, (3) Authorization policies — define which services can call which other services on which paths, (4) Traffic encryption — all east-west traffic encrypted without application code changes, (5) Observability — full telemetry of service-to-service calls (for security investigation). Implementation: sidecar proxy (Envoy) injected alongside each service pod. Benefits: (1) Zero trust enforcement without changing application code, (2) Consistent policy, (3) Visibility into internal service communication. Complexity cost: another system to manage and secure."
"(ISC)2 CCSP","CCSP","700","150","125","25","180","Cloud Security Operations","What is 'cloud threat hunting' and what data sources does it use?","A compliance audit process reviewing cloud security logs for policy violations quarterly","Proactive searching for threats that have evaded automated detection using cloud-native data sources including CloudTrail VPC Flow Logs IAM logs and endpoint telemetry guided by threat intelligence and hypothesis-based investigation","Automated scanning of cloud environments for known malware signatures and exploit code","A cloud provider service that searches for threats in customer environments on their behalf","B","Cloud threat hunting: proactive (not waiting for alerts). Data sources: (1) CloudTrail (API calls — look for unusual patterns: API calls from new IPs, unusual services called, bulk data access), (2) VPC Flow Logs (unusual connections, data transfer volumes, unexpected service communication), (3) IAM logs (role assumptions, privilege escalation attempts, access from unusual locations), (4) GuardDuty findings (raw findings for correlation, not just dashboard review), (5) S3 access logs (who accessed what buckets, unusual data retrieval), (6) DNS logs (unusual domain lookups — C2 indicators). Hypotheses: 'If attacker compromised EC2 IAM role, they'd call unexpected AWS services' → hunt for unusual API calls from EC2 instances. MITRE ATT&CK Cloud (IaaS tactics): map techniques to detectable behaviors."
"(ISC)2 CCSP","CCSP","700","150","125","25","180","Cloud Security Operations","What is 'cloud security governance' and what does it include?","The policies processes roles and accountabilities ensuring cloud security is managed effectively including security policy management risk management compliance oversight vendor management and security metrics reporting","Technical security controls implemented by IT teams to protect cloud infrastructure","A regulatory framework mandating specific security practices for cloud service providers","A cloud provider feature that enforces security policies across customer accounts automatically","A","Cloud security governance components: (1) Policy management (cloud security policies — acceptable use, encryption requirements, access control standards), (2) Risk management (cloud risk register, risk treatment decisions, risk acceptance), (3) Compliance management (map cloud deployments to regulatory requirements, track compliance status), (4) Vendor management (due diligence for cloud providers, ongoing monitoring of provider compliance), (5) Security architecture review (approve cloud architecture decisions, threat modeling), (6) Exception management (process for approved deviations from security policy), (7) Metrics and reporting (security KPIs reported to leadership), (8) Incident governance (escalation procedures, reporting requirements). Governance ≠ operations: governance defines what should happen; operations implements it."
"(ISC)2 CCSP","CCSP","700","150","125","25","180","Cloud Security Operations","What is 'cloud security awareness' for specific roles?","General security awareness training delivered identically to all employees regardless of their cloud role","Tailored security training for different cloud roles including developers (secure coding, OWASP), cloud administrators (IAM least privilege, security misconfigurations), executives (cloud risk, shared responsibility) and end users (phishing, cloud data handling)","A certification program cloud providers offer to demonstrate customer employee security knowledge","A compliance requirement to train all employees on cloud provider terms of service","B","Role-based cloud security awareness: Developers: OWASP Top 10, secure coding for cloud APIs, secrets management (don't hardcode credentials), SAST tool usage, container security, IaC security. Cloud administrators: IAM least privilege, security group management, logging and monitoring, incident response procedures, CSPM tool usage. DevOps engineers: CI/CD pipeline security, image security, IaC scanning, secrets management tools. End users: phishing awareness, cloud storage data handling (don't store sensitive data in personal cloud), shadow IT risks, acceptable use policy. Executives: cloud risk to business, shared responsibility model (we are still responsible for data), compliance implications, security investment ROI. Security team: cloud attack techniques, cloud forensics, MITRE ATT&CK Cloud."
"(ISC)2 CCSP","CCSP","700","150","125","25","180","Legal, Risk, and Compliance","What is the 'HIPAA' regulation and what cloud-specific requirements apply?","A compliance standard requiring healthcare organizations to avoid cloud computing for PHI","A US regulation requiring that all health data be stored exclusively on US-based cloud servers","A US federal regulation governing cloud provider security practices for healthcare customers","The Health Insurance Portability and Accountability Act requires protecting protected health information (PHI) with cloud-specific requirements including Business Associate Agreements with cloud providers and ensuring cloud meets technical safeguards for PHI encryption and access controls","D","HIPAA cloud requirements: PHI (Protected Health Information) must be protected. Cloud implications: (1) BAA required (Business Associate Agreement — must have written agreement with cloud provider before storing PHI), Major providers (AWS, Azure, GCP) offer BAAs. (2) Technical safeguards: encryption (not mandated but strongly implied — addressable rule), access controls (who can access PHI), audit logging (all PHI access logged), transmission security (encrypt PHI in transit). (3) Physical safeguards: provider data centers must meet HIPAA requirements. (4) HIPAA-compliant services: not all provider services are HIPAA-eligible — check provider's HIPAA-eligible services list. (5) BAA scope: BAA covers services listed in the agreement — don't process PHI in non-BAA services."
"(ISC)2 CCSP","CCSP","700","150","125","25","180","Legal, Risk, and Compliance","What is 'PCI DSS' and what are its cloud compliance requirements?","A financial compliance standard that only applies to cloud providers not cloud customers","A credit card company rule requiring physical hardware to store cardholder data on-premises","A payment processing regulation that prohibits storing any cardholder data in cloud environments","The Payment Card Industry Data Security Standard requires protection of cardholder data with cloud compliance requiring that cloud environments storing processing or transmitting cardholder data meet all 12 PCI DSS requirements and cloud providers provide compliance evidence","D","PCI DSS cloud requirements: protect cardholder data (PAN, CVV, expiration date). 12 requirements apply in cloud. Key cloud considerations: (1) Scoping (cloud resources in CDE — Cardholder Data Environment — must be compliant; minimize CDE scope using tokenization, point-to-point encryption), (2) Shared responsibility (provider delivers some controls, customer responsible for remaining), (3) Provider evidence (CSP provides compliance evidence via Attestation of Compliance, SOC reports, pen test summaries — shared responsibility matrices), (4) Isolation (CDE environments isolated from non-CDE workloads), (5) Encryption (cardholder data must be encrypted at rest and in transit), (6) Logging (all CDE access logged and monitored), (7) Segmentation (strict network controls around CDE resources). PCI DSS v4.0 (2022): customized approach allows risk-based alternative controls."
"(ISC)2 CCSP","CCSP","700","150","125","25","180","Legal, Risk, and Compliance","What is 'SOC 2' and how does it differ from SOC 1?","SOC 2 is required by regulators while SOC 1 is a voluntary certification for cloud providers","Both reports are identical with SOC 2 being the more recent updated version of SOC 1","SOC 1 applies to IaaS providers while SOC 2 applies only to SaaS service organizations","SOC 2 reports on controls relevant to security availability processing integrity confidentiality and privacy at a service organization while SOC 1 reports on controls affecting customers' financial reporting making SOC 2 the primary cloud security assurance report","D","SOC 1 (SSAE 18): service organizations affecting customers' internal controls over financial reporting (ICFR). Relevant for: payroll processors, IT service providers affecting financial systems. SOC 2: security, availability, processing integrity, confidentiality, privacy — five Trust Service Categories. Relevant for: cloud providers, SaaS vendors, MSPs. Cloud procurement: SOC 2 Type II is the primary report to request (6-12 month review period shows operating effectiveness, not just design). SOC 3: public version of SOC 2 (no detailed findings). SOC 2+ (SOC 2 with additional criteria): maps to HIPAA, PCI, HITRUST. Limitation: SOC 2 only covers what's in scope — confirm the specific services and controls you need are included."
"(ISC)2 CCSP","CCSP","700","150","125","25","180","Legal, Risk, and Compliance","What is 'ISO 27017' and what does it add beyond ISO 27001?","A cloud provider certification that demonstrates compliance with all international security standards","ISO 27017 is a cloud-specific extension to ISO 27001 that provides additional security controls and guidance for cloud service providers and cloud service customers addressing cloud-unique security considerations not covered in the general ISMS standard","An update to ISO 27001 that simply changes terminology to reflect cloud computing practices","ISO 27017 is a replacement for ISO 27001 specifically for cloud computing environments","B","ISO 27017: Code of Practice for Information Security Controls for Cloud Services. Extends ISO 27001 with cloud-specific guidance for 37 controls (more detailed guidance) and adds 7 new cloud-specific controls: (1) Shared roles and responsibilities (document clearly between provider and customer), (2) Asset removal (customer can retrieve assets when ending cloud relationship), (3) VM hardening, (4) Administrative operations security, (5) Monitoring of cloud services, (6) Virtual and cloud network environment alignment, (7) Virtual machine configurations. Implemented by: cloud providers demonstrating cloud-specific security controls beyond base ISO 27001. Certification: some providers obtain ISO 27017 alongside 27001. CCSP: know what each ISO standard addresses."
"(ISC)2 CCSP","CCSP","700","150","125","25","180","Legal, Risk, and Compliance","What is 'GDPR Article 28' and what does it require for cloud providers?","An article requiring cloud providers to register with EU data protection authorities before offering services","A GDPR requirement prohibiting the use of cloud computing for processing personal data without consent","A GDPR provision granting cloud providers the right to process customer data for their own purposes","Article 28 requires data controllers to use only processors that provide sufficient guarantees about GDPR compliance mandating written Data Processing Agreements with cloud providers covering specific processing instructions security measures and audit rights","D","GDPR Article 28 (Processor obligations): when using cloud provider (processor), controller must: (1) Use only processors providing sufficient guarantees (cloud provider must be evaluated), (2) Signed DPA (Data Processing Agreement) is mandatory — must include: subject matter/duration of processing, nature/purpose, type of personal data, categories of data subjects, controller obligations and rights. DPA must require processor to: process only on controller's instructions, ensure confidentiality (bind staff), implement security measures (Article 32), engage sub-processors only with controller authorization, assist with data subject rights and breach notifications, delete/return data upon termination, provide evidence of compliance. Major cloud providers offer standard DPAs (AWS DPA, Azure DPA, Google DPA)."
"(ISC)2 CCSP","CCSP","700","150","125","25","180","Legal, Risk, and Compliance","What is 'cloud compliance framework mapping' and why is it useful?","A technical process of translating cloud provider documentation into compliance-readable formats","A regulatory requirement for cloud customers to document how cloud use meets specific regulations","A process of mapping organizational cloud controls to multiple regulatory requirements simultaneously allowing compliance teams to demonstrate that a single set of controls satisfies multiple frameworks rather than implementing separate programs for each","A cloud provider service that automatically generates compliance reports for multiple regulations","C","Control mapping value: most organizations face multiple compliance requirements (PCI DSS, HIPAA, SOC 2, ISO 27001, GDPR). Many requirements overlap. Example: encryption at rest required by PCI DSS, HIPAA, GDPR, SOC 2 — one control satisfies all. Frameworks enabling mapping: NIST Cybersecurity Framework (CSF) maps to many others, CSA CCM maps to ISO 27001/SOC 2/PCI/HIPAA, HITRUST CSF (comprehensive healthcare-focused framework mapping to HIPAA/SOC 2/ISO). Tools: Drata, Vanta, Tugboat Logic (continuous compliance platforms). Benefits: efficiency (don't implement same control multiple times), unified evidence (one audit serves multiple frameworks), cost reduction. CCSP: understand that compliance frameworks overlap significantly."
"(ISC)2 CCSP","CCSP","700","150","125","25","180","Legal, Risk, and Compliance","What is 'cloud provider due diligence' and what should be assessed?","A legal review of cloud provider terms of service by organizational legal counsel only","A technical performance evaluation of cloud providers to compare service capabilities","A financial audit of cloud provider billing practices to verify charges match contracted rates","A thorough assessment of a cloud provider before engagement covering their security controls financial stability compliance certifications data handling practices subprocessor management and contractual terms","D","Cloud provider due diligence: (1) Security certifications (SOC 2 Type II, ISO 27001/27017/27018, FedRAMP, PCI DSS — current, valid, scope covers your intended use), (2) Compliance questionnaire (CSA CAIQ, custom questions), (3) Contractual review (DPA, SLA, termination rights, data portability, liability), (4) Subprocessor review (who does provider share data with? List maintained? Notification of changes?), (5) Financial stability (is provider viable long-term?), (6) Data handling practices (where stored? How encrypted? Who has access?), (7) Incident history (past breaches? How handled?), (8) Business continuity (provider's own DR capabilities), (9) Regulatory standing (any regulatory actions against provider?). Document due diligence: regulators expect evidence of vendor risk management."
"(ISC)2 CCSP","CCSP","700","150","125","25","180","Legal, Risk, and Compliance","What is 'cloud exit strategy' and what legal and technical considerations apply?","Planning for migration away from a cloud provider including data portability guarantees contractual termination rights deletion confirmation and technical migration planning to avoid lock-in and ensure data can be retrieved in usable format","A technical process for migrating data between different storage tiers within the same provider","A risk management plan for responding to cloud provider financial failure or bankruptcy","A legal process for dissolving a cloud service agreement without financial penalty","A","Cloud exit strategy: plan before you need it. Legal considerations: (1) Data portability rights (contract must specify format and timeline for data return), (2) Data deletion certificate (provider confirms deletion of all copies), (3) Termination notice period (contract terms — 30/60/90 days), (4) Financial obligations on exit (early termination fees?), (5) Transition assistance (provider help during migration?). Technical considerations: (1) Data export format (can data be exported in standard format or proprietary?), (2) Migration timeline (how long to move petabytes?), (3) Application portability (cloud-native services may not transfer easily), (4) Testing (verify data integrity post-migration), (5) DNS/IP changes. CCSP: exit strategy should be planned during initial cloud adoption, not as afterthought. Test export before committing."
"(ISC)2 CCSP","CCSP","700","150","125","25","180","Legal, Risk, and Compliance","What is 'cross-border data transfer' mechanism under GDPR?","A technical method of encrypting data during cross-border transfer to meet GDPR requirements","Legal mechanisms allowing transfer of personal data outside the EU including adequacy decisions standard contractual clauses binding corporate rules and derogations for specific situations when transferring to countries lacking EU adequacy status","A GDPR prohibition on all transfers of EU personal data outside European Union member states","A GDPR requirement to notify individuals whenever their data crosses international borders","B","GDPR cross-border transfer mechanisms: Transfers to non-adequate countries require one of: (1) Adequacy decision (European Commission recognizes adequate protection — UK (currently), Japan, Switzerland, Canada (partially), Israel — no additional mechanism needed), (2) Standard Contractual Clauses/SCCs (pre-approved contract clauses between controller and importer — most common, updated 2021 post-Schrems II), (3) Binding Corporate Rules/BCRs (approved rules for intra-group transfers — requires regulatory approval), (4) Certification mechanisms (approved certification under Article 42), (5) Codes of conduct, (6) Derogations/Article 49 (explicit consent, performance of contract, vital interests — limited, specific situations). US-EU Privacy Shield invalidated by Schrems II (2020) — replaced by EU-US Data Privacy Framework (2023, being challenged)."
"(ISC)2 CCSP","CCSP","700","150","125","25","180","Legal, Risk, and Compliance","What is 'cloud regulatory compliance' for financial services?","A general compliance framework applying equally to all industries using cloud computing","A cloud provider certification required before financial institutions can store customer data","A financial regulation that specifically prohibits financial institutions from using public cloud","Financial services cloud compliance addresses regulations including FFIEC guidelines for US banks FCA rules in UK MAS in Singapore and others requiring specific cloud risk management data residency operational resilience and supervisory access provisions","D","Financial services cloud regulations: US (FFIEC guidance on cloud risk management, OCC Bulletin on Third-Party Risk, SR 11-7 guidance), EU (EBA Cloud Outsourcing Guidelines, DORA — Digital Operational Resilience Act — operational resilience requirements), UK (FCA Operational Resilience Policy, PRA cloud rules), Singapore (MAS Technology Risk Management Guidelines), Hong Kong (HKMA cloud considerations). Common themes: (1) Exit strategy (must be able to migrate), (2) Supervisory access (regulators must be able to audit cloud environments), (3) Data residency (some require data in specific jurisdiction), (4) Concentration risk (not too dependent on single provider), (5) Operational resilience (RTO/RPO requirements), (6) Oversight of subcontractors. Financial regulators increasingly provide cloud-specific guidance."
"(ISC)2 CCSP","CCSP","700","150","125","25","180","Legal, Risk, and Compliance","What is 'cloud security standard of care' in legal context?","A cloud provider's contractual obligation to maintain security for all customer workloads","The level of security diligence that a reasonable cloud customer should exercise to avoid negligence liability which includes implementing appropriate security controls conducting vendor due diligence and maintaining security commensurate with data sensitivity","A minimum technical specification for cloud security controls mandated by government regulation","A legal concept exclusively applicable to cloud providers and not relevant to cloud customers","B","Standard of care in cloud security law: legal duty to act as a 'reasonable and prudent' organization would under the circumstances. Factors determining standard: (1) Industry (healthcare = HIPAA requirements, finance = FFIEC), (2) Data sensitivity (PII, PHI = higher standard), (3) Known risks (known cloud misconfiguration risks → must address), (4) Industry practices (CIS benchmarks, best practices establish standard), (5) Regulatory requirements (explicit legal requirements raise the standard). Negligence: failing below standard of care = potential liability. Cloud-specific: not performing due diligence on cloud provider, not enabling encryption for sensitive data when standard practice demands it, not addressing known vulnerabilities. Legal risk mitigation: follow recognized frameworks, document security decisions."
"(ISC)2 CCSP","CCSP","700","150","125","25","180","Legal, Risk, and Compliance","What is 'cloud insurance' and what cyber insurance covers in cloud incidents?","A government-mandated insurance program for organizations using cloud computing services","Cyber insurance policies covering cloud-related incidents including data breach notification costs forensic investigation cloud service interruption business interruption and third-party liability with coverage varying significantly by policy and cloud risk factors","A cloud provider financial guarantee protecting customers against all security incidents","A cloud provider insurance product protecting only the provider against customer claims","B","Cyber insurance for cloud: policies cover: (1) Data breach costs (notification, credit monitoring, forensics, regulatory fines), (2) Business interruption (revenue loss from cloud outage or security incident), (3) Third-party liability (lawsuits from affected customers), (4) Cyber extortion (ransomware demands), (5) Cloud-specific losses (some policies include cloud service interruption). Policy considerations: (1) Cloud incident coverage (explicitly include cloud scenarios), (2) Shared responsibility (who is insured for which layer?), (3) Sub-limit for cloud incidents (may be lower than general cyber limit), (4) Requirements (insurers increasingly require specific security controls — MFA, EDR, backup — as coverage conditions), (5) Reporting requirements (timely incident reporting required). Risk reduction = lower premiums: insurers offer better rates for strong security posture."
"(ISC)2 CCSP","CCSP","700","150","125","25","180","Legal, Risk, and Compliance","What is 'cloud vendor risk management' program?","A procurement process for comparing cloud vendor pricing and service features before selection","A structured program for identifying assessing treating and monitoring the security risks posed by cloud vendors as third parties including initial due diligence contract requirements ongoing monitoring and incident response coordination","A technical process for integrating cloud vendor services into organizational security architecture","A financial assessment of cloud vendor stability to evaluate business continuity risk","B","Cloud vendor risk management: third-party risk applied to cloud providers. Program components: (1) Vendor inventory (know all cloud vendors in use including shadow IT), (2) Risk tiering (tier cloud vendors by criticality and data sensitivity — Tier 1 = high sensitivity, Tier 3 = low risk), (3) Due diligence (initial assessment proportional to tier — SOC 2 review, questionnaire, contract review), (4) Contract requirements (security obligations in contract), (5) Ongoing monitoring (periodic reassessment, monitor provider security bulletins, track certification renewals), (6) Incident response (know who to call at each provider, test communication channels), (7) Offboarding (exit process, data deletion verification). CCSP: third-party risk is specifically covered in Domain 6. Cloud providers are critical third-party dependencies."
"(ISC)2 CCSP","CCSP","700","150","125","25","180","Legal, Risk, and Compliance","What is 'CCPA' (California Consumer Privacy Act) and what cloud implications does it have?","A technical standard for protecting personal data in cloud environments serving US customers","A California-specific regulation that prohibits cloud storage of California residents' data","A California privacy law giving residents rights to know opt-out of sale and request deletion of their personal information with cloud implications for data discovery deletion capabilities and understanding where California resident data flows","A federal US law governing cloud computing privacy requirements for all US organizations","C","CCPA (2020) + CPRA (2023 update): California residents' rights. Rights: (1) Know (what personal info collected, used, disclosed), (2) Delete (request deletion — businesses must also notify service providers), (3) Opt-out of sale of personal information, (4) Non-discrimination (no penalizing for exercising rights), (5) Correct (inaccurate personal info), (6) Limit (sensitive personal info processing). Cloud implications: (1) Data discovery (where is California resident data stored in cloud?), (2) Deletion capability (must be able to delete specific individuals' data — challenging with distributed cloud data), (3) Data flow mapping (know all cloud services processing California resident data), (4) Service provider agreements (contracts must restrict secondary use), (5) Consumer rights requests (workflow to process deletion requests across cloud environments). CPRA: stronger than original CCPA, created CPPA (CA Privacy Protection Agency)."
"(ISC)2 CCSP","CCSP","700","150","125","25","180","Legal, Risk, and Compliance","What is 'FedRAMP' and when does it apply to cloud services?","A financial regulatory program governing cloud services used by US federal contractors","A cloud security certification required for all organizations doing business with US companies","A US government cloud provider program restricting which providers can compete for contracts","The Federal Risk and Authorization Management Program is a US government program that standardizes security assessment authorization and continuous monitoring requirements for cloud services used by federal government agencies","D","FedRAMP (Federal Risk and Authorization Management Program): established 2011. Purpose: standardize cloud security assessment for US federal government (avoid each agency individually assessing same cloud service). Process: (1) Cloud provider undergoes assessment by a 3PAO (Third Party Assessment Organization), (2) FedRAMP PMO reviews, (3) Agency sponsor grants ATO (Authorization to Operate), (4) Authorization in FedRAMP Marketplace — other agencies can reuse authorization. Impact levels: FedRAMP Low (public data), Moderate (most federal data), High (Law Enforcement Sensitive, highly sensitive data). Applicability: required for cloud services accessed by federal employees or processing federal data. GovCloud: AWS GovCloud, Azure Government meet FedRAMP High requirements. CCSP: understand FedRAMP is US government-specific but represents rigorous security standard."
"(ISC)2 CCSP","CCSP","700","150","125","25","180","Legal, Risk, and Compliance","What is 'contractual liability' in cloud provider agreements?","A legal concept that cloud providers are fully liable for all customer data breaches","The scope of financial and legal responsibility cloud providers accept for security failures with most provider agreements heavily limiting their liability through caps indemnifications and exclusions making customer-side security controls and insurance critical","A provision in cloud agreements giving customers unlimited right to sue providers for all damages","A regulatory requirement that cloud providers maintain insurance to cover customer losses","B","Cloud provider liability: major providers heavily limit liability. AWS, Azure, GCP standard terms: (1) Liability cap (provider liability limited to fees paid in last 12 months — often minimal vs. breach costs), (2) Indirect damages exclusion (no consequential, incidental, special damages — business interruption, lost profits typically excluded), (3) Force majeure (provider not liable for events beyond control), (4) Security incident exclusions (may limit liability for security incidents involving customer misconfiguration). Negotiation: enterprise customers can sometimes negotiate better terms — but providers rarely accept unlimited liability. Customer implications: don't rely on provider to make you whole after a breach. Controls to compensate: (1) Strong security controls (prevent breach), (2) Cyber insurance (cover what provider won't), (3) Contractual indemnification from your own customers (shift downstream). CCSP: understand this is an inherent cloud risk requiring mitigation."
"(ISC)2 CCSP","CCSP","700","150","125","25","180","Cloud Security Operations","What is 'cloud capacity management' and how does it relate to security?","A cost management process that limits cloud resource usage to stay within approved budgets","Planning and managing cloud resource capacity to ensure availability and performance which relates to security through preventing resource exhaustion attacks detecting anomalous usage and ensuring security controls scale with workload growth","A compliance activity documenting how cloud resources are allocated across business units","A cloud provider service that automatically provisions resources based on predicted future demand","B","Cloud capacity management security intersection: (1) Resource exhaustion attacks (DDoS, cryptomining consume resources — capacity planning detects unusual demand), (2) Security control scaling (as workloads scale, ensure WAF, logging, monitoring scale proportionally — security gaps from resource limits), (3) Availability impact (insufficient capacity = DoS without an attack), (4) Cost anomaly detection (unexpected capacity usage = potential security incident — cryptomining, unauthorized provisioning), (5) Reserve capacity for IR (ensure resources available for incident response activities — forensic analysis, log ingestion). Auto-scaling: security controls must auto-scale with workloads. Cloud-native auto-scaling groups, managed scaling for security tools."
"(ISC)2 CCSP","CCSP","700","150","125","25","180","Legal, Risk, and Compliance","What is 'cloud security certification' and which are most recognized?","Government-mandated certifications cloud customers must obtain before using cloud services","A compliance certification automatically granted when organizations pass annual security audits","Professional certifications demonstrating cloud security expertise with CCSP from ISC2 and CCSK from CSA being the most recognized cloud-specific security certifications supplemented by provider certifications like AWS Security Specialty","Technical certifications that cloud providers issue to verify their own infrastructure security","C","Cloud security certifications: (ISC)2 CCSP (Certified Cloud Security Professional) — most recognized vendor-neutral cloud security certification, requires 5 years experience, 6 domains. CSA CCSK (Certificate of Cloud Security Knowledge) — foundational, no experience requirement, based on CSA Guidance and CCM. Provider-specific: AWS Certified Security Specialty, Azure Security Engineer Associate, Google Professional Cloud Security Engineer. CompTIA Cloud+, GSEC (GIAC Security Essentials). Why certifications matter: demonstrate knowledge, often required by employers, some regulatory frameworks reference certifications as evidence of competency. CCSP vs CCSK: CCSK = foundational, CCSP = professional-level with experience requirement."
"(ISC)2 CCSP","CCSP","700","150","125","25","180","Cloud Security Operations","What is 'mean time between failures' (MTBF) in cloud and how does it affect security planning?","A reliability metric measuring average time between failures that affects security planning through understanding that cloud components will fail requiring security controls and monitoring that function during partial failures and degraded states","A performance metric for measuring how quickly cloud services respond to security threats","A financial metric measuring the time between cloud vendor billing periods for budgeting","A compliance metric measuring how long between required security assessments and audits","A","MTBF in cloud security: cloud components fail — hypervisors, network switches, storage (hardware), services (software bugs, dependencies). MTBF = average time component operates before failure. Security implications: (1) Security controls must be resilient (if security group controller fails, should fail secure — block all traffic, not allow all), (2) Monitoring during failures (logging pipeline must continue during component failures), (3) Multi-AZ security controls (HA for WAF, IDS — not single point of failure), (4) Testing failure scenarios (what happens to security when component fails? Chaos engineering answers this), (5) MTTR (Mean Time to Recover) — how quickly can failed security controls be restored?. Design assumption: things will fail — security design must account for this."
"(ISC)2 CCSP","CCSP","700","150","125","25","180","Legal, Risk, and Compliance","What is 'cloud-specific risk register' and what entries should it contain?","A list of cloud providers evaluated and rejected during vendor selection process","A technical log of security incidents that have occurred in cloud environments","A compliance checklist tracking completion of required cloud security controls","A documented inventory of cloud-specific risks including data sovereignty failures provider outages multi-tenancy isolation failures IAM misconfigurations and regulatory non-compliance with risk ratings treatments and owners","D","Cloud risk register entries: (1) Data sovereignty (risk: data stored in non-compliant jurisdiction; likelihood, impact, mitigation: data residency configuration, DPA), (2) Provider outage (risk: cloud region failure; mitigation: multi-region deployment, DR plan), (3) Multi-tenancy isolation failure (risk: cross-tenant data leak; likelihood: very low but high impact; mitigation: encryption, monitor provider patches), (4) IAM misconfiguration (risk: unauthorized access via misconfigured permissions; high likelihood; mitigation: CSPM, IAM review), (5) Data breach (risk: sensitive data exposed; mitigation: encryption, DLP, access controls), (6) Vendor lock-in (risk: difficulty migrating; mitigation: portability strategy, open standards), (7) Key management failure (risk: data permanently inaccessible; mitigation: key backup, rotation). Each entry: description, likelihood, impact, inherent risk, controls, residual risk, owner, review date."
"(ISC)2 CCSP","CCSP","700","150","125","25","180","Cloud Platform and Infrastructure Security","What is 'cloud network access control' and how do security groups differ from NACLs in Azure?","Azure NACLs provide stateless filtering at the VNet level while NSGs only apply to individual VM instances","Both NSGs and NACLs in Azure require bidirectional rule definition with no stateful tracking","In Azure Network Security Groups apply to subnets or individual NICs with stateful rules while NACLs are not a separate construct in Azure though similar subnet-level filtering can be achieved through NSG application to subnets","Azure uses identical security group and NACL constructs as AWS with the same stateful versus stateless distinction","C","Azure vs AWS network controls: AWS has two distinct constructs (Security Groups = stateful instance-level, NACLs = stateless subnet-level). Azure: Network Security Groups (NSGs) can be applied to both subnets AND individual NICs (network interfaces). NSGs are stateful in Azure. Azure doesn't have a separate stateless NACL equivalent — NSGs serve both purposes but are stateful. Azure also has: Azure Firewall (managed network firewall service), Application Security Groups (logical grouping of VMs for NSG rules). Azure NSG priority (lower number = higher priority, 100-4096). GCP uses: VPC Firewall Rules (stateful, applied to instances via network tags or service accounts). Each cloud has different implementation — understand the concepts, not just AWS specifics."
"(ISC)2 CCSP","CCSP","700","150","125","25","180","Cloud Application Security","What is 'cloud application identity' management and what patterns are used?","A compliance process documenting which applications have access to organizational cloud resources","A database identity management system for tracking all records processed by cloud applications","Managing how users authenticate to cloud applications using multi-factor authentication","Managing how cloud applications authenticate to other services using patterns including service accounts with minimal permissions workload identity federation managed identities and secrets rotation rather than long-lived credentials","D","Cloud application identity patterns: (1) Managed identities (Azure Managed Identity, AWS IAM roles for EC2/Lambda — no credential management, provider handles rotation automatically), (2) Workload identity federation (use OIDC tokens from CI/CD systems like GitHub Actions to assume cloud roles — no long-lived credentials), (3) Service accounts (GCP service accounts — granular, per-workload), (4) Pod identity (Kubernetes: AWS IRSA, Azure Workload Identity, GCP Workload Identity Federation — associate Kubernetes service accounts with cloud IAM), (5) Secrets management (for cases where credential required — use Secrets Manager, not environment variables or code). Anti-pattern: long-lived access keys in code, environment variables, or config files. Least privilege: each application gets minimum permissions needed."
"(ISC)2 CCSP","CCSP","700","150","125","25","180","Cloud Concepts, Architecture, and Design","What is 'cloud computing' risk as defined by ENISA?","ENISA's definition focuses only on the risks to cloud providers rather than risks to cloud customers","ENISA identifies cloud computing risks including loss of governance vendor lock-in compliance failures isolation failures data deletion and data recovery issues as key concerns for cloud adopters","ENISA limits cloud risk analysis to cybersecurity threats and excludes operational and compliance risks","ENISA defines cloud risk exclusively as the risk of cloud provider bankruptcy and service discontinuation","B","ENISA (European Union Agency for Cybersecurity) cloud risk report identifies: (1) Loss of governance (customer surrenders control to provider), (2) Compliance challenges (regulatory requirements harder to demonstrate), (3) Lack of audit access (limited visibility into provider operations), (4) Vendor lock-in (proprietary technologies prevent migration), (5) Isolation failures (multi-tenancy isolation breach), (6) Management interface compromise (cloud management plane vulnerable), (7) Data protection (deletion, recovery, portability), (8) Insider threats at cloud provider, (9) Insecure interfaces/APIs. CCSP: ENISA framework is referenced alongside NIST and CSA in cloud risk discussions."
"(ISC)2 CCSP","CCSP","700","150","125","25","180","Cloud Concepts, Architecture, and Design","What is 'cloud service dependency' and how does it affect security architecture?","The web of dependencies between cloud services where one service relies on others meaning a failure or security issue in a dependency can cascade creating a wider security impact than anticipated","A billing relationship where cloud service costs are allocated based on dependencies between services","A performance optimization technique that reduces cloud application latency through service chaining","The contractual relationship between cloud customers and providers that creates service obligations","A","Cloud service dependencies: serverless function depends on S3 trigger → DynamoDB → SQS → email service. Security implications: (1) Blast radius amplification (compromise one service = compromise dependent services), (2) IAM dependency (function role must be over-privileged to access all dependencies), (3) Visibility gaps (trace security events across multiple services), (4) Failure cascades (security control fails → dependent controls also fail), (5) Third-party SaaS dependencies (cloud app depends on external SaaS — their breach = your incident). Mapping dependencies: architecture diagrams, service topology maps, AWS X-Ray/Azure Application Insights (distributed tracing). Security: test failure of individual dependencies, apply least privilege to each dependency relationship."
"(ISC)2 CCSP","CCSP","700","150","125","25","180","Cloud Concepts, Architecture, and Design","What is 'cloud cost optimization' intersection with security?","A financial process that removes expensive encryption from non-sensitive workloads to reduce bills","A cloud pricing model where security tools are provided free of charge to incentivize adoption","A cloud security approach that reduces costs by consolidating all security tools into a single vendor","Cost optimization decisions like deleting logs to save storage disabling security monitoring to reduce costs or choosing cheaper regions with weaker compliance profiles can inadvertently create security and compliance gaps","D","Cost-security intersection pitfalls: (1) Log storage reduction (shorting log retention to save costs — loses audit trail, reduces IR capability), (2) Disabling security services (turning off GuardDuty, Defender to save money — creates detection blind spots), (3) Cheaper region selection (cheapest region may lack needed compliance certifications — FedRAMP only in certain regions), (4) Reduced redundancy (single AZ = cheaper but availability risk), (5) Smaller instance types (insufficient memory for security agents). Positive intersections: (1) Security enables cost savings (data classification → delete unnecessary data → reduce storage costs), (2) Preventing security incidents (breach costs vastly exceed prevention costs), (3) FinOps and SecOps collaboration (security anomalies appear as cost anomalies). Budget security tools into total cloud cost."
"(ISC)2 CCSP","CCSP","700","150","125","25","180","Cloud Concepts, Architecture, and Design","What is 'cloud provider evaluation' from a security perspective?","A financial assessment of cloud provider pricing to determine the most cost-effective option","A technical compatibility assessment verifying that cloud services integrate with existing systems","A performance benchmark comparing cloud provider technical capabilities and service features","Assessing cloud providers using criteria including their security certifications transparency audit reports incident history data handling practices jurisdiction and contractual security commitments before making adoption decisions","D","Cloud provider security evaluation criteria: (1) Certifications (SOC 2 Type II, ISO 27001/27017/27018, PCI DSS, FedRAMP, HITRUST — current, scope covers intended use), (2) Transparency (publish security whitepapers, vulnerability disclosure program, security bulletins), (3) Incident history (past breaches? Response quality? Communication?), (4) Data handling (where stored, who has access, encryption approach, deletion process), (5) Contractual commitments (DPA, security SLAs, audit rights, breach notification, data portability), (6) Subprocessor disclosure (who do they share data with?), (7) Jurisdiction (governing law, data residency options), (8) Service-specific security (does the specific service you need have required security features — e.g., encryption option, access logging?). Use CSA STAR registry for cloud provider self-assessments and third-party audits."
"(ISC)2 CCSP","CCSP","700","150","125","25","180","Cloud Concepts, Architecture, and Design","What is 'hybrid cloud security architecture' and what unique challenges does it present?","A cloud deployment pattern where security tools from on-premises are simply extended to cloud","Hybrid cloud security connects on-premises and cloud environments presenting challenges of consistent policy enforcement across boundaries identity federation network security spanning environments and data flow visibility and control","A cloud architecture using multiple public cloud providers to avoid dependency on a single vendor","A security model where cloud and on-premises environments use completely separate security policies","B","Hybrid cloud security challenges: (1) Consistent policy (apply same security policies across on-premises and cloud — different tools, different APIs), (2) Identity federation (enterprise AD + cloud IAM — users need seamless but secure access), (3) Network connectivity security (VPN or Direct Connect between environments — secure transit, encryption), (4) Data flow visibility (data moving between environments — DLP monitoring, logging), (5) Tooling gap (on-premises security tools may not work in cloud and vice versa), (6) Security perimeter confusion ('inside' vs 'outside' less meaningful), (7) Compliance demonstration (compliance evidence spans multiple environments). Solutions: unified SIEM, zero trust (no implicit trust anywhere), CASB for cloud visibility, cloud-native management tools extend to hybrid (AWS Systems Manager, Azure Arc)."
"(ISC)2 CCSP","CCSP","700","150","125","25","180","Cloud Concepts, Architecture, and Design","What is 'cloud native application architecture' pattern and its security implications?","A cloud deployment model where all application logic runs on provider-managed serverless functions","A development approach exclusively using programming languages supported natively by cloud providers","An architecture pattern that replicates on-premises application designs in cloud environments","Cloud-native architecture using microservices containers serverless and dynamic orchestration has security implications including larger API attack surface distributed secrets management and the need for zero trust between services","D","Cloud-native architecture: microservices (many small services), containers (Docker/Kubernetes), serverless (functions), managed services (use provider services instead of self-managed). Security implications: (1) Large API attack surface (many service-to-service APIs = many attack vectors), (2) Dynamic environments (containers created/destroyed constantly — traditional agent-based security struggles), (3) Distributed secrets (each service needs credentials — secrets management at scale), (4) Zero trust required (services call each other — no implicit trust between pods/functions), (5) Immutable infrastructure (replace not patch — new security model), (6) Supply chain risk (base images, libraries, IaC modules), (7) Short-lived compute (forensics difficult when containers ephemeral). Security must be automated — manual processes don't scale."
"(ISC)2 CCSP","CCSP","700","150","125","25","180","Cloud Concepts, Architecture, and Design","What is the 'STRIDE' threat modeling methodology and how does it apply to cloud?","A cloud security framework for structuring security requirements and control selection","A regulatory compliance methodology for mapping cloud controls to specific standards","A performance engineering methodology adapted for analyzing cloud security overhead","STRIDE categorizes threats as Spoofing Tampering Repudiation Information Disclosure Denial of Service and Elevation of Privilege applied to cloud by analyzing data flows between cloud services IAM trust boundaries and external access points","D","STRIDE cloud application: S (Spoofing) — identity spoofing, token theft, API key compromise — mitigate with MFA, mutual TLS. T (Tampering) — data modification in transit or at rest, IaC manipulation — mitigate with integrity verification, immutable storage. R (Repudiation) — no audit trail of API calls, deleted logs — mitigate with CloudTrail, immutable log storage. I (Information Disclosure) — public S3 buckets, over-permissive IAM, unencrypted data — mitigate with encryption, CSPM. D (Denial of Service) — resource exhaustion attacks, API throttling abuse — mitigate with auto-scaling, WAF, DDoS protection. E (Elevation of Privilege) — IAM privilege escalation, misconfigured roles — mitigate with least privilege, CIEM. Apply to: DFDs (data flow diagrams) of cloud architecture, identify trust boundaries between services."
"(ISC)2 CCSP","CCSP","700","150","125","25","180","Cloud Concepts, Architecture, and Design","What is 'multi-cloud strategy' security implications?","Multi-cloud strategy has no unique security implications beyond standard cloud security practices","Multi-cloud eliminates all security risks by distributing workloads across multiple separate environments","Using multiple cloud providers increases security complexity through multiple identity systems network architectures monitoring tools and compliance evidence requirements while potentially reducing provider concentration risk","Multi-cloud security is simpler than single-cloud because providers compensate for each other's weaknesses","C","Multi-cloud security complexity: (1) Multiple IAM systems (AWS IAM + Azure AD + GCP IAM — different models, different risks, harder to audit), (2) Multiple monitoring tools (each provider has different security services — consolidation needed in SIEM), (3) Inconsistent security controls (implement similar controls differently per provider), (4) Compliance complexity (demonstrate compliance across multiple providers), (5) Network security (connectivity between providers — encryption in transit across providers), (6) Identity federation (single IdP federated to multiple clouds — or multiple IdPs), (7) Tooling (cloud-agnostic security tools needed — Wiz, Prisma Cloud work across clouds). Benefits: avoid provider lock-in, leverage best services from each, reduce single-provider outage risk. Security cost: significantly more complex to manage securely."
"(ISC)2 CCSP","CCSP","700","150","125","25","180","Cloud Concepts, Architecture, and Design","What is 'platform engineering' and its relationship to cloud security?","A compliance function that certifies cloud platforms meet organizational security requirements","Platform engineering builds internal developer platforms that abstract cloud infrastructure and embed security controls making it easier for developers to build on secure foundations without requiring deep cloud security expertise","A development methodology that prioritizes platform performance over security considerations","A cloud provider service that manages all infrastructure operations on behalf of customers","B","Platform engineering: build internal developer platforms (IDPs) that abstract cloud complexity. Security relationship: (1) Paved road (secure defaults — developers use platform APIs that provision correctly secured infrastructure), (2) Security guardrails (platform enforces security policies — can't create unencrypted storage, can't open unrestricted security groups), (3) Self-service with controls (developers move fast without security team bottleneck — platform ensures security), (4) Consistency (all workloads use same security patterns — easier to audit), (5) Security expertise embedded (platform team includes security engineers — not every dev team needs expert). Tools: Backstage (Spotify), Crossplane, Pulumi Automation API. Shift-left: make secure choices the easy choices, not obstacles."
"(ISC)2 CCSP","CCSP","700","150","125","25","180","Cloud Concepts, Architecture, and Design","What is 'cloud security architecture review' and when should it occur?","A cloud provider assessment of customer security configurations to identify compliance gaps","A post-incident review of cloud architecture to understand how a breach occurred","An annual compliance audit of deployed cloud infrastructure by external security auditors","A structured evaluation of cloud architecture designs to identify security risks before deployment ideally performed during the design phase as part of SSDLC where security concerns are cheapest to address","D","Cloud security architecture review: when in the SDLC? Design phase (cheapest to fix — change design rather than deployed infrastructure). Components: (1) Threat modeling (STRIDE, PASTA — identify threats to proposed architecture), (2) Trust boundary analysis (where do trust levels change? What crosses boundaries?), (3) Data flow review (what data flows where? Classification appropriate for path?), (4) IAM review (proposed permissions appropriate? Least privilege?), (5) Network design review (segmentation, egress controls, firewall rules appropriate?), (6) Compliance check (does architecture meet regulatory requirements?), (7) Third-party dependency review (external services in design — what risk do they introduce?). Output: security requirements, design recommendations, risk acceptance decisions. Include in project planning — security review milestone before deployment."
"(ISC)2 CCSP","CCSP","700","150","125","25","180","Cloud Concepts, Architecture, and Design","What is 'cloud resource tagging' strategy for security?","A network routing approach that tags packets to ensure they reach the correct cloud destination","A physical labeling system for identifying servers in cloud provider data centers","A systematic approach to labeling cloud resources with metadata about owner classification environment data sensitivity and compliance scope enabling security automation cost allocation and incident response","A performance optimization technique that marks high-priority cloud resources for faster processing","C","Resource tagging for security: mandatory tags enable security automation. Tag categories: (1) Owner (team, individual — accountability), (2) Classification (public, internal, confidential, restricted — drives encryption requirements), (3) Environment (dev, test, staging, prod — different security controls), (4) Compliance scope (pci=true, hipaa=true, sox=true — automated compliance boundary), (5) Data sensitivity (contains-pii, contains-phi — triggers enhanced controls), (6) Backup required (yes/no — ensures backup coverage), (7) Patch group (immediate, weekly, monthly — scheduling). Security automation: CSPM rules check tags, automated remediation based on tags, cost alerts per classification. Enforcement: require tags via SCP/Policy, reject non-compliant resource creation. Incident response: quickly identify owner and classification of compromised resource."
"(ISC)2 CCSP","CCSP","700","150","125","25","180","Cloud Concepts, Architecture, and Design","What is 'security chaos engineering' and how does it apply to cloud?","A compliance testing approach that randomly selects security controls for examination","An adversarial testing approach where red teams attempt to breach cloud environments without authorization","Deliberately injecting failures and security scenarios into cloud environments to validate that security controls resilience mechanisms and incident response procedures function correctly under real conditions","A threat modeling methodology that uses random scenario generation to identify security risks","C","Security chaos engineering: proactively test security under failure conditions. Examples: (1) Disable security control (remove GuardDuty temporarily — does alerting detect the absence?), (2) Inject compromised credential (use a test 'leaked' credential — does detection fire?), (3) Create misconfiguration (make S3 bucket public — does CSPM detect and alert?), (4) Simulate ransomware (encrypt files in test environment — do backups protect?), (5) Kill security agent (terminate SIEM agent on instance — does monitoring detect missing data?), (6) Network partition (simulate AZ outage — do security controls survive?). Tools: AWS Fault Injection Simulator (FIS), Chaos Monkey (Netflix), Gremlin. Benefits: validate security BEFORE real incident, find gaps in detection, build muscle memory for response. GameDays: structured chaos exercises with team participation."
"(ISC)2 CCSP","CCSP","700","150","125","25","180","Cloud Concepts, Architecture, and Design","What is 'cloud computing pricing model risk' and how does it affect security decisions?","A risk that competitors will access cloud billing data to understand organizational spending patterns","Cloud pricing models including per-request egress-based and resource-consumption billing can create security risks when cost optimization pressures conflict with security requirements or when unexpected costs signal security incidents","The financial risk of cloud providers changing their pricing unilaterally after contract signing","The risk that cloud providers will charge incorrectly for security services and overstate usage","B","Cloud pricing security risks: (1) Egress billing (logging generates egress costs — organizations reduce logging to save money, creating security blind spots), (2) Security tool costs (per-GB SIEM ingestion, per-event scanning costs → organizations disable logging to manage costs), (3) Auto-scaling costs (DDoS causes massive scaling = massive bills — configure cost limits carefully), (4) Budget caps (if auto-scaling hits cost limit, service becomes unavailable = DoS), (5) Cost anomaly as security signal (sudden cost spike = cryptomining, unauthorized provisioning, DDoS-related scaling — use billing alerts as security monitoring). Balance: calculate security monitoring cost vs. potential breach cost. Security logging is not optional — find cost-effective approaches (sampling, tiered storage, selective ingestion)."
"(ISC)2 CCSP","CCSP","700","150","125","25","180","Cloud Concepts, Architecture, and Design","What distinguishes 'private cloud' from 'on-premises data center' hosting?","Private cloud is exclusively for small organizations while on-premises data centers serve enterprises","Private cloud uses virtualization automated provisioning and self-service capabilities like a public cloud but for a single organization while on-premises data center is traditional fixed-capacity infrastructure without cloud characteristics","Private cloud is hosted in provider facilities while on-premises data center is customer-owned and operated","There is no meaningful distinction as all on-premises infrastructure that uses virtualization qualifies as private cloud","B","Private cloud: implements NIST five essential characteristics (on-demand self-service, broad network access, resource pooling, rapid elasticity, measured service) but for a single organization. Can be: on-premises (customer data center), provider-hosted (hosted private cloud — provider infrastructure, dedicated to single customer), or hybrid. On-premises traditional data center: fixed capacity, manual provisioning, no self-service, not elastic, not metered per use. The cloud characteristics — not the location — distinguish private cloud from traditional on-premises. OpenStack, VMware vCloud enable private cloud on-premises. Security consideration: private cloud doesn't mean more secure by default — still needs cloud security controls."
"(ISC)2 CCSP","CCSP","700","150","125","25","180","Cloud Concepts, Architecture, and Design","What is 'data center physical security' as a cloud provider responsibility?","Cloud providers implement physical security controls including perimeter security access controls environmental controls surveillance and background checks on personnel as part of their 'security of the cloud' responsibility","Physical security in cloud data centers is jointly managed by providers and their largest customers","Cloud customer responsibility includes managing access badges for cloud provider data centers","Physical security is less important for cloud than on-premises because data is distributed across locations","A","Physical security as provider responsibility: (1) Perimeter controls (fencing, barriers, security guards, vehicle controls), (2) Access controls (multi-factor authentication to enter, biometrics, badge readers at each zone), (3) Environmental controls (temperature, humidity, fire suppression, power redundancy — UPS, generators), (4) Surveillance (CCTV covering all areas, motion detection), (5) Personnel vetting (background checks for all employees and contractors with access), (6) Visitor procedures (escort requirements, limited access, visitor logs), (7) Hardware security (asset tracking, media destruction). Customer cannot audit directly — rely on SOC 2 Type II report (physical security controls audited) and ISO 27001 certification. Physical security is thoroughly managed by major providers."
"(ISC)2 CCSP","CCSP","700","150","125","25","180","Cloud Concepts, Architecture, and Design","What is 'cloud provider transparency' and why does it matter for customer security?","The degree to which cloud providers disclose their security controls audit results incidents and practices which matters because customers must make risk decisions about cloud adoption based on provider security posture they cannot directly observe","A regulatory requirement for cloud providers to disclose all customer data to government agencies","The accessibility of cloud provider technical documentation for developer integration purposes","The clarity of cloud provider pricing so customers can accurately predict their monthly bills","A","Provider transparency components: (1) Security whitepapers (how provider implements security, shared responsibility detail), (2) Compliance reports (SOC 2 Type II — download from AWS Artifact, Azure Trust Center, GCP Compliance), (3) Penetration test results (summaries typically, not full reports), (4) Security bulletins (vulnerability disclosures affecting provider services), (5) Incident disclosure (do they notify affected customers? How quickly?), (6) Subprocessor lists (who has access to customer data? Maintained with notifications of changes), (7) Data center locations (general region/country — some disclose more than others). Transparency matters because: customer can't observe provider directly, must make risk decisions based on disclosed information. Request: current SOC 2 Type II with scope matching your services."
"(ISC)2 CCSP","CCSP","700","150","125","25","180","Cloud Concepts, Architecture, and Design","What is 'cloud security reference architecture' and what frameworks provide them?","A cloud provider proprietary framework restricting how customers implement security within their cloud","A technical standard mandating identical security implementations across all cloud providers","Pre-designed cloud security architecture patterns providing guidance on security control placement implementation and integration with examples from AWS Security Reference Architecture Azure Well-Architected and Google Cloud Security Foundations","A compliance certification that validates a cloud architecture meets security requirements","C","Cloud security reference architectures: (1) AWS Security Reference Architecture (AWS SRA): multi-account architecture with dedicated security account, centralized logging, GuardDuty delegated admin, Security Hub aggregation, account-level SCPs. (2) Azure Well-Architected Security Pillar: identity management, infrastructure protection, data protection, incident response patterns. (3) Google Cloud Security Foundations: organization structure, VPC design, logging pipeline, IAM, boundary protection. (4) CSA Enterprise Architecture: vendor-neutral framework across cloud service models. (5) NIST SP 800-53 cloud overlays: map NIST controls to cloud implementations. Use reference architectures as: starting point for design, gap analysis (compare current state), stakeholder communication (visual patterns explain security design). Adapt to your specific compliance requirements."
"(ISC)2 CCSP","CCSP","700","150","125","25","180","Cloud Concepts, Architecture, and Design","What is 'cloud spending analytics' for security monitoring?","Using cloud billing data and cost anomaly detection as a security monitoring signal where unexpected spending patterns can indicate cryptomining unauthorized resource provisioning or data exfiltration activities","An audit methodology for verifying that cloud security tool licenses are properly allocated","A financial analysis process for measuring the return on investment of cloud security tools","A procurement strategy for negotiating better pricing on cloud security services","A","Cost anomaly as security signal: (1) Cryptomining (GPU/CPU-intensive instances suddenly provisioned, egress traffic to mining pools — large cost spike), (2) Unauthorized provisioning (attacker provisions expensive resources in compromised account — unexpected new services), (3) Data exfiltration (large egress costs — retrieving and transferring large data volumes), (4) DDoS impact (auto-scaling in response to DDoS attack — service scales = massive cost increase), (5) Account hijacking (activity in unexpected regions — new region usage). Implementation: AWS Cost Anomaly Detection (ML-based alerts), Azure Cost Alerts (threshold-based), GCP Budget Alerts. Configure: alert on any usage in unexpected regions (East-Asia region suddenly used by US-only organization), alert on GPU instance creation, alert on egress exceeding threshold. Finance team partnership: they see billing anomalies before security team does."
"(ISC)2 CCSP","CCSP","700","150","125","25","180","Cloud Data Security","What is 'data classification policy' implementation in cloud and what are common classification levels?","A database indexing strategy that organizes cloud data by classification for faster retrieval","A cloud provider feature that automatically classifies all stored data using machine learning","A regulatory requirement mandating that all cloud data receives the same level of protection","Implementing a policy defining data sensitivity levels such as Public Internal Confidential and Restricted with technical controls in cloud enforcing handling requirements for each classification level","D","Data classification implementation in cloud: (1) Define levels (Public — shareable, no protection required; Internal — not for external sharing; Confidential — sensitive business data; Restricted — regulatory, financial, PII, PHI). (2) Apply to cloud: tagging (tag resources/data with classification), bucket policies (restrict access based on classification tag), encryption enforcement (Restricted = mandatory customer-managed key encryption), access controls (Confidential = named users only, not groups), DLP (trigger on confidential data leaving approved destinations), egress controls (restrict Restricted data from leaving specific environments). (3) Automation: CSPM rules check classification tags match security controls, auto-remediate mismatches. (4) Training: users know how to classify. Challenge: legacy data already stored without classification — discovery and retroactive classification."
"(ISC)2 CCSP","CCSP","700","150","125","25","180","Cloud Data Security","What is 'cloud data backup verification' and what must be tested?","The process of regularly testing that backups can be successfully restored to verify that recovery objectives are achievable and that backup data has not been corrupted encrypted by ransomware or made inaccessible","A compliance activity generating reports documenting when backups were created for audit purposes","A security scan of backup files to detect malware that may have been backed up with clean data","A cloud provider service that automatically verifies backup integrity without customer involvement","A","Backup verification requirements: An untested backup = no backup. Test: (1) Restoration test (actually restore — confirm data is readable, application functions correctly after restore), (2) Integrity check (hash verification — compare backup hash to original, detect corruption), (3) Completeness verification (all expected data present in backup — no gaps), (4) Recovery time measurement (measure actual RTO — does it meet your objective?), (5) Point-in-time recovery test (can you restore to specific point? Important for ransomware recovery), (6) Cross-region restore (if DR plan requires cross-region restore, test it — different latency, different process). Frequency: critical systems quarterly, all systems annually minimum. Ransomware concern: backup encrypted before detection — test restoring backups from different ages. Document results: evidence of tested backup capability."
"(ISC)2 CCSP","CCSP","700","150","125","25","180","Cloud Data Security","What is 'data loss prevention' policy construction and enforcement in cloud?","A network security control preventing data from being transmitted outside the corporate network","A cloud provider contractual guarantee preventing them from losing customer data","Creating DLP policies that define what sensitive data looks like through patterns and fingerprints and where it should and should not go then enforcing those policies through CASB cloud-native DLP services and egress monitoring","A compliance documentation activity recording all instances of data sent outside the organization","C","DLP policy construction: (1) Define sensitive data (patterns: SSN \d{3}-\d{2}-\d{4}, credit card 16-digit Luhn, PHI identifiers; fingerprinting: hash of specific documents; keyword lists: 'proprietary', 'confidential'). (2) Define policies (action when detected: block, quarantine, alert, encrypt). (3) Define scope (what channels to monitor: email, upload to cloud storage, browser upload, API calls). Cloud DLP enforcement: CASB (intercept uploads to sanctioned/unsanctioned cloud services), AWS Macie (S3 scanning for PII patterns), Google Cloud DLP API (scan and transform sensitive data), Microsoft Purview (unified DLP across O365 and Azure). Challenge: encrypted traffic (must inspect before encryption or use SSL inspection), new channels (teams, Slack, collaboration tools — CASB must cover), volume (false positives at scale). Balance: too many false positives = ignored alerts."
"(ISC)2 CCSP","CCSP","700","150","125","25","180","Cloud Data Security","What is 'secure data destruction' in cloud environments?","The process of ensuring cloud data is permanently unrecoverable using methods like cryptographic erasure deleting encryption keys overwriting verification and contractual provider obligations for certified deletion","A cloud provider guarantee that all customer data is deleted immediately upon service termination","The secure transfer of data from cloud to on-premises storage before cloud service termination","Physical destruction of cloud server hard drives when cloud services are terminated","A","Cloud data destruction challenges: can't physically destroy hardware (shared infrastructure). Methods: (1) Cryptographic erasure (delete encryption key — encrypted data remains but unreadable — most practical for cloud), (2) Provider-managed deletion (rely on provider's deletion process — get written confirmation), (3) Overwriting (some cloud services support data overwriting before release). Steps: (1) Identify all copies (primary storage, backups, snapshots, replicated copies, cache, CDN copies), (2) Delete or overwrite all copies, (3) Delete encryption keys (if cryptographic erasure), (4) Get deletion certificate from provider (contractually required in many compliance frameworks). Verification challenge: can you verify cloud data is actually deleted? Rely on: contractual assurance, SOC 2 evidence of media sanitization procedures, NIST 800-88 guidance."
"(ISC)2 CCSP","CCSP","700","150","125","25","180","Cloud Data Security","What is 'customer-managed encryption keys' lifecycle management?","A cloud provider process for managing encryption keys on behalf of customers who prefer not to manage them","A physical key management system for controlling access to cloud provider data center facilities","Managing customer-controlled encryption keys through their complete lifecycle including generation storage rotation revocation and backup to ensure data remains accessible to authorized parties while protected from unauthorized access","The management of TLS certificates used to secure cloud API connections and service endpoints","C","Customer-managed key lifecycle: (1) Generation (use FIPS 140-2 validated HSM or KMS, sufficient key length — AES-256, RSA-2048+), (2) Storage (secure storage — cloud KMS backed by HSM, or on-premises HSM for HYOK), (3) Distribution (securely distribute to services that need it — never in plaintext over insecure channel), (4) Rotation (regular rotation policy — AWS KMS annual auto-rotation for symmetric keys, rotate asymmetric keys manually), (5) Revocation (immediately revoke compromised keys — understand impact on encrypted data accessibility), (6) Backup (keys are critical — backup loss = permanent data loss; backup securely), (7) Deletion (after data deletion — ensure no data remains encrypted with deleted key), (8) Audit logging (log all key usage — who used key, when, for what). Key ceremony: formal documented process for generating high-value keys."
"(ISC)2 CCSP","CCSP","700","150","125","25","180","Cloud Data Security","What is 'cloud database security' configuration best practices?","Installing traditional database security software on cloud virtual machines running database workloads","A cloud provider service that automatically configures all database security settings optimally","Securing cloud databases through private subnet placement disabling public accessibility enabling encryption at rest with CMK enforcing TLS for connections restricting IAM access to least privilege enabling audit logging and using automated backups","Restricting database access to only the cloud provider's network for maximum security","C","Cloud database security configuration: (1) Network (place in private subnet, no public endpoint, VPC/VNet isolation, security group allows only application tier), (2) Encryption at rest (enable TDE — customer-managed key recommended for sensitive data), (3) Encryption in transit (enforce TLS for all connections — set require_secure_transport=ON in MySQL, ssl=on in PostgreSQL), (4) Authentication (disable default user accounts, strong passwords, certificate-based authentication where supported), (5) IAM integration (use IAM database authentication — eliminates database passwords for EC2/Lambda access), (6) Audit logging (enable database activity logging — query logs, connection logs), (7) Backup encryption (ensure automated backups encrypted), (8) Access control (database user permissions — application user has only SELECT/INSERT on needed tables, not DBA), (9) Monitoring (CloudWatch for performance anomalies that may indicate attack)."
"(ISC)2 CCSP","CCSP","700","150","125","25","180","Cloud Data Security","What is 'sensitive data catalog' in cloud environments and how is it maintained?","A publicly available list of cloud provider data centers storing customer information","A cloud billing catalog showing the cost of storing different types of sensitive data","A centralized inventory of where sensitive data exists in cloud environments including data type classification location owner and access controls maintained through automated discovery scanning and data governance processes","A regulatory submission documenting all personal data held in cloud environments","C","Sensitive data catalog (data asset inventory): know what sensitive data you have and where. Components: data asset name, data type (PII, PHI, PCI, intellectual property), classification level, location (bucket name, database name, service), owner (team, individual), access controls in place, applicable regulations, retention requirements, last reviewed date. Maintenance: (1) Automated discovery (AWS Macie, Azure Purview, BigID scan cloud storage regularly, update catalog with new discoveries), (2) Data governance processes (new datasets require catalog entry before deployment), (3) Regular review (quarterly review — ensure catalog accurate, controls appropriate), (4) CI/CD integration (new infrastructure creates catalog entries automatically). Value: GDPR ROPA (Records of Processing Activities) requires this information, incident response (quickly identify what data was in compromised service), compliance evidence."
"(ISC)2 CCSP","CCSP","700","150","125","25","180","Cloud Data Security","What is 'data residency verification' and how do customers verify it?","The process of confirming that cloud data is actually stored in contractually specified geographic regions through provider attestations audit reports configuration verification and monitoring of data storage location metadata","Physically visiting cloud provider data centers to verify server locations for compliance purposes","A cloud provider certification that data never leaves the customer's country of origin","Reviewing cloud provider marketing materials to understand their geographic presence","A","Data residency verification challenges: can't physically verify — shared infrastructure. Verification methods: (1) Contractual (DPA specifies data will be stored only in specified region/country — legally binding), (2) Provider attestation (SOC 2 Type II covers data residency controls if in scope), (3) Service configuration (AWS region selection, Azure region pairing, GCP region constraints — configure and verify via console/API), (4) Data residency logs (some providers log data storage locations — API calls show region), (5) Third-party audit (ISO 27018 specifically addresses PII handling including location), (6) Independent assessment (engage auditor to verify provider's residency claims). Limitations: multi-region replication for availability may conflict with strict residency requirements — configure carefully, disable replication if residency absolute. Test: create test data, verify via provider API it resides in specified region only."
"(ISC)2 CCSP","CCSP","700","150","125","25","180","Cloud Data Security","What is 'cloud data sharing security' and what controls govern it?","A compliance requirement that all cloud data sharing must be approved by regulatory agencies","A cloud provider service that manages all data sharing agreements on behalf of customers","Controls governing how cloud data is shared between internal teams external partners and third-party services including access controls DLP policies data use agreements and monitoring of shared data usage","Network security controls preventing data from being shared between cloud provider customers","C","Cloud data sharing controls: (1) Internal sharing (IAM roles and permissions — least privilege, share specific buckets/tables not entire data stores, time-limited access), (2) Cross-account sharing (AWS cross-account IAM roles, resource-based policies — explicit trust between accounts), (3) External partner sharing (signed data sharing agreements, limited access, purpose limitation, audit logging of access), (4) SaaS integration (OAuth scopes — request minimum necessary permissions, review what SaaS accesses), (5) Analytics sharing (share anonymized/synthetic data instead of real data, masked datasets), (6) DLP (monitor what data is sent to which destinations, alert on policy violations), (7) Data use agreements (contractually limit how shared data can be used, sub-sharing restrictions). Third-party access: log and monitor all access, set expiration dates, review access regularly, revoke when no longer needed."
"(ISC)2 CCSP","CCSP","700","150","125","25","180","Cloud Data Security","What is 'cloud storage access logging' and what should be captured?","A performance monitoring tool measuring cloud storage response times and throughput","Recording all access to cloud storage resources including who accessed what object when from what IP address with what result enabling security investigations compliance auditing and anomaly detection","A cloud provider billing feature tracking storage access costs per user or team","An automated backup system that logs all changes to cloud storage for recovery purposes","B","Cloud storage access logging: (1) S3 Server Access Logging (who accessed, what object, when, from what IP, what HTTP method, response code, bytes transferred — delivered to another bucket), (2) S3 Data Events in CloudTrail (GetObject, PutObject, DeleteObject per object — more detailed, additional cost), (3) Azure Storage Analytics Logs (similar to S3 server access logging), (4) GCP Cloud Storage Audit Logs. What to log: every object access (GET, PUT, DELETE), authenticated vs. anonymous access, error responses (403s may indicate enumeration attempts), large downloads (potential exfiltration), unusual access patterns. Storage: log to separate account (prevent compromise from deleting logs), retain minimum 1 year. Analysis: SIEM integration, alert on: access from unknown IPs, bulk download events, access to sensitive objects outside business hours, access by deprovisioned users."
"(ISC)2 CCSP","CCSP","700","150","125","25","180","Cloud Data Security","What is 'blockchain' applicability to cloud data security?","A cloud backup technology that ensures data redundancy across multiple provider networks","Blockchain provides immutable audit trails distributed trust without central authority and smart contract enforcement of data governance rules applicable to cloud scenarios requiring tamper-evident logs multi-party data sharing and provenance tracking","Blockchain replaces cloud storage with distributed storage that eliminates the need for cloud providers","A cryptocurrency payment system used by cloud providers to charge for data storage and compute","B","Blockchain cloud security applications: (1) Immutable audit logs (write security events to blockchain — cannot be modified by compromised systems, provides tamper-evident audit trail), (2) Data provenance (track data origin, transformations, who accessed — blockchain provides immutable record), (3) Multi-party data sharing (smart contracts enforce data sharing rules automatically — data only shared when conditions met), (4) Identity (decentralized identity — self-sovereign identity without central IdP), (5) Certificate transparency (CT logs use Merkle tree structure similar to blockchain — all certificates publicly logged, tamper-evident). Limitations: blockchain ≠ automatically secure, not a replacement for standard cloud security, scalability challenges, latency. CCSP: blockchain is an emerging technology with specific applicable use cases — not a universal cloud security solution."
"(ISC)2 CCSP","CCSP","700","150","125","25","180","Cloud Data Security","What is 'cloud data sovereignty' versus 'data residency' distinction?","Data residency is a technical requirement while data sovereignty is only a political concept","Both terms are synonymous describing the geographic location of cloud-stored data","Data sovereignty applies to government data while data residency applies to private sector data","Data sovereignty refers to which country's laws govern data while data residency refers to where data is physically stored — data can reside in one country but be subject to another country's laws","D","Critical distinction: Data Residency: physical location of data storage (data stored on servers in Germany). Data Sovereignty: legal jurisdiction governing data (data subject to German law). They often align but can diverge: (1) Cloud Act (US): US-based providers may be compelled to produce data stored outside US — data resides in Ireland, but US law may apply. (2) Provider jurisdiction: if provider is US company with servers in EU — EU data residency, US law may claim jurisdiction over provider. (3) Subsidiary structures: data held by local subsidiary (German entity) vs. parent (US) — different jurisdiction analysis. GDPR: focuses on both — requires data remain within EU/EEA or be transferred through legal mechanism, AND requires processors comply with EU law regardless of where they're based. CCSP: understand that residency alone doesn't ensure sovereignty — contract structure and provider jurisdiction both matter."
"(ISC)2 CCSP","CCSP","700","150","125","25","180","Cloud Data Security","What is 'data remanence' in cloud and how is it addressed?","A cloud backup feature maintaining previous data versions for recovery from accidental deletion","Data remanence is the residual data that remains on storage media after deletion with cloud addressing this through cryptographic erasure overwriting provider media sanitization procedures and NIST 800-88 guidelines","The legal obligation to retain data for specified periods as required by regulatory frameworks","The persistent availability of data across multiple cloud regions enabling high availability","B","Data remanence: data persists after 'deletion.' Why it matters in cloud: customer deletes object from S3 → has it really been deleted from all storage media? Concerns: (1) Provider media reuse (storage reallocated to another tenant — does previous data remain?), (2) Backup copies (deleted primary but backups still exist), (3) Snapshot persistence (EBS snapshots, RDS snapshots — still contain data after primary deletion), (4) Caching layers (CDN, database query cache — data may persist in cache), (5) Log archives (access logs preserve record of deleted data). Mitigation: (1) Cryptographic erasure (delete encryption key — data remains but unreadable), (2) Provider media sanitization procedures (cloud providers follow NIST 800-88 for media decommissioning — documented in SOC 2), (3) Overwriting (where supported), (4) Verify backup and snapshot deletion. Get provider written confirmation of deletion."
"(ISC)2 CCSP","CCSP","700","150","125","25","180","Cloud Data Security","What is 'data stewardship' in cloud governance?","The accountability and oversight role ensuring cloud data is properly managed protected and used in accordance with organizational policies regulatory requirements and the interests of data subjects throughout the data lifecycle","A cloud provider employee responsibility for maintaining data center infrastructure","A compliance role generating reports on cloud data usage for regulatory submission purposes","A technical role managing cloud data storage configuration and performance optimization","A","Data stewardship roles in cloud governance: (1) Data Owner (accountable — typically business executive responsible for data; approves access, sets classification, determines retention), (2) Data Steward (operational accountability — implements data policies, monitors compliance, manages data quality), (3) Data Custodian (technical implementation — cloud/IT team that implements controls, manages storage infrastructure), (4) Data User (uses data in authorized ways for legitimate purposes). Cloud stewardship challenges: (1) Distributed data (data spread across many services and accounts — hard to track), (2) Dynamic environment (new data created constantly — stewardship must scale), (3) Shadow data (data stewards may not know about all copies). Implement: data catalog, classification requirements, access review processes, stewardship responsibilities in job descriptions. GDPR: data stewardship maps to controller/processor roles."
"(ISC)2 CCSP","CCSP","700","150","125","25","180","Cloud Data Security","What is 'functional encryption' and what cloud privacy problem does it address?","An advanced cryptographic scheme allowing computation on encrypted data that reveals only the result of a specific function rather than the underlying data enabling fine-grained access control on encrypted cloud data","Standard AES encryption used for the security of cloud computing functions and serverless workloads","An encryption standard specifically designed for cloud storage functions to optimize performance","A cloud provider feature that encrypts only the functional portions of applications not the data","A","Functional encryption: beyond standard encryption. Standard: decrypt → access everything. Functional encryption: hold a functional key that enables computing ONLY a specific function on the ciphertext and returns only the result. Example: encrypt salary data → give HR functional key → HR can compute average salary across all employees (learns average, not individual salaries). Use cases: (1) Analytics on sensitive data (compute aggregate statistics without revealing individual records), (2) Fine-grained access control (access keys reveal only specific attributes of encrypted records), (3) Searchable encryption (search encrypted data without decrypting). Status: largely theoretical, limited practical implementations, computationally expensive. CCSP: awareness of emerging cryptographic techniques addressing privacy in cloud analytics. Related: homomorphic encryption (more general but even slower)."
"(ISC)2 CCSP","CCSP","700","150","125","25","180","Cloud Data Security","What is 'cloud data quality' security concern?","A performance concern where low-quality data causes slow processing of cloud analytics workloads","Poor data quality in cloud environments represents a security concern because decisions based on inaccurate data can create security gaps and compromised or manipulated data injected into analytical pipelines can corrupt decisions and models","A storage efficiency concern where duplicate and inconsistent data wastes cloud storage resources","A compliance risk that organizations may submit incorrect information to regulators based on poor data","B","Data quality as security concern: (1) Decision-making integrity (security decisions based on bad data — incorrect vulnerability counts, wrong risk scores → misallocate security resources), (2) ML model manipulation (training data poisoning — inject bad data into ML training sets → corrupt model behavior, e.g., fraud detection model trained on manipulated data), (3) Audit trail reliability (inaccurate logs = can't rely on them for forensics, compliance evidence challenged), (4) Alert quality (poor data quality → false positive floods → alert fatigue → real alerts missed), (5) Incident scope (inaccurate asset inventory → incomplete incident investigation). Data quality dimensions: accuracy, completeness, consistency, timeliness, validity. Security of data quality processes: protect data pipelines from manipulation, validate data integrity at ingestion, anomaly detection on data quality metrics."
"(ISC)2 CCSP","CCSP","700","150","125","25","180","Cloud Data Security","What is 'bring your own key' (BYOK) implementation and what control does it provide?","BYOK means customers bring their own laptop to manage cloud encryption manually on-site","BYOK is a cloud billing model where customers bring their own AWS accounts to use with enterprise software","BYOK allows customers to generate encryption keys in their own infrastructure import them into the cloud provider's KMS and control key policy giving greater key management control while keys are stored in the provider's KMS","BYOK allows customers to use their existing on-premises data to populate cloud storage services","C","BYOK implementation: (1) Generate key (customer generates key in their own HSM or cryptographic tool — not in cloud), (2) Import to cloud KMS (AWS KMS Import Key Material, Azure Key Vault import, GCP Cloud KMS import), (3) Key policy (customer controls: who can use key, which services, under what conditions), (4) Provider stores key (key stored in provider's KMS — provider has access to key storage). What BYOK provides: (1) Key generation outside provider (customer controls key generation), (2) Key policy control (customer defines usage restrictions), (3) Key revocation (customer can delete key from cloud KMS, rendering data inaccessible). What BYOK does NOT provide: (1) Provider access to key storage — they still host the key. (2) Full isolation — key is in provider environment. For full isolation: HYOK (Hold Your Own Key) — key never enters cloud. CCSP: understand the distinction."
"(ISC)2 CCSP","CCSP","700","150","125","25","180","Cloud Platform and Infrastructure Security","What is 'cloud network intrusion detection' and what approaches are used?","Detecting malicious network activity in cloud environments using VPC flow log analysis cloud-native ML-based detection services third-party NDR tools and traffic mirroring for deep packet inspection","A cloud provider service that blocks all malicious network traffic before it reaches customer resources","A compliance activity reviewing network configuration changes for unauthorized modifications","Physical network monitoring appliances installed in cloud data centers by security teams","A","Cloud network intrusion detection approaches: (1) Flow log analysis (VPC Flow Logs, Azure NSG Flow Logs — analyze metadata: source/dest IPs, ports, bytes, accepted/rejected; no payload), (2) Cloud-native detection (AWS GuardDuty uses flow logs + DNS logs + CloudTrail for ML-based threat detection; Azure Network Watcher + Defender for Cloud), (3) Traffic mirroring (AWS Traffic Mirroring, Azure VNet TAP — copy packets to IDS appliance for deep inspection — more expensive, payload visible), (4) Third-party NDR (Network Detection and Response — Darktrace, Vectra, Corelight — behavioral analytics), (5) DNS monitoring (Route 53 query logs — detect DNS tunneling, C2 communication, data exfiltration patterns). Limitation: encrypted traffic (flow logs see metadata only for TLS traffic — traffic mirroring doesn't help for encrypted payload). Security group logs: rejected traffic is also logged — useful for detecting scanning/probing."
"(ISC)2 CCSP","CCSP","700","150","125","25","180","Cloud Platform and Infrastructure Security","What is 'cloud infrastructure compliance as code' and what does it enable?","Expressing compliance requirements as executable code that automatically validates cloud infrastructure configurations ensuring continuous compliance rather than point-in-time audits and providing evidence for compliance reporting","A documentation format for recording cloud compliance status in machine-readable files","A programming methodology for developing compliance management software applications","A cloud provider service that automatically generates compliance reports on customer request","A","Compliance as code: express rules as executable checks. Tools: (1) Open Policy Agent (OPA) / Rego language — policy decisions as code, integrated into Kubernetes admission controller, CI/CD pipelines, API gateways. (2) AWS Config Rules — Define compliance requirements as Lambda functions or managed rules, continuously evaluated. (3) Chef InSpec / Cinc — Ruby DSL for compliance profiles, testable infrastructure code. (4) Terraform Sentinel — policy enforcement for Terraform plans. Benefits: (1) Continuous compliance (evaluate on every change, not just annual audit), (2) Shift left (check before deployment), (3) Consistent enforcement (same rules applied everywhere), (4) Evidence generation (automated compliance reports, audit evidence), (5) Version controlled (compliance requirements in git — track changes, review, rollback). Output: compliance dashboard, findings for remediation, audit evidence packages."
"(ISC)2 CCSP","CCSP","700","150","125","25","180","Cloud Platform and Infrastructure Security","What is 'cloud vulnerability management' using agent-based versus agentless scanning?","Agentless scanning provides more comprehensive results than agent-based and should always be preferred","Agent-based scanning is used for on-premises while agentless scanning is exclusively for cloud environments","Agent-based scanning installs lightweight agents on each cloud workload for continuous real-time scanning while agentless scanning uses cloud APIs or snapshot analysis for broader coverage without agent management overhead","Both approaches are identical in capabilities with the only difference being deployment architecture","C","Agent-based vs. agentless: Agent-based (Qualys, Tenable Nessus Agent): install lightweight agent on each instance. Pros: continuous scanning (not periodic), deep OS-level visibility (installed packages, processes), works in airgapped environments, real-time vulnerability detection. Cons: agent management overhead, not suitable for ephemeral/serverless, coverage depends on agent deployment. Agentless (Wiz, Orca Security): use cloud APIs or snapshot analysis. Pros: no agent installation, works for any workload type (containers, serverless, functions), rapidly deployed, covers cloud configuration as well. Cons: snapshot-based (delay between creation and scanning), less real-time, API-based coverage may miss some OS-level details. Hybrid (AWS Inspector v2): agent for EC2 when installed, agentless for ECR container images. Modern approach: agentless for broad coverage + agent where real-time critical."
"(ISC)2 CCSP","CCSP","700","150","125","25","180","Cloud Platform and Infrastructure Security","What is 'cloud endpoint security' and what unique considerations apply?","Securing end-user devices accessing cloud resources requiring consideration of device health verification zero trust device trust model MDM enrollment and protection against credential theft that grants cloud access","Network security controls at the boundary between user workstations and cloud environments","Encrypting data stored on virtual machine disk volumes in cloud infrastructure","Security controls protecting cloud provider servers from physical access by unauthorized personnel","A","Cloud endpoint security (user devices accessing cloud): (1) Device health check (Conditional Access — require compliant device before allowing cloud access; Azure AD Conditional Access, AWS SSO device trust), (2) MDM/UEM enrollment (Intune, Jamf — manage configuration, enforce encryption, remote wipe), (3) Endpoint protection (EDR on endpoints — detect credential theft malware, prevent keyloggers), (4) Certificate-based authentication (device certificate as additional factor — prevents credential-only attacks), (5) Application control (prevent unapproved apps that may capture credentials), (6) Session controls (CASB — limit download to corporate devices, prevent upload from personal devices). Key threat: endpoint compromise → credentials stolen → cloud access compromised. Zero trust: device health is part of access decision, not just user identity. BYOD: personal devices accessing cloud need separate consideration — container/app approach."
"(ISC)2 CCSP","CCSP","700","150","125","25","180","Cloud Platform and Infrastructure Security","What is 'cloud access control list' management complexity and how is it addressed?","The difficulty of understanding cloud billing for access control resources across multiple accounts","A limitation in the number of cloud security rules that can be created by any single user","The challenge of managing hundreds of security group rules and NACLs across large cloud environments addressed through infrastructure as code centralized management tools tagging strategies and regular rule reviews","A technical constraint requiring that all cloud firewall rules be applied at the network perimeter","C","ACL management challenges at scale: (1) Rule sprawl (hundreds of security groups, thousands of rules — no one person understands all of them), (2) Undocumented rules (why does this allow port 8080? Who added it?), (3) Orphaned rules (resource deleted, security group remains — rules reference defunct IPs), (4) Overly permissive rules (broad CIDR ranges, large port ranges added for convenience), (5) Change tracking (who changed this rule and why?). Solutions: (1) Infrastructure as code (security group rules in Terraform/CloudFormation — version controlled, reviewed, documented), (2) Tagging (tag security groups with purpose, owner, review date), (3) Security group analyzer (AWS Security Group Analyzer — identify overly permissive rules), (4) Regular review (quarterly review of all security group rules — remove unused, tighten overly broad), (5) Naming conventions (sg-webserver-inbound-443 vs sg-12345 — self-documenting names), (6) Default security group (never use — always create specific groups)."
"(ISC)2 CCSP","CCSP","700","150","125","25","180","Cloud Platform and Infrastructure Security","What is 'cloud-native secrets injection' and how does it work?","A cloud provider technique for automatically generating and distributing unique passwords to each cloud service","A security attack method where malicious secrets are injected into cloud application configurations","A cloud billing technique that injects cost allocation codes into service API calls automatically","A pattern where containerized applications retrieve secrets from a secrets manager at runtime rather than having secrets embedded in container images environment variables or configuration files","D","Secrets injection patterns: (1) Init containers (Kubernetes — init container retrieves secret from Vault/Secrets Manager, writes to shared volume, main container reads from volume — secret never in image), (2) Sidecar injection (Vault Agent Sidecar Injector — sidecar container retrieves and renews secrets, writes to shared volume), (3) CSI driver (Kubernetes Secrets Store CSI Driver — mount secrets from external secrets manager as volumes in pods, automatic rotation), (4) AWS Secrets Manager + Lambda (Lambda retrieves from Secrets Manager at initialization — not in environment variables), (5) AWS SSM Parameter Store (application retrieves via API call at runtime). Anti-patterns: secrets in Docker ENV instructions (visible in docker history), secrets in ConfigMaps (Kubernetes ConfigMaps not encrypted at rest by default), secrets in environment variables (visible in process list, logs). Dynamic secrets: Vault generates unique per-use credentials with TTL — even if leaked, expire quickly."
"(ISC)2 CCSP","CCSP","700","150","125","25","180","Cloud Platform and Infrastructure Security","What is 'cloud VPN security' and what types are used?","Virtual Private Networks connecting cloud environments to on-premises or other cloud environments using site-to-site VPN for network-level connectivity or client VPN for individual user access with both requiring strong authentication and encryption","A cloud security feature that encrypts all data stored in cloud object storage services","A software tool that makes cloud security groups visible to on-premises firewall administrators","A physical network connection leased from telecommunications providers for cloud connectivity","A","Cloud VPN types: (1) Site-to-site VPN (connect on-premises network to cloud VPC/VNet — IPsec tunnel, IKEv2, AES-256 encryption; AWS Site-to-Site VPN, Azure VPN Gateway, GCP Cloud VPN — redundant tunnels for HA). (2) Client-to-site VPN (individual users connect to cloud VPC — AWS Client VPN, Azure VPN Gateway P2S). (3) Cloud-to-cloud VPN (connect different cloud providers or cloud regions). Security considerations: (1) Strong authentication (certificates, not just PSK for site-to-site), (2) Encryption (AES-256, IKEv2), (3) Perfect forward secrecy (PFS — session keys not derived from long-term keys), (4) Redundancy (dual tunnels for site-to-site), (5) Routing security (BGP with authentication), (6) Split tunneling vs. full tunnel (split: only cloud traffic through VPN → other traffic direct — split may bypass security controls). Modern alternative to VPN: ZTNA (zero trust network access)."
"(ISC)2 CCSP","CCSP","700","150","125","25","180","Cloud Platform and Infrastructure Security","What is 'cloud-native application load balancer security' features?","A compliance tool that loads and distributes security policy updates to cloud firewalls","Physical hardware load balancers deployed in cloud data centers to distribute traffic to servers","A cloud billing service that distributes costs across multiple departments based on usage patterns","Cloud application load balancers provide security features including SSL/TLS termination certificate management WAF integration connection draining and protection against certain DDoS attack patterns as part of north-south traffic security","D","ALB security features (AWS ALB, Azure Application Gateway, GCP Application Load Balancer): (1) TLS termination (handle HTTPS, offload TLS processing from backend, manage certificates via ACM/cert service), (2) Security policies (enforce minimum TLS version, reject weak ciphers), (3) WAF integration (AWS ALB + AWS WAF, Azure Application Gateway + WAF — OWASP rules, custom rules at load balancer), (4) Authentication offloading (AWS ALB OIDC integration — authenticate users before request reaches backend), (5) Connection limits (protect backend from connection floods), (6) Health checks (remove unhealthy backends — availability + some security benefit), (7) Access logging (all requests logged — source IP, request, response, target), (8) IP allowlisting/blocklisting (Security groups on ALB restrict source IPs). Layer 7 visibility: ALB understands HTTP — better than L4 load balancer for application security."
"(ISC)2 CCSP","CCSP","700","150","125","25","180","Cloud Platform and Infrastructure Security","What is 'cloud detective control' and provide examples specific to cloud environments?","Compliance monitoring tools that generate post-incident reports for regulatory purposes","Cloud provider services that automatically prevent security breaches before they cause harm","Controls that identify and alert on security events after they occur including GuardDuty for threat detection CloudTrail for API activity logging Config for configuration changes and SIEM correlation across cloud data sources","Physical intrusion detection systems deployed in cloud provider data centers","C","Detective controls (identify what happened): (1) AWS GuardDuty (ML-based threat detection — analyze CloudTrail, VPC Flow Logs, DNS logs → detect: credential compromise, cryptomining, unusual API calls, C2 communication), (2) AWS CloudTrail (log all API calls — who did what, when, from where), (3) AWS Config (record configuration state, detect changes, evaluate against rules), (4) Amazon Macie (detect PII/sensitive data in S3, identify anomalous access patterns), (5) VPC Flow Logs (network traffic metadata — detect unusual connections, data transfers), (6) SIEM correlation (aggregate and correlate events across all sources — detect patterns), (7) S3 access logging (who accessed which objects). Contrast with: Preventive controls (IAM policies, security groups — prevent before happening), Corrective controls (auto-remediation — fix after detecting). Defense in depth requires all three types. CCSP: know which controls are detective vs. preventive."
"(ISC)2 CCSP","CCSP","700","150","125","25","180","Cloud Platform and Infrastructure Security","What is 'cloud infrastructure security baseline' and how is it established?","A performance baseline measuring typical cloud infrastructure response times for capacity planning","A regulatory requirement specifying the minimum security hardware that cloud data centers must use","A minimum set of security configurations required for all cloud resources established using CIS Cloud Security Benchmarks provider security best practices and organizational security policy and enforced through CSPM and policy as code","A cloud provider minimum service level agreement for infrastructure availability and performance","C","Cloud security baseline establishment: (1) Reference standards (CIS Benchmarks for AWS/Azure/GCP — specific technical controls, e.g., 'Ensure MFA is enabled for all IAM users with console access', 'Ensure root account has no access keys'), (2) Provider best practices (AWS Security Best Practices, Azure Security Benchmark, GCP Security Best Practices), (3) Regulatory overlay (HIPAA, PCI DSS, FedRAMP — add requirements on top of CIS baseline), (4) Organizational policy (internal requirements beyond regulatory minimums). Implementation: (1) Policy as code (AWS Config managed rules, Azure Policy, GCP Organization Policy), (2) IaC templates (Terraform modules with baseline security configurations — 'secure by default'), (3) Account baseline (automation applies baseline to all new accounts — AWS Control Tower, Azure Landing Zone), (4) Deviation management (document approved deviations with risk acceptance and compensating controls). Review: quarterly review of baseline as cloud services and threats evolve."
"(ISC)2 CCSP","CCSP","700","150","125","25","180","Cloud Platform and Infrastructure Security","What is 'cloud horizontal pod autoscaling' security implication?","A cloud billing optimization that reduces costs by scaling down pods during periods of low security demand","A security control preventing unauthorized horizontal scaling of cloud infrastructure components","Horizontal pod autoscaling automatically scales containerized workloads based on demand but creates security implications as new pods must receive identical security configurations secrets and network policies as the original pods","A Kubernetes feature that requires security review for each new pod before it can receive traffic","C","HPA security implications: Kubernetes scales pods automatically based on CPU/memory/custom metrics. Security concerns: (1) New pods inherit security config from pod spec — but verify: secrets injection working for new pods, network policies apply to new pods (label-based — should work automatically), service account permissions correct (inherited from pod spec), security contexts correct (no privilege escalation, read-only root filesystem), image scanning (same image, but is it up to date?). (2) Identity (new pods get same service account credentials — if compromised, now multiple pods affected), (3) Network policy coverage (ensure policies use label selectors that match all pods including scaled ones), (4) Logging (new pods logging to correct destination), (5) Limits (resource limits on new pods — prevent resource exhaustion). Best practice: test scaling by manually triggering scale-up in non-production — verify security controls apply correctly."
"(ISC)2 CCSP","CCSP","700","150","125","25","180","Cloud Platform and Infrastructure Security","What is 'cloud security posture' and how is it measured?","The overall security state of a cloud environment measured through metrics including misconfiguration density compliance percentage unpatched vulnerabilities IAM permission sprawl and security control coverage scores from CSPM tools","An annual report card generated by regulatory authorities evaluating cloud security practices","A subjective assessment of how comfortable an organization feels about their cloud security","A cloud provider score measuring the number of security certifications they have achieved","A","Cloud security posture measurement: (1) CSPM findings (count and severity of open misconfigurations — public S3 buckets, unrestricted security groups, unencrypted databases), (2) Compliance score (% of resources compliant with framework — CIS, PCI, HIPAA score in Security Hub), (3) Vulnerability density (vulnerabilities per resource, high/critical unpatched), (4) IAM sprawl (% of IAM roles/users with unused permissions > 90 days), (5) MFA coverage (% of IAM users with MFA enabled), (6) Encryption coverage (% of data stores encrypted), (7) Logging coverage (% of services with logging enabled), (8) Security control coverage (% of ATT&CK cloud techniques with detection). Aggregation: weighted risk score, trend analysis (improving or worsening over time?). CSPM tools provide: AWS Security Hub Security Score, Microsoft Secure Score, Wiz Security Graph risk prioritization. Goal: quantify security posture for management reporting and improvement tracking."
"(ISC)2 CCSP","CCSP","700","150","125","25","180","Cloud Platform and Infrastructure Security","What is 'cloud patch management SLA' and what are appropriate targets?","A cloud provider guarantee that they will patch underlying infrastructure within defined timeframes","Service level agreements defining maximum time to patch cloud workloads after a vulnerability is disclosed with critical vulnerabilities requiring 24-48 hours high within 7 days medium within 30 days and low within 90 days","A cloud billing arrangement where providers charge less for customers who patch rapidly","A compliance requirement mandating that all cloud patches be tested for 30 days before deployment","B","Cloud patch SLA guidelines: Critical (CVSS 9.0-10.0, actively exploited): 24-48 hours — immediate remediation, may require emergency change process. High (CVSS 7.0-8.9): 7-14 days — expedited patching, may use standard change process with acceleration. Medium (CVSS 4.0-6.9): 30 days — standard change process. Low (CVSS 0.1-3.9): 90 days — scheduled maintenance. Cloud considerations: (1) Provider patches (AWS/Azure/GCP managed services — provider patches automatically, customer may need to accept during maintenance window), (2) Customer OS patches (EC2 instances — customer responsible, use Systems Manager Patch Manager), (3) Container images (rebuild and redeploy — can be faster than traditional patching), (4) Dependencies (SCA findings — update library, rebuild, deploy). Verification: confirm patch applied via vulnerability scanner follow-up scan. Document: patch SLAs in security policy, track compliance, report exceptions."
"(ISC)2 CCSP","CCSP","700","150","125","25","180","Cloud Platform and Infrastructure Security","What is 'cloud network segmentation enforcement' and how is it validated?","Physically separating cloud infrastructure into isolated racks within provider data centers","Ensuring cloud network segments are properly isolated through security group and NACL validation penetration testing to verify isolation boundaries flow log analysis and automated CSPM checks confirming no unintended connectivity","A cloud billing optimization that allocates network costs to different business segments","An administrative process dividing cloud management responsibilities among different teams","B","Network segmentation validation: implement, then verify it works. Methods: (1) CSPM rules (AWS Config — check security groups for overly permissive rules, unrestricted ingress from internet), (2) VPC Reachability Analyzer (AWS) — test if path exists between two resources, identify unexpected reachability, (3) Azure Network Watcher (similar path analysis), (4) Manual review (audit all security group rules, NACL rules, VPC peering connections, Transit Gateway routes), (5) Penetration testing (verify from compromised position in web tier — can attacker reach database tier?), (6) Flow log analysis (review actual traffic flows — is traffic occurring that shouldn't be?), (7) Automated test scripts (run network connectivity tests as part of CI/CD — verify isolation boundaries still enforced after changes). Regular cadence: automated continuously, manual quarterly, pen test annually. Document intended connectivity as baseline — flag deviations."
"(ISC)2 CCSP","CCSP","700","150","125","25","180","Cloud Platform and Infrastructure Security","What is 'cloud-native logging architecture' for security?","A cloud provider service that automatically analyzes logs and remediates security issues","A compliance documentation process recording which services have logging enabled","Designing a logging pipeline that captures events from all cloud services aggregates them centrally in a tamper-evident storage system separate from production and feeds them to SIEM for real-time analysis and long-term retention","Installing traditional SIEM software on cloud virtual machines to collect logs locally","C","Cloud logging architecture: (1) Sources (enable on all: CloudTrail — API calls, VPC Flow Logs — network, ALB access logs, WAF logs, CloudWatch Logs — application/OS, GuardDuty — findings, Config — configuration changes, S3 server access logs, RDS logs). (2) Centralization (aggregate to dedicated log archive account — separate from production to prevent tampering; AWS: S3 bucket in security account; Azure: Log Analytics Workspace in security subscription). (3) Immutability (S3 Object Lock on log bucket — WORM storage, CloudTrail log file validation — SHA-256 hash of each log file). (4) Encryption (encrypt log archives with CMK). (5) Real-time analysis (stream to SIEM — Splunk, Sentinel, Elastic — via Kinesis/Event Hub/Pub-Sub). (6) Retention (1-2 years online, 7 years archived). (7) Access control (read-only access to log archive — even security team cannot delete). Monitoring the monitoring: alert if logging stops unexpectedly."
"(ISC)2 CCSP","CCSP","700","150","125","25","180","Cloud Application Security","What is 'cloud application authentication' best practices?","Using shared cloud provider authentication credentials for all application users to simplify management","Implementing authentication exclusively through API keys which are more secure than passwords","A cloud provider service that handles all authentication automatically without customer configuration","Implementing strong authentication for cloud applications using MFA standards-based protocols OAuth 2.0 OIDC SAML adaptive authentication and phishing-resistant factors like FIDO2 hardware security keys","D","Cloud app authentication best practices: (1) MFA required (especially for privileged access — phishing-resistant preferred: FIDO2/WebAuthn hardware keys, passkeys), (2) Standards-based (OAuth 2.0 for authorization, OIDC for authentication, SAML 2.0 for enterprise SSO — avoid custom auth), (3) Adaptive authentication (risk-based — require step-up MFA for unusual location, new device, sensitive action), (4) Password policy (minimum length > complexity, NIST 800-63B: check against breached password lists, don't require frequent rotation unless compromised), (5) Session management (short session timeout for sensitive apps, re-auth for sensitive actions, secure cookie attributes — HttpOnly, Secure, SameSite), (6) Account lockout (after failed attempts — protect against brute force, but design for availability), (7) Credential stuffing protection (rate limiting, CAPTCHA, IP reputation), (8) Recovery process (secure account recovery — out-of-band verification, no security questions). Integrate with enterprise IdP for SSO."
"(ISC)2 CCSP","CCSP","700","150","125","25","180","Cloud Application Security","What is 'cloud application authorization' and what patterns implement it?","The process of approving new cloud applications for deployment in organizational environments","Controlling what authenticated users can do in cloud applications using patterns like role-based access control attribute-based access control and policy-based authorization enforced server-side on every request","A network-level control determining which IP addresses can access cloud-hosted applications","A cloud provider billing authorization process approving spending on cloud application services","B","Cloud application authorization patterns: (1) RBAC (Role-Based: users assigned roles, roles have permissions — good for predictable organizational structures), (2) ABAC (Attribute-Based: access based on attributes of user, resource, environment — more flexible, policy-driven: 'doctors can access patient records in their department'), (3) ReBAC (Relationship-Based: like Google Zanzibar — access determined by relationship to resource — 'owner of document can share it'), (4) Policy-based (OPA — Open Policy Agent — externalize authorization logic as policies, separate from application code), (5) Just-in-time (request access when needed, temporary elevation). Common cloud patterns: use IAM roles for service-to-service, use OIDC for user authentication then application-level RBAC. Critical: always enforce server-side (never trust client-side enforcement alone), check on every request (not just at login), test with different user roles for access control gaps."
"(ISC)2 CCSP","CCSP","700","150","125","25","180","Cloud Application Security","What is 'cloud application cryptography' common mistakes?","Incorrectly configuring cloud provider encryption options resulting in unencrypted data storage","Common cryptographic mistakes in cloud applications include using weak algorithms custom implementations insufficient key lengths hardcoded keys insecure random number generation and improper certificate validation","Using encryption that is too strong causing performance problems in cloud application processing","Implementing cryptography using only cloud provider native services without additional controls","B","Cryptographic mistakes: (1) Weak algorithms (MD5/SHA-1 for integrity — broken; DES/3DES — deprecated; RC4 — broken; use: AES-256, SHA-256/SHA-3, RSA-2048+, ECDSA-256+), (2) Custom cryptography (never implement custom crypto algorithms — use well-tested libraries: OpenSSL, BouncyCastle, NaCl), (3) Insufficient key length (RSA-1024 broken; use 2048+ now, 3072+ recommended, 4096 for very long-term), (4) Hardcoded keys (secrets in source code — use Secrets Manager), (5) Weak random numbers (use cryptographically secure RNG — CSPRNG; not Math.random() for security purposes), (6) ECB mode (electronic codebook — reveals patterns in ciphertext; use GCM, CBC with proper IV), (7) No authenticated encryption (encrypt-then-MAC or AE modes like AES-GCM — otherwise vulnerable to padding oracle), (8) Certificate validation disabled (sslVerify=false in code — vulnerable to MITM). OWASP A02: Cryptographic Failures."
"(ISC)2 CCSP","CCSP","700","150","125","25","180","Cloud Application Security","What is 'cloud application session management' security?","Managing cloud provider console sessions for administrators accessing the cloud management interface","A cloud billing feature managing usage sessions and allocating costs to departments","A database session pooling technology that optimizes cloud application database connections","Securely managing user sessions in cloud applications through proper cookie attributes token storage in memory rather than localStorage short session lifetimes CSRF protection and secure session termination","D","Session management security: (1) Session token generation (cryptographically random, sufficient length — 128-bit minimum, not predictable), (2) Cookie security (HttpOnly — no JavaScript access; Secure — HTTPS only; SameSite=Strict or Lax — CSRF protection; no persistent cookies for sensitive sessions), (3) Token storage (prefer httpOnly cookies over localStorage — localStorage accessible to XSS; memory storage for SPAs — lost on page refresh, short-lived), (4) Session lifetime (appropriate to sensitivity — banking: 15 min idle timeout; administrative console: 1 hour max), (5) Re-authentication (require for sensitive actions — password change, payment, admin functions — even with active session), (6) Termination (server-side session invalidation on logout — client-side only deletion insufficient), (7) Concurrent sessions (monitor and optionally limit — alert on simultaneous access from different locations), (8) Session fixation (generate new session ID after authentication). OWASP A07: Identification and Authentication Failures."
"(ISC)2 CCSP","CCSP","700","150","125","25","180","Cloud Application Security","What is 'cloud application dependency management' and supply chain security?","Managing contracts with cloud provider vendors who supply components for cloud infrastructure","Physical supply chain management ensuring cloud hardware components come from trusted manufacturers","Managing the open source and third-party libraries used by cloud applications including regular updates vulnerability scanning with SCA tools SBOM generation and control of allowed dependencies through private artifact repositories","A procurement process for approving new software vendors before their products can be used","C","Application dependency/supply chain security: (1) Inventory (know all dependencies — direct and transitive; SBOM — Software Bill of Materials, cyclonedx, SPDX format), (2) Vulnerability scanning (SCA tools — Snyk, Dependabot, OWASP Dependency-Check — scan on every build, alert on new CVEs in existing deps), (3) Update policy (keep dependencies current — old = more vulnerabilities; automated PRs for patches: Dependabot, Renovate), (4) Private registry (proxy public repositories through internal registry — audit packages before caching, scan before serving), (5) Integrity verification (package signatures, checksums — verify before use), (6) Pinned versions (pin specific versions in lockfiles — prevent unexpected updates, reproducible builds), (7) SBOM maintenance (track all components for Log4Shell-style incident response — 'are we affected?'), (8) Approved dependency list (define approved libraries for high-security applications). Executive Order 14028 (US): mandates SBOM for government software supply chain."
"(ISC)2 CCSP","CCSP","700","150","125","25","180","Cloud Application Security","What is 'cloud application error handling' security?","Setting up alerts for cloud application errors to notify the operations team when failures occur","Implementing secure error handling that logs detailed error information internally for debugging while presenting generic error messages to users to prevent information disclosure of application internals architecture and vulnerabilities","A cloud provider service that automatically handles application errors without developer intervention","Configuring cloud load balancers to retry failed requests automatically when applications return errors","B","Secure error handling: (1) Generic user messages (never reveal: stack traces, SQL queries, file paths, server names, framework versions, internal IPs — these reveal attack vectors), (2) Detailed internal logging (capture full exception details, context, user info — for debugging and security investigation), (3) Different behavior avoidance (account enumeration: 'Username or password incorrect' not 'Username doesn't exist'), (4) Error codes (generic codes to users — 'Error reference: ABC-123' — look up internally), (5) Global error handler (catch unhandled exceptions — prevent unexpected detailed errors leaking), (6) Framework-specific (disable default detailed errors in production: Flask DEBUG=False, Django DEBUG=False, Spring Boot whitelabel error), (7) Custom error pages (replace default server error pages — Apache/nginx default pages reveal server software version). Testing: look for verbose error pages, trigger errors deliberately, check what information is revealed. OWASP A09: Security Logging and Monitoring Failures."
"(ISC)2 CCSP","CCSP","700","150","125","25","180","Cloud Application Security","What is 'cloud application rate limiting' and what does it protect against?","Cloud provider controls limiting the total compute resources an application can consume","Controls limiting the rate of requests to cloud APIs and applications that protect against credential stuffing brute force attacks API abuse denial of service and resource exhaustion attacks","A cost control mechanism limiting how much cloud application customers can spend monthly","A performance optimization technique ensuring fair resource distribution among application users","B","Rate limiting protections: (1) Credential stuffing (limit authentication attempts per IP or account — 5 attempts then lockout/CAPTCHA), (2) Brute force (same as credential stuffing, but also: limit password reset requests, OTP validation), (3) API abuse (limit API calls per API key or user — prevent scraping, data harvesting), (4) DDoS protection (rate limiting at CDN/WAF layer — drop excess traffic), (5) Resource exhaustion (limit expensive operations — complex search queries, file exports). Implementation: API Gateway (AWS API Gateway rate limiting — per client, per resource, burst and steady-state limits), WAF rules (rate-based rules), application-level (Redis-backed token bucket or leaky bucket algorithm), CAPTCHA (trigger on suspicious rate). Granularity: per IP, per user, per API key, per endpoint. Avoid: too aggressive (lock out legitimate users) or too lenient (doesn't stop attacks). Alert on rate limit events — indicate attack attempts."
"(ISC)2 CCSP","CCSP","700","150","125","25","180","Cloud Application Security","What is 'serverless application security testing' methodology?","Performance load testing of serverless functions to ensure they meet response time requirements","Testing serverless functions for vulnerabilities unique to the serverless model including event injection via various trigger sources over-privileged IAM roles insecure dependencies and business logic flaws specific to function triggers","Testing serverless functions by running them locally in a simulated environment before deployment","A cloud provider automatic security scan applied to all serverless functions before execution","B","Serverless security testing: (1) IAM analysis (what permissions does this function have? Can they be reduced?), (2) Event injection testing (inject malicious payloads through all trigger sources: API Gateway [HTTP injection], S3 [malicious file names], SQS [malicious message content], DynamoDB streams [malicious record], SNS [malicious notification]), (3) Dependency scanning (function package dependencies for CVEs — SCA scanning), (4) SAST (static analysis of function code — injection vulnerabilities, insecure practices), (5) Third-party service calls (what external services does function call? Can attacker influence those calls?), (6) Timeout and resource testing (can attacker cause function to time out — denial of service?), (7) Concurrency abuse (invoke many concurrent executions — throttling, cost impact?), (8) SSRF to metadata (does function make HTTP calls with user input? Can attacker redirect to metadata service?). Tools: serverless-specific DAST tools emerging, adapt traditional tools for serverless context."
"(ISC)2 CCSP","CCSP","700","150","125","25","180","Cloud Application Security","What is 'application security posture management' (ASPM) and how does it differ from CSPM?","ASPM is an older technology that CSPM has replaced as cloud adoption has increased","ASPM and CSPM are identical tools marketed under different names by different vendors","CSPM covers application security while ASPM covers network and infrastructure security specifically","ASPM manages security across the entire application lifecycle including code dependencies container images and runtime behavior while CSPM focuses specifically on cloud infrastructure configuration security","D","ASPM (Application Security Posture Management): emerging category (2023). Unifies application security signals across the SDLC: code vulnerabilities (SAST), open source vulnerabilities (SCA), container image vulnerabilities, runtime security findings, API vulnerabilities, infrastructure issues (IaC scanning). Correlates findings with business context: this vulnerable endpoint is externally accessible and processes payment data = critical. CSPM: cloud infrastructure configuration only. ASPM: application + infrastructure + code + runtime. Difference: CSPM asks 'Is this S3 bucket public?' ASPM asks 'Does the application that processes PII have reachable code vulnerabilities combined with misconfigured cloud resources that together create an exploitable path to sensitive data?' Vendors: Apiiro, Cycode, ArmorCode, Ox Security. Convergence with CNAPP: many CNAPP platforms incorporating ASPM capabilities."
"(ISC)2 CCSP","CCSP","700","150","125","25","180","Cloud Application Security","What is 'content security policy' (CSP) and how does it protect cloud-hosted web applications?","A regulatory requirement specifying content standards for cloud-hosted financial applications","A cloud provider policy controlling what content can be stored in cloud content delivery networks","A browser security mechanism implemented via HTTP header that restricts what resources a web page can load and from where protecting against XSS attacks by blocking execution of injected scripts","A network security control filtering malicious content at the cloud load balancer layer","C","Content Security Policy: HTTP response header telling browser what it's allowed to do. Directives: default-src (fallback for other directives), script-src (where scripts can come from), style-src (CSS sources), img-src (image sources), connect-src (AJAX/fetch/WebSocket destinations), frame-src (iframes), object-src (plugins). Example: Content-Security-Policy: default-src 'self'; script-src 'self' https://cdn.example.com; object-src 'none'. Effect: browser refuses to load scripts from non-whitelisted sources — even if injected via XSS, script from attacker.com blocked. Levels: CSP1 (basic), CSP2 (nonces, hashes), CSP3 (strict-dynamic). Challenges: 'unsafe-inline' and 'unsafe-eval' defeat purpose, complex multi-source applications hard to configure, requires testing. Test with: CSP Evaluator (Google), report-only mode first (Content-Security-Policy-Report-Only) to identify violations without blocking."
"(ISC)2 CCSP","CCSP","700","150","125","25","180","Cloud Application Security","What is 'subresource integrity' (SRI) in cloud-hosted applications?","A browser mechanism that validates that third-party scripts and stylesheets loaded from CDNs have not been tampered with by comparing the resource hash against a hash embedded in the HTML element","A data integrity check performed on all resources stored in cloud object storage services","A compliance requirement verifying that all cloud application components come from approved sources","A network security feature checking that all HTTPS connections use valid certificates","A","SRI (Subresource Integrity): protect against compromised CDN. HTML: <script src='https://cdn.example.com/app.js' integrity='sha384-ABC123...' crossorigin='anonymous'>. Browser: download script, hash it with specified algorithm, compare to embedded hash. If mismatch → browser blocks script execution. Protects against: CDN compromise (attacker modifies script on CDN — browser detects hash mismatch), typosquatting (wrong CDN serves different script — hash won't match), malicious resource substitution. Generate hashes: openssl dgst -sha384 -binary app.js | openssl base64 -A. Supports: SHA-256, SHA-384, SHA-512. Requirement: CORS header (crossorigin attribute) for cross-origin resources. Limitation: only works for static resources with known hash (not dynamically generated content). CSP integrity (hash source): 'script-src sha384-abc123' in CSP header serves similar purpose. Defense in depth: use both SRI and CSP."
"(ISC)2 CCSP","CCSP","700","150","125","25","180","Cloud Application Security","What is 'cloud application penetration testing report' components?","A performance benchmark report measuring application response times under security testing load","A log file automatically generated by cloud provider vulnerability scanning tools","A compliance attestation signed by auditors confirming application security controls are adequate","A structured document including executive summary vulnerability findings with CVSS scores proof-of-concept demonstrations attack narrative remediation recommendations and risk ratings that communicate findings to both technical and non-technical audiences","D","Pen test report components: (1) Executive summary (business risk, overall posture assessment, top findings — for CISO/management, non-technical), (2) Methodology (what was tested, how, tools used, timeframe, scope), (3) Findings (each vulnerability: title, severity CVSS score, description, affected component, proof of concept, business impact, remediation recommendation), (4) Attack narrative (how would a real attacker chain these vulnerabilities — demonstrates business impact), (5) Risk ratings (Critical/High/Medium/Low or CVSS scores, prioritization), (6) Remediation roadmap (prioritized list of fixes), (7) Attestation (what was validated/not validated). Cloud-specific additions: IAM permission analysis findings, misconfiguration findings, API security results, serverless function findings, container image findings. Delivery: secure (don't email unencrypted — encrypted file transfer or secure portal). Retention: retain findings to track remediation, sensitive document."
"(ISC)2 CCSP","CCSP","700","150","125","25","180","Cloud Application Security","What is 'application security training' for cloud developers and what topics should be covered?","Developer security training covering secure coding practices relevant to cloud applications including OWASP Top 10 cloud-specific attack vectors secrets management IaC security and using security tools in their development workflow","Security awareness training delivered to end users of cloud applications about phishing","Annual compliance training delivered to all employees covering general data privacy principles","Cloud provider certification training helping developers understand cloud service features","A","Developer security training content for cloud: (1) OWASP Top 10 (injection, broken auth, IDOR/broken access control — with cloud examples), (2) Cloud-specific attacks (SSRF to metadata, over-privileged IAM roles, S3 misconfiguration, serverless injection), (3) Secrets management (never hardcode, use Secrets Manager, detect with pre-commit hooks), (4) IaC security (Terraform security, avoid misconfigurations, scan with Checkov/tfsec), (5) Authentication and authorization (implement correctly, use standards, avoid common mistakes), (6) Cryptography (right algorithms, don't implement custom, use libraries), (7) Security tools in workflow (SAST — how to use output, SCA — manage dependencies, DAST — interpret results), (8) Threat modeling (how to apply STRIDE to their applications), (9) Secure review (how to do security-focused code review). Format: hands-on labs (OWASP WebGoat, Secure Code Warrior), role-specific training, integrate into onboarding, annual refresh. Metrics: training completion rate, SAST finding reduction over time."
"(ISC)2 CCSP","CCSP","700","150","125","25","180","Cloud Security Operations","What is 'cloud tabletop exercise' and how does it strengthen cloud incident response?","A discussion-based exercise where the security team works through a simulated cloud security scenario to test and improve their incident response procedures decision-making and coordination without affecting production systems","A compliance exercise documenting which team members are responsible for each incident type","A physical security drill where teams practice accessing cloud data centers during emergencies","An automated test of cloud disaster recovery procedures run by CI/CD pipelines quarterly","A","Cloud tabletop exercise: scenario-based discussion — no actual systems affected. Scenarios: (1) Compromised access key (what do you do? Who gets called? How quickly can you identify blast radius?), (2) Public S3 bucket discovered (is it a breach? What data was exposed? Notification requirements?), (3) GuardDuty alert for cryptomining (how do you investigate? Contain without disrupting business?), (4) Ransomware in cloud environment (is backup strategy effective? Pay or recover?), (5) Cloud provider outage (when does DR activate? Who authorizes?), (6) Insider threat in cloud ops team (how do you investigate with minimum disruption?). Participants: security team, operations, business stakeholders, legal, communications. Outcomes: identify gaps in procedures (unclear roles, missing runbooks), build team muscle memory, update documentation. Conduct: quarterly at minimum. Debrief: document lessons learned, update runbooks within 2 weeks."
"(ISC)2 CCSP","CCSP","700","150","125","25","180","Cloud Security Operations","What is 'cloud security event correlation' and how does it improve detection?","A performance optimization that combines security events to reduce SIEM storage costs","Combining related security events from multiple cloud sources using SIEM correlation rules to identify attack patterns that are invisible when viewing individual events in isolation enabling detection of sophisticated multi-stage cloud attacks","Matching cloud security events with scheduled maintenance windows to reduce false alarms","A compliance activity correlating security events with regulatory requirements for audit purposes","B","Event correlation value: individual events are ambiguous. Correlated pattern = attack. Example: GuardDuty alert (IAM credential anomaly) + CloudTrail (unusual API calls from same user) + VPC Flow Logs (outbound connection to unknown IP) + S3 access log (bulk download) = likely compromised credential with active data exfiltration. Without correlation: each event might be dismissed as low confidence. Cloud correlation rules: (1) Impossible travel (same credential used in two far geographic locations within short time), (2) Credential compromise chain (failed auth → success → unusual API call → data access), (3) Reconnaissance pattern (scanning APIs + enumeration calls), (4) Privilege escalation (role assumption → attaching policies → calling privileged APIs), (5) Exfiltration pattern (large data access + egress traffic spike). SIEM: aggregate all cloud sources, build correlation rules, tune to reduce false positives. Threat hunting: investigate correlated events manually."
"(ISC)2 CCSP","CCSP","700","150","125","25","180","Cloud Security Operations","What is 'cloud asset inventory' management and why is it critical for security?","A physical inventory of hardware assets located in cloud provider data centers","A billing inventory tracking cloud resource costs for financial planning purposes","A vendor inventory documenting all cloud provider contracts and service agreements","Maintaining a comprehensive and continuously updated inventory of all cloud resources including their configurations owners classifications and relationships which is fundamental to security because you cannot protect assets you don't know exist","D","Cloud asset inventory importance and implementation: Why critical: unmanaged assets = unknown attack surface, unpatched vulnerabilities, security gaps. Challenge: cloud creates resources dynamically — manual inventory is always wrong. Implementation: (1) Cloud provider APIs (AWS Resource Groups Tagging API, Azure Resource Graph, GCP Asset Inventory — programmatically query all resources), (2) AWS Config (continuously records all resource configurations and relationships), (3) Cloud Management Platform (third-party — Flexera, Apptio — multi-cloud inventory), (4) CSPM tools (Wiz, Prisma Cloud — discover and inventory as part of posture management), (5) Tagging enforcement (require tags: owner, environment, classification — SCPs/Policies block untagged resource creation). Security uses: identify resources without encryption (unprotected sensitive data), identify old/forgotten instances (abandoned = unpatched), understand blast radius (what connected to compromised resource), support forensics (know what should be in environment). Update frequency: continuous (API-based) > periodic scanning."
"(ISC)2 CCSP","CCSP","700","150","125","25","180","Cloud Security Operations","What is 'cloud security KPI dashboard' and what should it display?","A compliance checklist displayed to auditors during annual security assessments","A technical monitoring interface showing real-time cloud infrastructure performance metrics","A visual management tool displaying key cloud security metrics including open critical findings patch compliance security control coverage incident metrics and trends that enable informed security decisions and demonstrate program progress","A cloud provider billing dashboard showing security tool costs for financial management","C","Cloud security KPI dashboard elements: Executive level: (1) Overall security posture score (CSPM compliance %), (2) Critical findings count and trend (open high/critical misconfigurations), (3) Security incidents month-over-month, (4) Compliance status by framework, (5) Budget vs. actual security spending. Operational level: (1) MTTD (mean time to detect — target: <24 hours for critical), (2) MTTR (mean time to respond — target: <4 hours for critical), (3) Patch compliance by severity (critical: target 95%+ within 48 hours), (4) MFA coverage percentage (target: 100% for privileged users), (5) Public exposure count (S3 buckets, databases, services with public access), (6) Unencrypted data stores, (7) IAM users without MFA, (8) Alert volume and disposition (true positive rate). Trend: show 30/60/90 day trends — direction matters as much as current value. Update frequency: real-time or daily for operational, monthly for executive."
"(ISC)2 CCSP","CCSP","700","150","125","25","180","Cloud Security Operations","What is 'cloud security operations automation' using Python and cloud APIs?","Using Python scripts to bypass cloud security controls for authorized penetration testing purposes","Using Python scripts with cloud SDKs (boto3 for AWS, azure-sdk, google-cloud-python) to automate security operations including automated remediation compliance checking and security data collection at cloud scale","A cloud provider service that uses Python internally to manage customer security configurations","Programming cloud providers in Python language to automatically secure new deployments","B","Cloud security automation with Python: (1) AWS boto3 (list_buckets, put_bucket_acl — enumerate and fix public buckets; describe_security_groups — find overly permissive rules; list_users — find users without MFA). (2) Azure SDK (azure-mgmt-security for Defender for Cloud findings, azure-mgmt-network for NSG analysis). (3) GCP (google-cloud-securitycenter for findings, google-cloud-iam for permission analysis). Automation examples: find all public S3 buckets → make private → notify owner; find IAM users with never-used access keys → disable keys; enumerate all security groups → identify unrestricted inbound rules → create Jira tickets; collect CloudTrail events → parse → send to SIEM; generate weekly compliance report from Config findings. Lambda/Functions: trigger automations on events (Config rule breach → Lambda → remediate). Best practice: automation needs IAM permissions — apply least privilege to automation role; log all automated actions; test thoroughly before production deployment."
"(ISC)2 CCSP","CCSP","700","150","125","25","180","Cloud Security Operations","What is 'cloud encryption key rotation' and why is it important?","The process of periodically replacing cloud encryption keys with new keys while maintaining access to data encrypted with old keys reducing the risk of key compromise and meeting compliance requirements for periodic key change","A cloud provider service that automatically rotates all customer data encryption keys annually","A technique for distributing encryption keys across multiple cloud regions for redundancy","A process of regularly changing cloud administrator passwords to prevent unauthorized access","A","Encryption key rotation importance: (1) Compromise limitation (if key was compromised — how long was attacker able to decrypt data? Rotation limits window), (2) Regulatory compliance (PCI DSS, HIPAA, FedRAMP — specify rotation periods), (3) Key material aging (cryptographic algorithms may weaken over time with advances), (4) Personnel change (employee who knew key left organization — rotate). Cloud rotation: AWS KMS symmetric key rotation (automatic annual rotation — enable per key), AWS KMS asymmetric (manual rotation — create new key pair, update references), Azure Key Vault (auto-rotation policy for symmetric keys, manual for asymmetric), Google Cloud KMS (rotation schedule configured per key). What rotation does NOT do: it does NOT re-encrypt existing data in AWS KMS — old key versions retained to decrypt old data, new data encrypted with new key version. For re-encryption: explicitly re-encrypt data using new key (application-level or use AWS KMS ReEncrypt API). Data key caching: rotating data keys less frequently than master key is common pattern."
"(ISC)2 CCSP","CCSP","700","150","125","25","180","Cloud Security Operations","What is 'cloud security incident classification' and what categories are used?","A cloud provider process for categorizing customer support tickets by technical complexity","A structured approach to categorizing cloud security incidents by type such as data breach account compromise infrastructure attack or misconfiguration and severity based on potential business impact to ensure appropriate response prioritization","An insurance claim classification system for documenting losses from cloud security incidents","A regulatory requirement mandating that all cloud security events be reported to government agencies","B","Cloud incident classification: Type categories: (1) Data breach (unauthorized access to or exfiltration of sensitive data), (2) Account/credential compromise (unauthorized use of cloud account or API credentials), (3) Infrastructure attack (DDoS, resource compromise, unauthorized provisioning), (4) Misconfiguration incident (unintended exposure from configuration error), (5) Malware/ransomware (malicious code in cloud environment), (6) Insider threat (authorized user misusing access), (7) Supply chain (compromised dependency or provider). Severity tiers: Critical (P1 — active breach of sensitive data, ransomware spreading, complete service outage), High (P2 — suspected breach, significant service degradation, active external attack), Medium (P3 — security policy violation, potential exposure, limited impact), Low (P4 — security best practice violation, informational finding). Classification drives: response team size, escalation path, executive notification, external notification requirements, response SLA. Document in incident management platform with consistent categorization for trend analysis."
"(ISC)2 CCSP","CCSP","700","150","125","25","180","Cloud Security Operations","What is 'cloud security operations center' staffing and tooling requirements?","A physical security operations center located in a cloud provider data center for monitoring","A cloud SOC requires analysts with cloud expertise in multiple providers and specific cloud security tools including CSPM SIEM cloud-native detection services and cloud forensics capabilities with 24/7 coverage for critical environments","A cloud provider staffing service that provides dedicated security personnel for each customer","A compliance requirement specifying the minimum number of security staff for cloud operations","B","Cloud SOC requirements: Staffing: (1) Cloud expertise (must understand AWS/Azure/GCP — different services, logging, IAM models for each), (2) Multi-cloud visibility (analysts see events across all cloud environments — cloud-agnostic SIEM), (3) Roles: Tier 1 (alert triage, initial investigation), Tier 2 (deep investigation, threat hunting), Tier 3 (IR leadership, forensics, threat intelligence), Cloud Security Engineer (tool management, rule tuning). 24/7 coverage: for critical cloud environments — follow-the-sun model or overnight team. Tooling: (1) SIEM (Splunk, Sentinel, Sumo Logic — aggregate cloud logs), (2) SOAR (Palo Alto XSOAR, Splunk SOAR — automate response playbooks), (3) Cloud-native detection (GuardDuty, Defender for Cloud — native integration), (4) CSPM (Wiz, Prisma Cloud — posture visibility), (5) Threat intelligence platform (align IOCs with cloud-specific TTPs), (6) Cloud forensics tools (IR toolkit for cloud — snapshot, memory analysis, log analysis). Training: maintain cloud certifications (AWS Security Specialty, Azure Security), conduct regular tabletop exercises, participate in cloud security communities."
"(ISC)2 CCSP","CCSP","700","150","125","25","180","Cloud Security Operations","What is 'continuous compliance monitoring' in cloud and how does it differ from periodic audits?","An annual external audit that continuously monitors for compliance violations year-round","Automated ongoing evaluation of cloud configurations against compliance requirements that provides real-time compliance status and immediate alerting on deviations unlike periodic audits that only measure compliance at a point in time","Compliance monitoring by cloud providers on behalf of customers throughout the year","A manual compliance review process conducted by internal audit teams on a quarterly basis","B","Continuous compliance vs. periodic audit: Periodic audit (annual): snapshot — compliant on audit day doesn't mean compliant other 364 days. Security configuration can change. Continuous monitoring: real-time evaluation using cloud-native tools. How it works: AWS Config evaluates resource configurations continuously against rules — any non-compliant resource immediately detected and alerted. Azure Policy continuously evaluates. Tools: CSPM (Wiz, Prisma Cloud, Lacework) continuously scan for compliance deviations. Benefits: (1) Always know compliance status — dashboard shows current posture, (2) Immediate detection of deviations (drift corrected in hours not months), (3) Evidence generation (timestamp of compliance = evidence for auditors), (4) Faster audit (auditors can see real-time compliance data instead of point-in-time evidence collection). Compliance automation platforms (Drata, Vanta, Tugboat Logic): continuously collect evidence, map to frameworks, generate audit reports. Auditors increasingly accept continuous compliance evidence instead of point-in-time samples."
"(ISC)2 CCSP","CCSP","700","150","125","25","180","Cloud Security Operations","What is 'cloud forensics chain of custody' and how is it maintained?","A compliance requirement for cloud providers to share evidence with law enforcement agencies","A legal term describing cloud provider responsibility for preserving evidence during investigations","Documentation and handling procedures ensuring that cloud evidence collected during incident investigation is preserved unaltered and documented with who collected it when and what was done to maintain its admissibility in legal proceedings","A technical process ensuring cloud evidence is replicated across multiple storage locations","C","Cloud forensics chain of custody: legal admissibility requires documented, unbroken custody. Process: (1) Documentation (record: who collected evidence, when, how — timestamp, collection method, investigator identity), (2) Integrity (hash evidence immediately after collection — SHA-256; store hash independently from evidence), (3) Immutable storage (store collected evidence in separate account with Object Lock — WORM storage, prevent modification), (4) Access control (limit who can access evidence — audit trail of all access), (5) Transfer documentation (log any transfer of evidence — to other investigators, to law enforcement), (6) Legal hold notification (document when legal hold placed, what was preserved, how). Cloud-specific challenges: (1) Provider involvement (snapshot, log export requires provider participation — document provider's role), (2) Timestamp reliability (cloud timestamps — NTP-synchronized, generally reliable — document time sources), (3) Virtual evidence (VM snapshots, log files — document that they represent specific cloud resources at specific time). Pre-plan: establish chain of custody procedures before incidents, train analysts."
"(ISC)2 CCSP","CCSP","700","150","125","25","180","Cloud Security Operations","What is 'cloud security policy enforcement' and what mechanisms implement it?","A cloud provider contract clause requiring customers to follow specified security practices","A compliance documentation process recording all approved security policy exceptions","Technical enforcement of security policies across cloud environments using service control policies organization policies and infrastructure as code guardrails that prevent non-compliant configurations from being created","Manual enforcement of security policies by cloud administrators reviewing all changes before deployment","C","Policy enforcement mechanisms: (1) AWS Service Control Policies (SCPs — apply to AWS Organization accounts, prevent actions even if IAM allows: 'DenyDisableCloudTrail' — SCP prevents any role from disabling CloudTrail regardless of IAM permissions), (2) AWS Permissions Boundaries (limit maximum permissions any IAM role can have — even admin can't create roles more permissive than boundary), (3) Azure Policy (enforce configurations — 'Require encryption on storage accounts', deny non-compliant resources), (4) Azure Blueprints (package of policies + RBAC assignments + resource templates — deploy consistently), (5) GCP Organization Policies (constraints on what resources can be created — require CMEK, restrict public IPs), (6) IaC policy gates (Terraform Sentinel, OPA — reject plans with policy violations before deployment), (7) Kubernetes Admission Controllers (OPA/Gatekeeper — reject non-compliant pod specs). Principle: preventive controls > detective controls — stop misconfiguration before it happens rather than detecting after."
"(ISC)2 CCSP","CCSP","700","150","125","25","180","Cloud Security Operations","What is 'mean time to contain' (MTTC) in cloud incident response?","The average time between detecting a cloud security incident and successfully containing it to prevent further damage which is a key metric for measuring cloud incident response effectiveness","A cloud provider SLA metric measuring how quickly they respond to security incidents affecting customers","The time required to install containment controls such as security groups when setting up cloud accounts","The average time between cloud outages that the security team is responsible for containing","A","MTTC (Mean Time to Contain): time from detection to successful containment of an incident. Critical metric because: time of active incident = continued damage. Cloud containment options: (1) Isolate instance (modify security groups — remove all inbound/outbound — done in seconds via API), (2) Revoke credentials (delete access key, disable IAM user — immediate), (3) Block network (modify VPC route tables — remove internet access), (4) Snapshot and terminate (preserve evidence, remove attacker's foothold), (5) AWS Step Functions/Lambda (automated containment playbooks — reduce human response time). Targets: Critical incidents: MTTC < 30 minutes (automated containment dramatically helps). High: < 4 hours. Compare to MTTD (mean time to detect) and MTTR (mean time to remediate/recover). Cloud advantage: programmatic containment much faster than on-premises (no physical access, no change tickets). Automation: SOAR platforms execute containment playbooks automatically on high-confidence alerts. Metric tracking: record in incident management tool, trend over time."
"(ISC)2 CCSP","CCSP","700","150","125","25","180","Cloud Security Operations","What is 'cloud security governance' meeting cadence and agenda?","A regulatory requirement specifying how often cloud security meetings must be conducted","Regular forums at different levels including operational daily standup weekly vulnerability review monthly metrics review and quarterly risk review ensuring cloud security governance is active and engaged","A cloud provider service scheduling and managing security review meetings for customers","A project management process for tracking cloud security control implementation progress","B","Cloud security governance cadence: Daily (operational): SOC standup — review overnight alerts, active incidents, immediate priorities. Weekly: Vulnerability review (new findings, SLA tracking, remediation progress), Change review (upcoming changes with security implications). Monthly: Security metrics review (KPIs, posture trends, compliance status), Incident retrospectives (lessons learned from prior month's incidents). Quarterly: Cloud risk review (update risk register, new emerging risks, risk treatment decisions), Compliance status (framework compliance scores, audit preparation), Third-party vendor review (cloud provider assessments, subprocessor changes), Security investment review (budget performance, tool effectiveness). Annually: Cloud security strategy review, threat landscape update, program maturity assessment, DR testing results. Participants vary by meeting: operational (SOC, DevOps), tactical (security management), strategic (CISO, business stakeholders). Document minutes, track action items, measure completion. Governance without follow-through = theater."
"(ISC)2 CCSP","CCSP","700","150","125","25","180","Cloud Security Operations","What is 'cloud security metrics baselining' and why does it matter?","Setting minimum acceptable values for cloud performance metrics that cannot be exceeded","A compliance requirement to document baseline security configurations before any changes are made","Establishing starting point measurements of security metrics before improvement initiatives so that progress can be objectively measured and improvements demonstrated to stakeholders","A cloud provider process for measuring baseline performance of security tools and services","C","Metrics baselining: establish current state before implementing changes. Why it matters: (1) Measure improvement (if baseline MTTD is 72 hours and after new tool it's 4 hours — demonstrate ROI), (2) Justify investment (current state shows problem, projected improvement justifies cost), (3) Avoid measurement without context ('Is 50 critical findings good or bad? Compared to baseline of 300 — we've improved 83%'), (4) Detect regression (metric worsens from baseline — identify what changed). Baselining process: (1) Define metrics (what will you measure?), (2) Collect baseline data (90-day average for stability), (3) Document baseline (record with date, context, limitations), (4) Implement improvement, (5) Measure again (30/60/90 days post-implementation), (6) Compare and report. Common baselines: MTTD, MTTR, critical finding count, compliance score, patch compliance %, alert volume, false positive rate. Don't measure what you can't influence — focus on actionable metrics."
"(ISC)2 CCSP","CCSP","700","150","125","25","180","Legal, Risk, and Compliance","What is 'international cloud compliance' complexity and how is it managed?","A compliance approach where home country regulations apply regardless of where cloud data is stored","A cloud provider service that automatically ensures compliance with all local regulations globally","A simplified international standard that removes compliance complexity for cloud operations globally","Operating cloud environments across multiple jurisdictions creates compliance complexity requiring organizations to map data flows to applicable regulations implement jurisdiction-specific controls and maintain compliance in all regions where data is processed","D","International compliance complexity: organization processes EU data (GDPR), US data (CCPA, HIPAA if healthcare, PCI if payments), China data (PIPL, Cybersecurity Law), Brazil data (LGPD). Each jurisdiction: different consent requirements, different rights for individuals, different breach notification timelines, different data residency requirements, different government access provisions. Management approach: (1) Data flow mapping (understand exactly what data crosses which borders), (2) Regulation mapping (match data type and location to applicable regulations), (3) Common baseline (implement strictest applicable requirement as baseline — GDPR often most stringent for personal data), (4) Jurisdiction-specific controls (additional controls for specific requirements — China data localization, Russia personal data), (5) Legal counsel (engage local counsel for each jurisdiction), (6) Privacy counsel on cloud architecture decisions. Tools: OneTrust, TrustArc (privacy compliance management platforms). Regular review: regulations change — monitor regulatory developments globally."
"(ISC)2 CCSP","CCSP","700","150","125","25","180","Legal, Risk, and Compliance","What is 'right to erasure' implementation in cloud and what challenges exist?","A compliance requirement for organizations to regularly delete old or outdated cloud data","A cloud provider feature that automatically deletes customer data upon account termination","A legal right for cloud customers to request deletion of their cloud service accounts","Implementing GDPR Article 17 right to erasure (right to be forgotten) in cloud environments requires identifying all copies of personal data across distributed cloud services deleting all copies verifying deletion and managing backup retention","D","GDPR Article 17 (Right to Erasure) cloud challenges: (1) Data discovery (find all copies — primary database, backups, data warehouse, analytics, logs, cache, CDN, replicated copies across regions), (2) Distributed storage (data in 10+ different cloud services — each requires separate deletion), (3) Backups (backup contains data — must either delete from backup or retain until natural expiration of backup), (4) Log files (logs may contain personal data — PII in application logs — structured deletion difficult), (5) Derived data (analytics data derived from personal data — may require deletion of derived insights), (6) Third-party processors (must instruct subprocessors to delete — and verify), (7) Verification (how do you verify truly deleted from all copies?). Implementation: (1) Data catalog (know where all personal data resides), (2) Pseudonymization (replace identifier with pseudonym — delete mapping = effective erasure), (3) Cryptographic erasure (delete encryption key for data encrypted per-user), (4) Automated deletion workflows (erasure request → automation deletes from all systems), (5) Backup exception (document backup retention as exception with time limit), (6) Response SLA (GDPR: respond within 30 days)."
"(ISC)2 CCSP","CCSP","700","150","125","25","180","Legal, Risk, and Compliance","What is 'cloud privacy by design' and what principles does it implement?","A cloud provider feature that automatically applies privacy settings to all customer data storage","A regulatory certification process for cloud applications that process personal information","An approach to cloud system design that proactively embeds privacy protections into cloud architecture and development processes rather than addressing privacy as a retrofit following seven foundational principles","A legal framework describing when cloud providers may collect data for their own purposes","C","Privacy by Design (Ann Cavoukian, Ontario Privacy Commissioner): 7 principles applied to cloud: (1) Proactive not reactive (design privacy in from the start — not after breach), (2) Privacy as default (no action required by user to be protected — privacy is default setting), (3) Privacy embedded into design (integral, not added-on — architecture decision, not feature), (4) Full functionality (positive-sum not zero-sum — privacy AND security AND business value, not trade-offs), (5) End-to-end security (full lifecycle protection — cradle to grave), (6) Visibility and transparency (open about practices, verifiable), (7) Respect for user privacy (user-centric — strong defaults, notice, consent). Cloud implementation: (1) Data minimization (collect only necessary data), (2) Purpose limitation (use only for specified purpose), (3) Default privacy settings (most restrictive by default), (4) Anonymization/pseudonymization (where possible instead of direct identification), (5) Privacy impact assessment (before deployment). GDPR Article 25 mandates Data Protection by Design and by Default."
"(ISC)2 CCSP","CCSP","700","150","125","25","180","Legal, Risk, and Compliance","What is 'data processor' versus 'data controller' distinction under GDPR?","Data controller is responsible for security while data processor is responsible for compliance","Data processor handles technical aspects while data controller manages user-facing privacy communications","Data controller determines purposes and means of processing personal data while data processor processes data on behalf of and under instructions from the controller with cloud providers typically being processors and cloud customers being controllers","Both terms are identical under GDPR with the distinction being primarily for academic analysis","C","GDPR controller vs. processor: Data Controller (Article 4(7)): determines why (purpose) and how (means) data is processed. Accountability: controller is primarily responsible for compliance. Data Processor (Article 4(8)): processes data on behalf of controller, under controller's instructions. Cloud context: Cloud customer = controller (decides to process customer data for specific business purpose using cloud). Cloud provider = processor (stores/processes data per customer's configuration and instructions). Joint controllers: two parties jointly determine purposes and means (e.g., two organizations co-running a service). Sub-processor: processor engages another processor (cloud provider uses sub-contractors — must have controller authorization, must impose same obligations). Obligations: Controller (choose appropriate processor, have DPA, maintain ROPA, conduct DPIA). Processor (process only per instructions, security measures, notify of breaches, assist controller with obligations). Key: processor cannot use data for own purposes or instruct controller — must follow instructions."
"(ISC)2 CCSP","CCSP","700","150","125","25","180","Legal, Risk, and Compliance","What is 'cloud security due diligence' for mergers and acquisitions?","Assessing cloud security risks when acquiring a company including evaluating the target's cloud security posture existing cloud contracts compliance status data handling practices and technical security debt that may require remediation post-acquisition","A technical assessment of cloud performance and scalability before proceeding with an acquisition","A financial assessment of cloud infrastructure costs to include in acquisition price determination","A legal process for negotiating cloud service agreements as part of business acquisition transactions","A","M&A cloud security due diligence: (1) Cloud security posture assessment (evaluate target's cloud security — run CSPM against their accounts if access granted, or assess from questionnaire), (2) Compliance status (are they HIPAA, PCI, SOC 2 compliant? Are certifications current?), (3) Existing cloud contracts (what cloud providers do they use? What contracts/DPAs exist? What security obligations?), (4) Data handling (what data do they collect and store? How is it protected? Any breach history?), (5) IAM review (privilege management, access controls — are former employees' access removed?), (6) Technical security debt (CSPM findings, unpatched vulnerabilities, misconfigurations — quantify remediation cost), (7) Subprocessors (what third-party cloud services do they use? Any undisclosed data sharing?), (8) Regulatory exposure (outstanding regulatory actions? Privacy complaints? Data protection investigations?). Findings impact: remediation cost affects valuation, compliance gaps affect deal structure, breach history affects representations and warranties. Integration planning: how to merge cloud environments, address security gaps, harmonize policies."
"(ISC)2 CCSP","CCSP","700","150","125","25","180","Legal, Risk, and Compliance","What is 'cloud data processing agreement' requirements?","A cloud provider price agreement specifying the cost of data storage and processing services","A legally required contract between cloud customer (controller) and cloud provider (processor) under GDPR that must specify processing purposes security obligations sub-processor management breach notification and audit rights","A voluntary industry standard framework that cloud providers follow for data handling","A technical specification document describing how cloud providers process and store customer data","B","DPA requirements under GDPR Article 28: Must be in writing. Must specify: (1) Subject matter, duration, nature and purpose of processing, (2) Type of personal data and categories of data subjects, (3) Obligations and rights of controller. Processor must: (4) Process only on documented controller instructions, (5) Ensure personnel are bound by confidentiality, (6) Implement appropriate security measures (Article 32), (7) Engage sub-processors only with controller authorization (written), (8) Assist controller with data subject rights requests, (9) Assist controller with security obligations and breach notification, (10) Delete or return all personal data at end of service, (11) Provide all information necessary to demonstrate compliance, (12) Allow and contribute to audits. Cloud provider DPAs: AWS DPA, Azure DPA, Google Cloud DPA — standard DPAs available, some terms negotiable for enterprise customers. Ensure: services used are covered in DPA, sub-processor list acceptable, notification periods for sub-processor changes adequate."
"(ISC)2 CCSP","CCSP","700","150","125","25","180","Legal, Risk, and Compliance","What is 'regulatory change management' for cloud compliance?","A compliance tool that automatically implements regulatory changes in cloud environments","A cloud provider service that automatically updates customer configurations when regulations change","A government process for notifying organizations about changes to cloud security requirements","A process for monitoring tracking and implementing changes to regulations affecting cloud operations including horizon scanning for new regulations assessing impact on current cloud deployments and implementing required changes within regulatory deadlines","D","Regulatory change management: regulations constantly evolve. Examples: GDPR SCCs updated 2021, CCPA amended to CPRA, DORA (EU financial), NIS2 (EU cybersecurity), new state privacy laws (Colorado, Connecticut, Virginia). Process: (1) Monitoring (subscribe to regulatory updates — ICO, CISA, NIST, industry associations, outside counsel newsletters), (2) Impact assessment (how does this change affect our cloud deployments? What data is affected? What controls need updating?), (3) Gap analysis (current controls vs. new requirement — what gaps exist?), (4) Implementation planning (what changes needed, timeline, resource requirements), (5) Implementation (update controls, documentation, contracts, training), (6) Verification (confirm compliance with new requirement), (7) Documentation (record compliance with updated regulation). Cloud-specific: regulatory changes may affect cloud contracts (need provider DPA update), cloud service selection (new data residency requirement changes allowed regions), data architecture (new retention requirements change storage design). Proactive monitoring prevents last-minute scrambling."
"(ISC)2 CCSP","CCSP","700","150","125","25","180","Legal, Risk, and Compliance","What is 'cloud incident legal response' and what legal considerations apply?","The legal aspects of cloud security incident response including breach notification obligations attorney-client privilege considerations law enforcement engagement litigation hold requirements and documentation for potential legal proceedings","A cloud provider legal service representing customers in regulatory proceedings following security incidents","A legal framework determining which party is liable for damages following cloud security incidents","A regulatory requirement for cloud providers to publicly disclose all security incidents immediately","A","Cloud incident legal response: (1) Attorney involvement (engage counsel early — communications through counsel may be protected by attorney-client privilege, preserving work product privilege for IR documentation), (2) Breach notification (determine notification obligations — 72 hours GDPR, 30 days HIPAA, state breach laws — which laws apply based on data type and resident jurisdiction?), (3) Law enforcement engagement (when to involve FBI, CISA, local law enforcement — ransomware may require notification of sanctions risk if paying ransom), (4) Litigation hold (preserve all relevant evidence — suspend normal deletion, notify cloud provider to preserve relevant logs, internal legal hold notice to employees), (5) Documentation (document incident response actions — will be evidence in regulatory investigation or litigation), (6) Regulatory reporting (some incidents require notification to FTC, HHS, SEC — understand requirements), (7) Privilege waiver risk (sharing privileged documents with third parties may waive privilege — control distribution carefully). Pre-plan: establish legal contacts, understand notification requirements before incident, have counsel review IR plan."
"(ISC)2 CCSP","CCSP","700","150","125","25","180","Legal, Risk, and Compliance","What is 'cloud data localization law' impact on architecture?","A regulatory requirement applying only to government agencies not private sector cloud users","Data localization laws requiring data to remain within specific country borders force architectural decisions about data storage locations encryption key management provider selection and may increase costs by preventing use of globally distributed cloud services","A cloud provider commitment to store data only in customer-specified geographic regions","A cloud architecture pattern where data is distributed globally for performance optimization","B","Data localization impact on cloud architecture: (1) Region selection (must use in-country region — some providers have limited in-country availability: Russia, China require local providers or physical presence), (2) Cross-border transfer restrictions (prevent replication for DR to another country — must find in-country DR option), (3) Key management (keys must remain in-country — HYOK with in-country HSM), (4) Support access (provider support engineers in another country accessing data may violate localization — requires local support team), (5) Feature parity (local regions may not have all features of major regions — security trade-offs), (6) Cost (less competition in local regions = higher prices), (7) Performance (if serving global users from local region = latency increase). Countries with significant localization: Russia (personal data of Russian citizens), China (critical information infrastructure), Indonesia, Vietnam (expanding). Sovereign cloud: specialized cloud offerings (Thales + Google, Bleu + Microsoft) designed for French sovereignty requirements. Architecture implication: cannot design globally distributed architecture without considering which data can cross borders."
"(ISC)2 CCSP","CCSP","700","150","125","25","180","Legal, Risk, and Compliance","What is 'government cloud access' (surveillance law) and how does it affect trust?","A cloud provider feature giving government agencies direct monitoring access to all customer environments","Laws allowing governments to compel cloud providers to disclose customer data (US CLOUD Act, UK Investigatory Powers Act) affect trust in cloud by creating potential for government access to data without customer notification","A certification program cloud providers complete to demonstrate compliance with government security requirements","A cloud procurement vehicle restricting which organizations can purchase government cloud services","B","Government access to cloud data: (1) US CLOUD Act (2018): US government can compel US-based providers to produce data stored anywhere globally. Executive Order enables bilateral agreements (US-UK CLOUD Act agreement). Provider may be unable to notify affected customer. (2) UK Investigatory Powers Act: broad surveillance powers, national security letters with gag orders. (3) China Cybersecurity Law: Chinese authorities can demand access to data stored in China, Chinese companies must comply. (4) GDPR conflict: providers compelled under US CLOUD Act to produce EU data may violate GDPR — complex legal tension. Implications for cloud trust: (1) Customer data subject to foreign government access via provider, (2) Provider gag order prevents notification, (3) Encryption mitigates but doesn't eliminate (CLOUD Act compels provider; customer-held keys = provider can't comply). Risk mitigation: (1) Customer-managed encryption keys (HYOK), (2) Carefully choose provider jurisdiction, (3) Understand applicable surveillance laws, (4) Contractual obligations (provider must notify if legally permitted), (5) Legal analysis of specific data types and applicable laws."
"(ISC)2 CCSP","CCSP","700","150","125","25","180","Legal, Risk, and Compliance","What is 'cloud security certification' program management?","A training and certification program for cloud security professionals administered by cloud providers","Managing the process of obtaining and maintaining cloud security certifications including SOC 2 ISO 27001 and others through scoping evidence collection control implementation auditor selection and maintaining continuous compliance to retain certifications","A cloud provider's process for evaluating and certifying customer cloud security implementations","A government program certifying which cloud providers meet national security requirements","B","Certification program management: (1) Scoping (define what systems/processes/services are in scope — keep scope manageable but meaningful), (2) Gap assessment (compare current controls to certification requirements — what's missing?), (3) Remediation (implement missing controls — document evidence), (4) Evidence collection (ongoing collection of proof that controls are operating — logs, access reviews, vulnerability scan results), (5) Auditor selection (accredited certification body for ISO 27001; AICPA-licensed CPA firm for SOC 2; 3PAO for FedRAMP), (6) Readiness assessment (pre-audit with auditor or internal assessment), (7) Audit (cooperate fully, provide requested evidence, address findings), (8) Certification/report (receive certification or SOC 2 report), (9) Continuous maintenance (surveillance audits for ISO 27001, annual SOC 2 assessments). Cloud-specific: certifications for cloud-hosted systems must address shared responsibility (what does provider certify vs. customer), ensure cloud configuration controls are auditable, use CSPM evidence. Program management: dedicated GRC (Governance, Risk, Compliance) tools — Drata, Vanta, ServiceNow GRC — automate evidence collection and certification management."
"(ISC)2 CCSP","CCSP","700","150","125","25","180","Legal, Risk, and Compliance","What is 'cloud data protection officer' role and when is a DPO required?","A cloud security architect responsible for implementing data encryption and protection controls","A regulatory auditor hired to assess organizational compliance with data protection requirements","A cloud provider employee dedicated to managing data security for individual enterprise customers","A Data Protection Officer is an independent role required by GDPR when organizations conduct large-scale systematic processing of personal data or process special category data who advises on GDPR compliance and interfaces with supervisory authorities","D","DPO requirements under GDPR Article 37: Required when: (1) Public authority or body, (2) Core activities require large-scale, systematic monitoring of individuals (behavioral advertising, tracking, profiling), (3) Core activities involve large-scale processing of special category data (health, race, religion, biometrics) or criminal conviction data. Cloud implications: (1) Many cloud companies process large scale personal data = DPO required, (2) DPO must be independent (no conflict of interest — cannot be CIO or legal counsel who might compromise independence), (3) DPO must have expert knowledge of data protection law, (4) DPO tasks: inform/advise on GDPR, monitor compliance, advise on DPIA, cooperate with/act as contact for supervisory authority, (5) DPO can be internal employee or external consultant, (6) Register DPO with supervisory authority. DPO != legal counsel (DPO gives internal advice, legal counsel represents organization). DPO reporting: reports to highest management level, not silenced by management. Even if not required, voluntary DPO signals commitment to privacy. Many organizations appoint DPO regardless of requirement for good governance."
"(ISC)2 CCSP","CCSP","700","150","125","25","180","Legal, Risk, and Compliance","What is 'cloud security standards development' and what bodies create them?","Cloud providers develop proprietary security standards that they require customers to follow","Security standards for cloud computing are developed by bodies including NIST ISO IEC CSA ENISA and industry-specific regulators who publish guidance frameworks and requirements that cloud providers and customers use to implement and evaluate security","Individual companies create custom security standards that they voluntarily apply to their cloud operations","Government agencies create binding regulations that constitute the only applicable cloud standards","B","Cloud security standards bodies: (1) NIST (US National Institute of Standards and Technology): SP 800-145 (cloud definition), SP 800-146 (cloud computing synopsis), SP 800-53 (security controls applicable to cloud), SP 800-210 (cloud access control), NIST CSF (cybersecurity framework). (2) ISO/IEC: ISO 27001 (ISMS), ISO 27017 (cloud security controls), ISO 27018 (PII in cloud), ISO 27701 (privacy). (3) CSA (Cloud Security Alliance): CSA CCM (Cloud Controls Matrix), CAIQ (consensus assessment questionnaire), CSA STAR registry, CSA Guidance v4. (4) ENISA (EU Agency for Cybersecurity): cloud security guides, risk assessments. (5) Industry-specific: PCI SSC (PCI DSS), HIPAA (HHS), FedRAMP PMO. (6) IEEE: cloud computing standards. CCSP: all of these appear in exam — CSA CCM most cloud-specific, NIST most commonly referenced in US context, ISO most globally recognized. Standards are complementary — organizations typically comply with multiple."
"(ISC)2 CCSP","CCSP","700","150","125","25","180","Cloud Platform and Infrastructure Security","What is 'cloud identity provider' federation trust and how is it established?","Federation trusts are automatically established when both parties subscribe to the same cloud provider","Federation trust requires physical co-location of identity provider hardware with cloud provider servers","Federation trust between an identity provider and cloud service provider is established through exchange of metadata including public keys and endpoint URLs enabling the SP to validate tokens signed by the IdP","Trust is established through a shared secret password exchanged via encrypted email between administrators","C","IdP federation trust: (1) SAML federation: exchange XML metadata (contains: EntityID, signing certificate with public key, SSO endpoint URL, assertion consumer service URL). SP trusts assertions signed by IdP's private key (verified with public key in metadata). Configure: upload IdP metadata to cloud service, upload SP metadata to IdP. (2) OIDC federation: register application with IdP (client_id, client_secret, redirect_uri). IdP provides well-known configuration endpoint. Trust: ID tokens signed with IdP's private key, verified against public keys from JWKS endpoint. (3) AWS IAM identity provider: upload SAML metadata or configure OIDC provider (with thumbprint of IdP's signing certificate). Regular maintenance: rotate certificates before expiry, update metadata when IdP configuration changes."
"(ISC)2 CCSP","CCSP","700","150","125","25","180","Cloud Security Operations","What is 'cloud threat intelligence platform' integration and what use cases does it enable?","A physical intelligence gathering service monitoring cloud provider facilities for security threats","Integrating threat intelligence feeds into cloud security tools enables automated blocking of known malicious IPs enrichment of security alerts with threat actor context and proactive hunting for indicators of compromise in cloud environments","A compliance platform that maps cloud security threats to regulatory requirements automatically","A cloud provider service that generates threat intelligence reports from customer security data","B","TIP (Threat Intelligence Platform) cloud integration: (1) IOC enrichment (SIEM alert fires → TIP enriches with: is this IP known malicious? What threat actor? What campaigns? → better triage decision), (2) Automated blocking (known malicious IP in feed → auto-update WAF blocklist, security group deny rule), (3) Threat hunting (TIP provides TTPs of groups targeting your industry → hunt for those TTPs in cloud logs), (4) SOAR integration (TIP + SOAR: new threat actor campaign targeting cloud → automated playbook runs threat hunt for associated IOCs), (5) Vulnerability prioritization (CVE + threat intel: is this CVE being actively exploited by threat actors targeting your industry? → prioritize patching). Integration methods: STIX/TAXII (structured threat intelligence exchange), REST API integration, SIEM connector modules. Sources: commercial (Recorded Future, CrowdStrike Intel), MISP, ISACs, provider intelligence (AWS threat intel, Azure Defender TI)."
"(ISC)2 CCSP","CCSP","700","150","125","25","180","Legal, Risk, and Compliance","What is 'DORA' regulation and what cloud security requirements does it impose on financial services?","The EU Digital Operational Resilience Act requires financial entities to manage ICT risks assess third-party providers including cloud providers conduct resilience testing and report major ICT incidents with specific requirements for cloud dependencies","An EU cybersecurity standard for all businesses that mandates cloud security certifications","A US federal regulation requiring financial institutions to maintain digital records in cloud storage","A European data protection regulation similar to GDPR specifically focused on financial data privacy","A","DORA (Digital Operational Resilience Act): effective January 2025. Applies to: financial entities in EU (banks, insurance, investment firms, crypto-asset service providers) and their critical ICT third-party providers. Key requirements: (1) ICT risk management framework (documented, tested), (2) Incident reporting (major incidents reported to competent authorities within 4 hours initial notification, detailed report within 72 hours), (3) Digital operational resilience testing (annual TLPT — threat-led penetration testing for significant entities), (4) Third-party risk management (cloud providers as critical ICT third parties — register, assess, monitor, have exit strategies), (5) Information sharing (threat intelligence sharing between financial entities). Cloud-specific: cloud providers qualifying as 'critical' must register with EU regulator, subject to oversight. Financial entities must have: written contracts with cloud providers covering specific DORA requirements, exit strategies, regular assessments, concentration risk monitoring (not too dependent on single provider)."
"(ISC)2 CCSP","CCSP","700","150","125","25","180","Cloud Concepts, Architecture, and Design","What is 'cloud computing trust model' and what establishes trust in cloud?","Trust in cloud is established by cloud providers paying certification fees to regulatory agencies","Trust in cloud is established through contractual obligations security certifications third-party audits service level agreements and technical controls that together create a framework for relying on cloud provider security assurances","Trust in cloud requires physical inspection of provider facilities by each individual customer","Cloud trust is automatically established when providers achieve any security certification","B","Cloud trust establishment mechanisms: (1) Contractual (legally binding obligations — DPA, SLA, security addendum — provider commits to specific practices), (2) Third-party audit (SOC 2 Type II — independent auditor tests controls over 6-12 months — more trustworthy than self-attestation), (3) Certifications (ISO 27001, FedRAMP — formal certification against recognized standard), (4) Transparency (security whitepapers, compliance documentation — CSA STAR registry), (5) Technical controls (customer implements controls: encryption with CMK, network isolation, monitoring — doesn't rely solely on provider), (6) Penetration testing (provider allows and results shared), (7) Regulatory oversight (regulated industries often require cloud providers to be examined by regulators). Trust is not binary: establish appropriate level of trust proportional to sensitivity of data and operations. Verify don't just trust — request current audit reports, test controls, monitor continuously."
"(ISC)2 CCSP","CCSP","700","150","125","25","180","Cloud Platform and Infrastructure Security","What is 'cloud security configuration benchmark' and how is CIS used?","A cloud pricing benchmark allowing customers to compare value across different cloud providers","A cloud provider performance standard measuring the speed and reliability of cloud services globally","CIS (Center for Internet Security) Benchmarks provide prescriptive cloud security configuration guidance with specific technical recommendations for securing AWS Azure and GCP environments used as baseline for CSPM rules and security assessments","A government security requirement that all cloud providers must meet before offering commercial services","C","CIS Benchmarks for cloud: detailed, prescriptive technical guidance. AWS CIS Benchmark: 3+ levels (L1 = basic, L2 = more restrictive, L3 = additional). Examples: 'Ensure MFA is enabled for all IAM users that have a console password', 'Ensure root account has no active access keys', 'Ensure VPC flow logging is enabled in all VPCs', 'Ensure no security groups allow unrestricted ingress on port 22', 'Ensure all S3 buckets employ encryption at-rest'. Available for: AWS Foundations Benchmark, Azure Security Benchmark (Microsoft adaptation), Google Cloud CIS Benchmark, Kubernetes CIS Benchmark. CSPM integration: AWS Security Hub uses CIS Benchmark as standard; import CIS into Prisma Cloud, Wiz, Dome9. CCSP: CIS Benchmarks are the most specific technical cloud security standard and appear in exam context as the baseline for cloud hardening."
"(ISC)2 CCSP","CCSP","700","150","125","25","180","Cloud Security Operations","What is 'cloud purple team exercise' and what does it validate?","A financial planning exercise where security budget is jointly reviewed by IT and finance teams","A collaborative exercise combining red team offensive techniques with blue team detection and response to validate that cloud security monitoring and defensive controls actually detect the specific attack techniques being executed","A training exercise where cloud administrators practice switching between provider management consoles","A compliance exercise where security team and legal team collaborate on regulatory response planning","B","Purple team: red and blue team collaborate (unlike red team where blue doesn't know attack is happening). Process: (1) Red team executes specific ATT&CK technique in cloud environment (e.g., assume role from unexpected source, enumerate S3 buckets, modify IAM policy), (2) Blue team monitors: did detection fire? Was alert generated? How quickly detected? (3) If not detected: why? Missing log source? Gaps in SIEM rule? Coverage gap?, (4) Tune detection: add rule or improve existing, (5) Re-execute: verify detection now works. Cloud-specific techniques to test: IAM credential abuse, SSRF to metadata endpoint, S3 bucket enumeration, EC2 instance metadata access, new region provisioning, CloudTrail disabling. Validates: detection coverage, alert quality, analyst response, SIEM integration completeness. Documentation: map to ATT&CK Cloud, track detection coverage improvement. More efficient than pure red team: immediate feedback loop, faster improvement cycle."
"(ISC)2 CCSP","CCSP","700","150","125","25","180","Cloud Data Security","What is 'data minimization' in cloud and what technical approaches implement it?","A cloud billing optimization that minimizes data transfer fees between cloud regions","Reducing the physical size of cloud data files through compression to minimize storage costs","Collecting and retaining only the personal data necessary for the specified purpose implemented through selective field collection anonymization of non-essential fields regular data deletion and purpose-specific data stores","A backup strategy that stores only changed data blocks rather than complete copies","C","Data minimization (GDPR Article 5(1)(c)): collect only what is necessary. Technical implementation: (1) Collection controls (only capture fields needed — don't collect birthdate if age range sufficient, don't capture full address if city sufficient), (2) Selective field storage (store only necessary fields from collected data — discard unnecessary), (3) Anonymization at collection (capture aggregate data not individual data where purpose allows), (4) TTL-based deletion (automatically delete data after purpose fulfilled — Lambda triggered deletion, object lifecycle policies), (5) Purpose-specific data stores (don't put all data in one database — separate stores for separate purposes with appropriate access controls), (6) Regular purging (scheduled deletion jobs remove data no longer needed), (7) API response filtering (API returns only fields client needs — not full record). GDPR also: purpose limitation (can't use data for purposes beyond what was specified at collection). Cloud challenge: easy to store everything — discipline required to implement minimization."
"(ISC)2 CCSP","CCSP","700","150","125","25","180","Cloud Application Security","What is 'cloud API security testing' methodology and what tools are used?","A performance load testing methodology determining maximum API throughput capacity","A compliance checklist reviewing API documentation for completeness and accuracy","Testing cloud APIs for vulnerabilities using approaches including authentication bypass testing authorization testing injection testing and rate limit testing with tools like Postman Burp Suite and API security scanners","A cloud provider automated service that tests all APIs before they can be deployed to production","C","Cloud API security testing: (1) Authentication testing (are all endpoints protected? Test without token, with expired token, with wrong token), (2) Authorization testing (BOLA — can user A access user B's resources? Change userId in request. Function level — can regular user call admin-only endpoint?), (3) Injection testing (SQL, command, SSTI, XXE in request parameters, headers, body), (4) Rate limiting (send many requests rapidly — does limit trigger? What happens after limit hit?), (5) Input validation (malformed JSON, unexpected data types, oversized payloads, special characters), (6) Mass assignment (submit extra fields — do they get applied to object?), (7) SSRF via URL parameters (test if API fetches URLs from user input), (8) Business logic (skip payment step, negative amounts, replay requests). Tools: Postman (manual API testing, automated test collections), Burp Suite (intercept/modify API requests), OWASP ZAP (API scanning mode), 42Crunch (API security linter, contract testing), Swagger/OpenAPI security linting. Start with OpenAPI spec: generate test cases from API contract, test contract vs. implementation differences."
"(ISC)2 CCSP","CCSP","700","150","125","25","180","Cloud Data Security","What is 'cloud storage security assessment' and what should be evaluated?","A performance benchmark measuring cloud storage read and write speeds for application planning","A capacity planning exercise determining how much cloud storage capacity is needed","Evaluating cloud storage security including access control configuration encryption settings public access settings versioning and lifecycle policies logging configuration and data classification alignment with storage security policies","A physical assessment of storage hardware condition in cloud provider data centers","C","Cloud storage security assessment areas: (1) Access control (bucket policies and IAM policies — principle of least privilege, no wildcard actions, no public access), (2) Public access (Block Public Access settings — ensure all four settings enabled for S3, Azure equivalent), (3) Encryption (encryption at rest enabled? Provider-managed or CMK? Appropriate for data classification?), (4) Versioning (enabled for critical data buckets? Protect against accidental deletion and ransomware?), (5) Object Lock (WORM for compliance data? Governance vs. Compliance mode?), (6) Access logging (server access logging enabled? Log destination secured?), (7) Lifecycle policies (review for appropriate retention, verify not deleting data before required retention period), (8) Cross-region replication (configured? Destination bucket also encrypted and access-controlled?), (9) Notification (events configured for sensitive buckets? Alert on public access granted?), (10) Data classification alignment (data in bucket matches bucket security controls — sensitive data bucket has CMK encryption). Tools: AWS S3 Security Assessment (S3scanner), CSPM checks, manual review of bucket policies."
"(ISC)2 CCSP","CCSP","700","150","125","25","180","Cloud Application Security","What is 'cloud application security assessment' scope and methodology?","A comprehensive evaluation of cloud-hosted application security covering authentication authorization session management input validation cryptography business logic and cloud-specific concerns like SSRF and over-privileged service roles","An annual compliance review verifying that application security controls meet regulatory standards","A performance evaluation measuring application response times and throughput capacity","A cloud provider validation of customer application security before allowing production deployment","A","Cloud application security assessment methodology: (1) Reconnaissance (map application: endpoints, parameters, technologies, cloud services used, API surface), (2) Authentication review (test MFA, session management, account lockout, password reset), (3) Authorization testing (IDOR — change object IDs, role privilege escalation, function-level access control bypass), (4) Injection testing (SQL, LDAP, command, XSS, XXE, template injection in all input points), (5) Cloud-specific (SSRF to metadata endpoint 169.254.169.254, over-privileged IAM role exploitation, S3 path traversal in file operations, serverless event injection), (6) Cryptography (algorithm strength, key management, TLS configuration), (7) Business logic (workflow bypass, race conditions, negative amounts, replay attacks), (8) API security (OWASP API Top 10), (9) Third-party integrations (OAuth misconfiguration, open redirects), (10) Infrastructure (exposed admin interfaces, debug endpoints, verbose errors). Deliverable: findings report with CVSS scores, PoC, remediation recommendations. Tools: Burp Suite Pro, OWASP ZAP, nuclei, custom scripts."
"(ISC)2 CCSP","CCSP","700","150","125","25","180","Cloud Concepts, Architecture, and Design","What is 'cloud native security' principle of 'shift left'?","A network routing technique that directs traffic toward less congested cloud regions","Moving security activities earlier in the development process so vulnerabilities are discovered and addressed during design and development rather than after deployment when they are most expensive to fix","Migrating legacy security appliances from right-side data center racks to left-side positions","A compliance strategy where regulatory review happens before rather than after incident response","B","Shift left: in the SDLC timeline, earlier = cheaper to fix. Cost of fixing a vulnerability: design phase ($10), development ($100), testing ($1,000), production ($10,000+). Shift left techniques: threat modeling (design phase), SAST (during coding), pre-commit secrets detection, IaC security scanning (before deployment), code review with security focus, SCA (build phase). Cloud enables shift left: developer self-service security tools, automated pipeline gates. Culture: 'you build it, you secure it' — developers take ownership. Contrast with: security as final gate before deployment (traditional, creates bottlenecks and late discoveries). DevSecOps embodiment of shift left principle. Security champions program: embed security knowledge in development teams."
"(ISC)2 CCSP","CCSP","700","150","125","25","180","Cloud Concepts, Architecture, and Design","What is 'cloud architecture pattern' for high availability?","Configuring cloud resources to automatically restart after any failure event regardless of cause","Using a single large instance instead of multiple smaller instances to eliminate failure points","Distributing workloads across multiple availability zones with load balancing auto-scaling stateless application design and database replication to ensure service continuity if any single component fails","Running multiple copies of the same application in a single availability zone for redundancy","C","High availability cloud patterns: (1) Multi-AZ deployment (instances in multiple AZs — failure of one AZ doesn't affect others), (2) Load balancing (distribute traffic across healthy instances — detect unhealthy instances, remove from rotation), (3) Auto-scaling (replace failed instances automatically, scale with demand), (4) Stateless application design (no local state — any instance can handle any request, instances replaceable), (5) Database replication (primary-replica or multi-primary — reads from replicas, failover to replica on primary failure), (6) Health checks (load balancer and auto-scaling detect unhealthy instances), (7) Circuit breaker pattern (prevent cascading failures — stop calling failing service), (8) Retry with backoff (handle transient failures gracefully). Security relevance: HA prevents availability-based DoS, ensures security monitoring remains operational during failures."
"(ISC)2 CCSP","CCSP","700","150","125","25","180","Cloud Concepts, Architecture, and Design","What is 'cloud disaster recovery' testing frequency and what compliance requires?","All cloud DR testing must be conducted by third-party auditors to be considered valid","Cloud providers automatically test DR capabilities on behalf of all customers continuously","DR testing is only required when significant infrastructure changes have been made","DR testing frequency varies by compliance framework and criticality with PCI DSS requiring annual testing HIPAA recommending periodic testing and most organizations conducting full DR tests annually with partial tests quarterly","D","DR testing requirements by framework: PCI DSS Requirement 12.3: test response/recovery procedures annually. HIPAA: contingency plan testing — no specific frequency but 'periodically tested and revised'. ISO 22301 (Business Continuity): test at planned intervals. SOC 2 availability criteria: DR plan tested. NIST SP 800-34: test DR plan at least annually or when significant changes. FedRAMP: contingency plan tested at least annually. Best practice beyond compliance: tabletop quarterly, component tests monthly (backup restoration), full DR annually. Cloud-specific: AWS Fault Injection Simulator allows automated chaos testing — can run more frequently. Documentation: test results, issues found, lessons learned, plan updates. Never assume — test proves recovery actually works."
"(ISC)2 CCSP","CCSP","700","150","125","25","180","Cloud Concepts, Architecture, and Design","What is 'cloud workload placement' decision and security implications?","A technical process for distributing compute load evenly across available cloud resources","A network routing decision determining which data center handles each incoming request","Deciding where to run cloud workloads based on data classification regulatory requirements latency needs and security controls available in each region or cloud service with more sensitive workloads potentially requiring private cloud or specific regions","A cloud provider optimization automatically selecting lowest-cost regions for customer workloads","C","Workload placement decisions: Not all workloads belong in public cloud. Factors: (1) Data classification (highly sensitive = private cloud or encrypted with HYOK; regulated data = specific certified regions), (2) Regulatory requirements (PHI in HIPAA-compliant services only; payment data in PCI-compliant environment; government data in FedRAMP authorized), (3) Security control availability (some services/regions have more mature security capabilities — not all regions have same feature set), (4) Performance requirements (latency-sensitive workloads near users), (5) Cost (public cloud cheaper for variable workloads; private for steady state). Decision matrix: public cloud (scalable, variable workloads, lower sensitivity); private cloud (high security, regulatory, stable workloads); hybrid (burst overflow, tiered sensitivity); multi-cloud (best-of-breed, risk distribution). Document reasoning for each workload placement decision."
"(ISC)2 CCSP","CCSP","700","150","125","25","180","Cloud Concepts, Architecture, and Design","What is 'shadow IT' in cloud and what security risks does it create?","Cloud services contracted directly by department heads without security review or approval","IT systems that run in cloud environments without being visible to corporate network monitoring","Unauthorized use of cloud services by employees outside of IT governance creating security risks through uncontrolled data storage inconsistent security controls and unknown data flows outside organizational visibility","Legacy IT systems that operate in shadow mode alongside new cloud replacements during migration","C","Shadow IT cloud risks: employees sign up for Dropbox, Google Workspace, Slack, Trello with corporate email — IT doesn't know. Risks: (1) Uncontrolled data (sensitive data stored in personal or unauthorized services — no encryption, no access review, no DLP), (2) No security controls (no MFA enforcement, no data loss prevention, no monitoring), (3) Unknown data flows (data sent to unauthorized third parties — compliance violation), (4) Compliance breach (PHI in non-HIPAA service, cardholder data in non-PCI service), (5) Difficult offboarding (departed employee retains access to shadow IT accounts), (6) No contractual protection (no DPA, no security commitments from shadow provider). Detection: CASB discovers cloud service usage from proxy/firewall logs. Governance: acceptable use policy, approved service catalog, streamlined approval process (reduce friction for legitimate needs). CCSP: CASB is the primary tool for shadow IT visibility."
"(ISC)2 CCSP","CCSP","700","150","125","25","180","Cloud Concepts, Architecture, and Design","What is 'cloud security architecture documentation' and what should it contain?","A cloud provider document automatically generated to describe customer security configurations","Documentation describing the cloud security design including network diagrams trust boundaries data flow maps IAM architecture security control mapping and threat model that serves as the reference for security decisions and audits","A marketing document describing cloud security features to potential customers","A regulatory filing describing the organization's cloud security program to government agencies","B","Cloud security architecture documentation components: (1) Network diagrams (VPCs, subnets, security groups, peering, connectivity to on-premises — show segmentation), (2) Trust boundaries (where does trust level change? What crosses boundaries and how is it authenticated/authorized?), (3) Data flow diagrams (what data flows between which components, what classification, how protected in transit), (4) IAM architecture (roles, policies, federation, service accounts — who can do what), (5) Security control inventory (what controls implemented where, control mapping to requirements), (6) Threat model (identified threats, mitigations, residual risk), (7) Key management architecture (KMS usage, key hierarchy, rotation schedule), (8) Logging and monitoring architecture (what logged where, SIEM integration, alerting), (9) DR architecture (backup strategy, recovery procedures). Maintenance: update when architecture changes. Access: restricted (contains sensitive security design details — don't publicly share). Use: onboarding new team members, security reviews, audit evidence."
"(ISC)2 CCSP","CCSP","700","150","125","25","180","Cloud Concepts, Architecture, and Design","What is 'cloud environment segmentation' by lifecycle and why is it important?","Separating cloud environments for development testing staging and production prevents unintended changes or data exposure from reaching production systems and allows appropriate security controls for each environment's risk level","Dividing cloud resources by geographic region to improve application performance globally","Segmenting cloud provider billing into separate cost centers for accurate financial reporting","Isolating cloud resources by team to ensure each group can only access their own services","A","Environment segmentation: separate AWS accounts or Azure subscriptions for dev/test/staging/prod. Why separate accounts (not just separate VPCs): (1) Blast radius containment (compromised dev account cannot affect production), (2) IAM isolation (dev team has admin in dev account, read-only in prod), (3) Security control differentiation (production has all controls; development may have relaxed controls for velocity), (4) Compliance scope (production in scope for PCI/HIPAA compliance; development not), (5) Cost attribution (separate billing per environment). Security implications: (1) Prevent dev credentials from accessing production, (2) No production data in development (use synthetic/anonymized data), (3) Different security group rules (development may allow more permissive access), (4) Production changes require formal change management (not just developer commit). AWS Organizations: manage all accounts, apply SCPs (Service Control Policies) globally. Azure Management Groups: apply policies across subscriptions."
"(ISC)2 CCSP","CCSP","700","150","125","25","180","Cloud Concepts, Architecture, and Design","What is 'cloud cost transparency' and its security governance benefit?","Making cloud spending visible and attributed to teams workloads and business functions which benefits security governance by identifying anomalous spending that may indicate security incidents and creating accountability for security control costs","A cloud billing model where prices are fixed and transparent without variable usage charges","Publishing cloud security tool costs publicly to demonstrate transparency with shareholders","Requiring cloud providers to disclose their pricing algorithms and cost models to customers","A","Cost transparency mechanisms: (1) Resource tagging (tag every resource with team, application, environment, cost center — enables granular cost attribution), (2) Cost explorer (AWS Cost Explorer, Azure Cost Management — visualize spending by service, region, tag), (3) Showback/chargeback (show teams their cloud costs, optionally charge back to business units), (4) Budget alerts (set per-team or per-application budgets with alerts). Security governance benefit: (1) Accountability (teams responsible for their cloud costs are more careful about unused resources = smaller attack surface), (2) Anomaly detection (sudden cost spike in unused region = potential compromise), (3) Security control costs visible (show value of security controls in spending — make security investment visible), (4) Shadow IT detection (unexpected service costs = unauthorized usage). FinOps (Financial Operations): discipline combining financial management with cloud operations — security and FinOps teams should collaborate."
"(ISC)2 CCSP","CCSP","700","150","125","25","180","Cloud Concepts, Architecture, and Design","What is 'cloud service redundancy' pattern and how does it differ from backup?","Redundancy applies only to compute while backup applies only to storage in cloud environments","Redundancy keeps multiple copies of services running simultaneously for continuous availability with automatic failover while backup creates periodic point-in-time copies for recovery after failures with an expected recovery time delay","Backup provides better availability than redundancy because backup copies are always more current","Both redundancy and backup serve identical purposes with redundancy being the more modern term","B","Redundancy vs. backup: Redundancy: simultaneous parallel instances — if one fails, another immediately takes over. RTO = near zero (automatic failover in seconds). Examples: multi-AZ RDS (synchronous replication, automatic failover), active-active load balancing across AZs, CloudFront edge redundancy. Cost: pay for all redundant resources continuously. Backup: periodic snapshots of state at a point in time. RTO = time to restore (minutes to hours depending on size and method). RPO = time since last backup (potential data loss). Examples: S3 versioning (recover deleted/overwritten objects), EBS snapshots (restore volume), RDS automated backups (restore to point in time). Cost: storage for backup copies only. Both are needed: redundancy for availability, backup for recovery from data corruption/deletion. Backup is not redundancy — redundant systems can both fail (ransomware encrypts both copies simultaneously — backup with version history is recovery). 3-2-1 rule: 3 copies, 2 different media types, 1 offsite."
"(ISC)2 CCSP","CCSP","700","150","125","25","180","Cloud Concepts, Architecture, and Design","What is 'cloud security scorecard' for vendor evaluation?","A regulatory body's scoring system for cloud providers that determines market eligibility","A performance ranking of cloud providers by their network speed and service reliability","A cloud provider internal assessment of customer compliance with security requirements","A structured evaluation tool assessing cloud provider security across dimensions including certifications transparency incident history data handling contractual terms and technical controls to support informed procurement decisions","D","Vendor security scorecard dimensions: (1) Certifications (SOC 2 Type II — current? Scope appropriate? ISO 27001/27017/27018 — valid? FedRAMP if applicable? PCI DSS if processing payment data?), (2) Transparency (security whitepaper quality, compliance documentation availability, vulnerability disclosure program, security bulletin frequency/quality), (3) Incident history (any major breaches? How handled? Customer notification quality? Regulatory sanctions?), (4) Data handling (where stored, who has access, encryption options, deletion procedures, sub-processor list and management), (5) Contractual terms (DPA quality, SLA specifics, audit rights, breach notification commitment, data portability, liability provisions), (6) Technical controls (customer-side controls available: BYOK, VPC isolation, dedicated tenancy options, logging capabilities), (7) Support for security (ability to involve security team, pen testing permissions, ISAC participation). Scoring: weight each dimension by importance to your requirements. Use for: initial selection, annual re-evaluation, contract renewal decisions."
"(ISC)2 CCSP","CCSP","700","150","125","25","180","Cloud Concepts, Architecture, and Design","What is 'cloud API management' and what security functions does it serve?","A cloud provider administrative interface for managing cloud service subscriptions and billing","A version control system specifically designed for managing API code changes in cloud environments","A testing framework for validating that cloud APIs function correctly after deployment","A platform managing the lifecycle of cloud APIs providing security functions including authentication authorization rate limiting logging input validation and traffic management as a centralized security enforcement point","D","API management security functions (AWS API Gateway, Azure API Management, Kong, Apigee): (1) Authentication (validate API keys, JWT tokens, OAuth 2.0 bearer tokens before request reaches backend), (2) Authorization (per-endpoint authorization — 'only admin role can call DELETE endpoints'), (3) Rate limiting (protect backend from overload and abuse — per client, per API, burst and sustained limits), (4) Request/response transformation (modify request before backend sees it — remove dangerous headers, add security headers to response), (5) Input validation (basic schema validation — reject malformed requests), (6) TLS termination (enforce HTTPS, manage certificates), (7) Logging (comprehensive access logs — every API call logged for audit and investigation), (8) WAF integration (API-aware WAF rules), (9) IP filtering (allowlist/blocklist at API gateway), (10) Bot detection (identify and challenge bot traffic). Centralization: apply security once at gateway — all APIs behind gateway get same protection. Consumer management: issue and revoke API keys, track usage per consumer."
"(ISC)2 CCSP","CCSP","700","150","125","25","180","Cloud Concepts, Architecture, and Design","What is 'cloud incident response runbook' and what should it contain for cloud-specific scenarios?","A technical manual documenting how to configure cloud incident response tools","A cloud provider document describing what to do when cloud services experience outages","Pre-written step-by-step procedures for specific cloud security incidents including compromised access keys public S3 bucket discovered suspicious EC2 instance and GuardDuty findings that guide analysts through consistent response actions","A compliance checklist that incident response teams complete after each security incident","C","Cloud IR runbook structure: For each scenario — Trigger, Initial Triage, Investigation, Containment, Evidence Collection, Eradication, Recovery, Post-Incident. Example scenarios: (1) Compromised access key: detected by GuardDuty (unusual API calls), disable key immediately, rotate all keys for the user, review CloudTrail for actions taken with key, determine what was accessed, assess blast radius, remediate. (2) Public S3 bucket: alert from CSPM, verify sensitivity of exposed data, block public access immediately, assess exposure duration from access logs, determine breach notification requirements. (3) Cryptomining detected: unusual EC2 instances or Lambda invocations, identify provisioned resources, terminate unauthorized resources, revoke credentials used, review how access was obtained. (4) Suspicious IAM role assumption: GuardDuty finding, review CloudTrail for role assumption events, determine if legitimate, revoke if unauthorized. Each runbook: specific commands (AWS CLI or console steps), escalation contacts, decision trees, documentation requirements, communication templates. Keep updated — test quarterly in tabletop exercises."
"(ISC)2 CCSP","CCSP","700","150","125","25","180","Cloud Concepts, Architecture, and Design","What is 'cloud security culture' and how is it built?","A formal certification program that organizations achieve when all employees complete security training","A cloud provider community program educating customers about cloud security best practices","An organizational mindset where security is considered everyone's responsibility embedded in cloud development and operations through security champions programs blameless postmortems meaningful metrics and leadership support","A compliance requirement mandating that security professionals lead all cloud architecture decisions","C","Building cloud security culture: (1) Security champions (embed security-minded individuals in each dev team — amplify security team reach, provide technical expertise, reduce bottlenecks), (2) Blameless postmortems (when incidents occur, focus on systemic improvement not individual blame — encourages reporting and transparency), (3) Metrics that drive behavior (measure security improvement not just control implementation — developer security adoption rate, SAST finding reduction trend), (4) Security as enabler (position security as enabling business velocity — 'we shift left so you don't have production incidents'), (5) Leadership support (CISO visible, security investments funded, security technical debt addressed), (6) Developer self-service security tools (SAST in IDE, easy secrets management, security pipeline tools — make secure path easy), (7) Recognition (celebrate security successes, acknowledge developers who find and fix vulnerabilities), (8) Training that resonates (hands-on labs, CTF challenges, role-specific content — not boring compliance slides). Culture transformation: 3-5 year journey, measured continuously."
"(ISC)2 CCSP","CCSP","700","150","125","25","180","Cloud Concepts, Architecture, and Design","What is 'cloud computing architecture' consideration for regulated industries?","A set of technical specifications that cloud providers must implement for regulated industries","Regulated industries must consider compliance requirements in cloud architecture including data residency encryption standards audit log retention audit rights and provider certifications that may constrain cloud service and configuration choices","A pricing model where regulated industries receive discounts on cloud services for compliance","A government licensing requirement for cloud providers serving regulated industry customers","B","Regulated industry cloud architecture constraints: (1) Healthcare (HIPAA): PHI must be in HIPAA-eligible services only (not all provider services qualify), BAA required, encryption of PHI at rest and transit, audit logs of PHI access retained 6 years, contingency planning. (2) Finance (PCI DSS): CDE isolated from non-CDE, cardholder data encrypted, quarterly vulnerability scans, annual pen test, network monitoring, logging. (3) Finance (SOX): financial system changes require segregation of duties, audit trail for financial data access, change management controls. (4) Government (FedRAMP): only use FedRAMP authorized services and configurations, FIPS 140-2 validated cryptography, specific control implementations. (5) Healthcare research (21 CFR Part 11): electronic records and signatures — specific audit trail and system validation requirements. (6) EU financial (DORA): operational resilience requirements, concentration risk management, supervisory access. Architecture impact: cannot always use newest/fastest cloud services — must verify compliance qualification. Document compliance architecture rationale."
"(ISC)2 CCSP","CCSP","700","150","125","25","180","Cloud Concepts, Architecture, and Design","What distinguishes 'cloud governance' from 'cloud management'?","Cloud governance establishes policies rules and accountability for cloud usage decisions while cloud management implements and operates cloud resources according to those governance policies","Cloud governance is a technical function while cloud management is a business function","Cloud management focuses on security while cloud governance focuses on cost optimization","Both terms describe identical activities performed by different organizational teams","A","Governance vs. management distinction: Governance: (1) Sets direction (cloud strategy, policies, risk appetite), (2) Establishes rules (acceptable use, security standards, compliance requirements), (3) Creates accountability structures (who is responsible for what decisions), (4) Monitors compliance with policies, (5) Handles exceptions (deviation from policy requires approval process). Management: (1) Implements cloud resources following governance policies, (2) Operates cloud environments (monitoring, patching, responding to incidents), (3) Requests exceptions when governance policy conflicts with operational needs, (4) Reports compliance status to governance function. Example: governance sets policy 'all S3 buckets must be encrypted with CMK'; management implements encryption on all buckets, monitors compliance via CSPM, reports non-compliant buckets to governance. Cloud security governance: risk-based policy decisions. Cloud security management: implementing and monitoring those controls."
"(ISC)2 CCSP","CCSP","700","150","125","25","180","Cloud Concepts, Architecture, and Design","What is 'cloud data center physical security' as a shared responsibility element?","Customers share physical security responsibility with providers by maintaining on-site security guards","Physical security is negotiated individually with each cloud provider based on service agreement","Physical security is entirely the customer's responsibility for any data they store in cloud","Physical security of cloud data centers is entirely the cloud provider's responsibility as the 'security of the cloud' meaning customers cannot audit directly but rely on SOC 2 reports and provider certifications","D","Physical security shared responsibility: Provider responsibility (security OF the cloud): perimeter security, building access controls, environmental controls, hardware security, data destruction, personnel vetting. Customer cannot: visit data centers unannounced, audit physical controls directly, install their own equipment. Customer can: request evidence of physical controls via SOC 2 Type II audit reports (physical security controls audited), ISO 27001 certification (includes physical controls), penetration test of logical systems (not physical), review provider security documentation. This is a key shared responsibility model example: customer gives up physical control and trusts provider. Mitigations: encryption (physical breach = encrypted unreadable data), data residency controls (know which regions data resides in), contractual obligations (provider commits to physical security standards), third-party audit evidence. Evaluating physical security: most important signal = SOC 2 Type II with physical controls in scope."
"(ISC)2 CCSP","CCSP","700","150","125","25","180","Cloud Concepts, Architecture, and Design","What is 'cloud security product evaluation' criteria?","Cloud security products are evaluated exclusively by cloud providers before they can be sold","Evaluating cloud security products based on technical effectiveness integration capability with existing cloud environment scalability total cost of ownership vendor stability and alignment with specific use cases and compliance requirements","All cloud security products from major vendors are equivalent and selection is purely cost-based","Cloud security product evaluation requires a minimum six-month proof of concept before selection","B","Cloud security product evaluation criteria: (1) Technical effectiveness (does it actually detect/prevent the threats it claims to? Request independent testing data, proof of concept in your environment), (2) Cloud integration (native API integration with your cloud providers vs. agent-based — agentless preferred for cloud scale), (3) Scalability (handles your cloud environment size, handles growth — cloud environments scale rapidly), (4) Coverage (multi-cloud support if needed, coverage of all cloud service types you use), (5) Total cost of ownership (license + implementation + operational overhead — not just license price), (6) Vendor stability (financial health, roadmap alignment, customer references in your industry), (7) Compliance support (does it generate compliance evidence you need — CIS, PCI, HIPAA reports?), (8) Integration with existing tools (SIEM integration, SOAR compatibility, existing workflow support), (9) False positive rate (high false positive rate = alert fatigue = missed real threats), (10) Support quality (SLA, escalation path, security research team). Proof of concept: test in your environment with your data before committing. Reference customers: speak with similar organizations who use the product."
"(ISC)2 CCSP","CCSP","700","150","125","25","180","Cloud Concepts, Architecture, and Design","What is 'cloud security operations maturity model' and what stages does it describe?","A cloud provider certification demonstrating that their operations meet security standards","A compliance checklist for cloud security operations teams to verify control implementation","A model describing the progression of cloud security operations from reactive alert-driven processes through proactive management to predictive intelligence-driven security with each stage having distinct capabilities and metrics","A financial model for calculating the return on investment of cloud security operations spending","C","Cloud security operations maturity stages: (1) Initial/Reactive (firefighting — respond to incidents after impact, no consistent processes, ad hoc tooling, minimal logging), (2) Developing (basic processes — documented IR procedures, SIEM deployed, key logs collected, some automation), (3) Defined (consistent processes — SOAR playbooks, continuous compliance monitoring, vulnerability management program, regular testing), (4) Managed (measured improvement — KPI tracking, MTTD/MTTR improving, threat hunting program, purple team exercises), (5) Optimizing (intelligence-driven — predictive analytics, automated response, threat intelligence integration, continuous improvement based on metrics, benchmarking against peers). Assessment: honest self-assessment of current state, identify next maturity step, prioritize based on risk. CCSP: security maturity frameworks referenced in exam — know progression from reactive to proactive to predictive. Maturity assessment tools: CSA Security, Trust & Assurance Registry (STAR), CMMC for DoD, internally developed."
"(ISC)2 CCSP","CCSP","700","150","125","25","180","Cloud Data Security","What is 'cloud data classification automation' and what approaches enable it?","Using machine learning pattern matching and metadata analysis to automatically classify cloud data into sensitivity categories at scale making manual classification of large cloud data volumes practical","A manual process where data owners classify each cloud resource individually by sensitivity","A cloud provider service that classifies all stored data automatically without customer involvement","A compliance tool that classifies cloud usage data by regulatory category for billing purposes","A","Automated data classification approaches: (1) Pattern matching (regex patterns for SSN, credit card numbers, email addresses, phone numbers — AWS Macie, Google Cloud DLP, Microsoft Purview), (2) Machine learning (train models on examples of sensitive data — recognize context not just patterns — identify PII even without obvious format), (3) Metadata analysis (file name patterns — 'salary', 'confidential', 'HR'; file type; creation context; who created and accessed), (4) Fingerprinting (exact match of known sensitive documents), (5) Keyword search (detect documents containing sensitive terms). AWS Macie: ML-based PII detection in S3 — identifies: SSNs, passport numbers, bank account numbers, medical information. Classification output: tag the resource, alert on policy violation, encrypt if unencrypted. Limitation: false positives (test data that looks like PII), unstructured data with unusual formats. Human review: automated classification reduces workload, humans verify edge cases and set final classification. Continuous: scan on upload, rescan periodically."
"(ISC)2 CCSP","CCSP","700","150","125","25","180","Cloud Data Security","What is 'cloud data backup strategy' 3-2-1 rule application?","A data center design principle requiring backup servers in two additional locations","The 3-2-1 rule recommends 3 copies of data on 2 different storage types with 1 copy off-site applied to cloud through primary storage backup to different storage class and cross-region replication or separate provider backup","A cloud provider guarantee ensuring data is backed up to exactly three locations simultaneously","A compliance standard requiring three annual security audits of cloud backup systems","B","3-2-1 backup rule in cloud context: 3 copies: primary data (S3, RDS) + regional backup (same region different storage — Glacier) + cross-region backup (different region). 2 types: different storage types (object storage + archive storage; or cloud + on-premises tape/storage). 1 off-site: cross-region (different cloud region = different physical facility) or cross-cloud (backup to different cloud provider — harder to manage, provides maximum independence). Cloud implementation: AWS S3 (primary) + S3 Glacier (archive, same region) + cross-region replication to different region S3/Glacier. RDS: automated backups (35 days) + manual snapshots + cross-region read replica. Additional security: immutable backups (S3 Object Lock — prevent deletion), separate account (backup account cannot be deleted by compromise of production account), encryption with separate key (backup encrypted, key stored separately). Ransomware protection: immutable + off-site backups that ransomware cannot access are critical defense."
"(ISC)2 CCSP","CCSP","700","150","125","25","180","Cloud Data Security","What is 'cloud database security' monitoring for threats?","A cloud provider service that automatically blocks all malicious database queries","A compliance activity verifying that database security patches are applied within required timeframes","Physical monitoring of database server hardware for environmental threats in cloud data centers","Monitoring cloud databases for security threats through database activity monitoring unusual query patterns excessive data access error log analysis and integration with SIEM for correlation with other security events","D","Cloud database threat monitoring: (1) Database Activity Monitoring (DAM) (monitor all queries — detect SQL injection attempts, unusual data access volumes, privilege abuse, off-hours access), (2) CloudWatch/Azure Monitor (database performance metrics — unusual CPU/memory/connection spikes may indicate attack or misconfiguration), (3) AWS GuardDuty for RDS (detect: unusual access patterns, credential theft, exfiltration attempts — ML-based), (4) PostgreSQL/MySQL audit logs (enable slow query log, general query log — log all queries for investigation), (5) AWS CloudTrail for RDS API calls (track configuration changes, backup operations, network changes), (6) Failed authentication monitoring (brute force attempts, invalid credential use — alert on threshold), (7) SIEM integration (correlate database events with IAM events, network events — detect exfiltration: large query + unusual egress). Specific detections: SELECT * FROM table (mass data access), DROP TABLE (destructive), large INSERT from unknown IP (data injection), login from unusual location, login outside business hours. Alerting: real-time for critical findings, daily digest for informational."
"(ISC)2 CCSP","CCSP","700","150","125","25","180","Cloud Data Security","What is 'cloud file share security' and what controls apply?","Network security controls protecting file transfer protocols between cloud and on-premises systems","A compliance requirement mandating file-level encryption for all documents in cloud storage","Securing cloud file sharing services like SharePoint OneDrive S3 through access controls sharing policies link expiration DLP policies and monitoring to prevent unauthorized data exposure","Physical security of storage hardware in cloud provider environments handling file storage","C","Cloud file share security controls: (1) Access control (RBAC on file shares — owner, editor, viewer; restrict who can share externally), (2) External sharing policy (only allow sharing with verified domains, not anonymous anyone-with-link), (3) Link expiration (shared links expire after defined period — prevent long-lived exposure), (4) Link permissions (view-only links prevent download where possible — limit exposure even if link leaked), (5) DLP (prevent sharing of files containing PII, PHI, payment data externally), (6) Audit logging (log all file access, sharing events, permission changes), (7) Unmanaged device restriction (prevent download to unmanaged/personal devices — require device compliance for full access), (8) Classification labels (enforce protection policies based on classification — confidential documents cannot be shared externally). Cloud platforms: Microsoft SharePoint/OneDrive (Microsoft Purview integration), Google Drive (DLP policies, external sharing controls), Box (granular sharing controls, built-in DLP). CASB: discover shadow file sharing, enforce consistent policies across sanctioned and unsanctioned services."
"(ISC)2 CCSP","CCSP","700","150","125","25","180","Cloud Data Security","What is 'differential privacy' application in cloud analytics?","The practice of encrypting only changed data blocks rather than complete datasets in cloud storage","A cloud backup technique that only stores changes made since the previous backup snapshot","A mathematical technique adding calibrated noise to cloud analytics query results that allows statistical analysis while preventing identification of individual records suitable for analytics on sensitive data without exposing individual privacy","A privacy approach allowing some users full data access while restricting others to aggregate views","C","Differential privacy: formal mathematical privacy guarantee. Concept: each query's response includes carefully calibrated random noise. Statistical properties preserved: aggregate patterns, trends, correlations. Individual privacy protected: adding or removing any single person's data changes result by at most epsilon (the privacy parameter). Applications: (1) Cloud analytics on sensitive data (analyze user behavior patterns without exposing individuals), (2) Census data publication (US Census Bureau uses DP), (3) Health research (study disease patterns without exposing patients), (4) ML model training (Apple, Google use DP for on-device model training — models learn general patterns without memorizing individual data). Cloud implementations: Google Analytics (DP for aggregate reports), Apple (DP for keyboard and Siri usage), Azure Confidential Computing (DP-based analytics). Trade-off: more noise = more privacy but less accuracy. Epsilon parameter: smaller = more private but less accurate. CCSP: awareness of privacy-enhancing technology."
"(ISC)2 CCSP","CCSP","700","150","125","25","180","Cloud Data Security","What is 'data tokenization' implementation in cloud payment systems?","A cloud billing method where organizations pay for services using digital tokens instead of currency","Replacing primary account numbers and other sensitive payment data with randomly generated tokens that are meaningless outside the tokenization system allowing cloud applications to process transactions without handling actual card data","Converting payment data into digital tokens stored on blockchain for secure cloud transactions","Encrypting payment card numbers using token-based cryptography algorithms in cloud databases","B","Payment tokenization in cloud: credit card 4111111111111111 → token 7k9x-2m3p-8q4r-5n6w. Token stored in cloud application database. When charging: send token to payment processor → processor looks up real card number → charges → returns success. Cloud application never stores real card number. Benefits: (1) PCI DSS scope reduction (tokens are not cardholder data — systems storing only tokens out of CDE scope), (2) Data breach impact reduction (database with tokens = no card numbers exposed), (3) Token reuse (same token usable for subscriptions, without re-entering card). Cloud payment tokenization: Stripe (tokens generated client-side via Stripe.js — card never touches your servers), Braintree, Square all provide similar tokenization. Network tokens: Visa Token Service, Mastercard Digital Enablement Service — tokens that work across merchants. CCSP: understand tokenization as a cloud data protection and PCI compliance strategy."
"(ISC)2 CCSP","CCSP","700","150","125","25","180","Cloud Data Security","What is 'cloud data quality management' security concern?","Poor cloud data quality creates security risks when inaccurate data causes incorrect security decisions incorrect access control assignments or when manipulated data injected into analytics pipelines corrupts security models","A compliance issue where organizations must report data quality metrics to regulatory agencies","A storage optimization challenge reducing the cost of maintaining inconsistent cloud data","A performance concern where low-quality data processing slows cloud application response times","A","Data quality as security risk: (1) Access control errors (inaccurate employee role data → wrong cloud permissions granted — over-privileged or under-privileged), (2) Security decision errors (vulnerability data inaccurate → wrong priority → critical vulnerability not patched), (3) ML model corruption (training data poisoned → security model learns incorrect behaviors → fails to detect attacks), (4) Alert integrity (log data quality issues → unreliable audit trail → security events missed or misattributed), (5) Compliance failures (inaccurate data about data processing activities → DPA non-compliant). Data quality dimensions: Completeness (all records present?), Accuracy (values correct?), Consistency (same data consistent across systems?), Timeliness (up to date?), Validity (values within acceptable range?). Security of data quality processes: protect data pipelines from manipulation (IaC for pipelines, access controls on ETL processes), validate data at ingestion, anomaly detection on data quality metrics (sudden quality drop may indicate attack or system failure)."
"(ISC)2 CCSP","CCSP","700","150","125","25","180","Cloud Data Security","What is 'cloud key hierarchy' and how does it work?","A layered encryption key structure where a root key encrypts key encryption keys which encrypt data encryption keys providing defense in depth in key compromise and enabling efficient key rotation without re-encrypting all data","A management reporting structure for cloud security personnel responsible for encryption","A certification hierarchy where cloud providers certify their own security key management systems","An authentication system using multiple levels of keys to access different cloud resources","A","Envelope encryption / key hierarchy: (1) Root Key (Master Key): highest in hierarchy, often in HSM, used rarely, never touches data directly. (2) Key Encryption Key (KEK): encrypted by root key, used to encrypt data keys, rotated periodically. (3) Data Encryption Key (DEK): used to actually encrypt data, unique per data object/database/volume. How it works: DEK encrypts data → DEK encrypted with KEK (stored alongside encrypted data as 'encrypted DEK') → KEK encrypted with root key. Benefits: (1) Rotation efficiency (rotate KEK: re-encrypt all DEKs, don't re-encrypt all data; rotate root key: re-encrypt KEK only), (2) Compromise isolation (compromise one DEK: only that data object compromised), (3) Access control (different KEKs for different data sets = different access control). AWS KMS: CMK (root/KEK role) → generates data keys → customer uses data keys to encrypt. AWS Nitro Enclaves: attestation-based key release. Understanding hierarchy: CCSP exam may ask about key hierarchy concepts."
"(ISC)2 CCSP","CCSP","700","150","125","25","180","Cloud Data Security","What is 'cloud data deduplication' security implication?","A security feature preventing users from uploading the same file more than once to cloud storage","A cloud storage optimization that automatically removes duplicate backup copies to save costs","Deduplication shares identical data blocks across tenants creating potential privacy concerns where timing attacks or storage analysis could reveal whether a specific file exists in another tenant's storage even without direct data access","A data quality process removing duplicate records from cloud databases to improve data accuracy","C","Deduplication: store one copy of identical data blocks, provide references to multiple users. Security implication — cross-tenant leakage: if user A uploads a 500MB file and deduplication shows it stored in 0 bytes (already present) vs. user B uploads same file taking 500MB, user A knows user B has the same file. This is a convergent encryption side channel. Proof-of-ownership attack: attacker can verify if a specific file exists in the cloud (hash the file, submit just the hash — storage says 'already have it' → confirms existence). Impact: privacy (person knows file is held by provider means content known), security (prove existence of sensitive document). Mitigations: (1) Tenant-isolated deduplication (deduplicate only within single tenant, not cross-tenant — eliminates cross-tenant leakage, reduces efficiency), (2) Convergent encryption with user-specific keys (same plaintext + different key = different ciphertext = no deduplication benefit), (3) Hide storage allocation from users. Cloud providers typically isolate deduplication to within single account, but verify."
"(ISC)2 CCSP","CCSP","700","150","125","25","180","Cloud Data Security","What is 'cloud cold data security' and what controls apply to archived data?","Securing infrequently accessed archived data in cold storage tiers requires maintaining encryption continuity access controls key management and ensuring archived data remains accessible for legal holds despite reduced operational focus","A cloud storage optimization strategy moving the least sensitive data to cheaper cold storage","Protecting cloud data centers from physical cold temperature damage during winter operations","A compliance requirement protecting cloud backup data during the initial 30-day cooling period","A","Cold/archive storage security (Glacier, Azure Archive, GCP Coldline/Archive): risks: (1) Forgotten data (archived and then forgotten — still contains sensitive data, but no one monitoring access), (2) Encryption key lifecycle (data may be archived for years — must maintain key as long as data retained, key loss = permanent data loss), (3) Access control drift (IAM permissions change over time — ensure access controls maintained for archived data), (4) Legal hold complications (retrieval time hours/days — plan for legal holds requiring archived data), (5) Reduced monitoring (security teams may not monitor cold storage access as closely). Controls: (1) Same encryption requirements as active data (CMK encryption, key maintained as long as data), (2) Access control review (include cold storage in periodic access reviews), (3) Lifecycle policy verification (don't delete archived data during legal hold), (4) Tagging (classify archived data — include in data catalog with appropriate classification), (5) Restoration testing (periodically test that archived data can be retrieved), (6) Retention policy documentation (document why data retained, when can be deleted). Don't forget archive in security program — attackers may target archives as high-value stores of historical data."
"(ISC)2 CCSP","CCSP","700","150","125","25","180","Cloud Data Security","What is 'cloud data flow diagram' and why is it essential for security?","A cloud provider performance visualization showing data transfer speeds between regions","A billing analysis chart tracking data egress costs across different cloud services","A diagram documenting how data moves between cloud components services and external parties used to identify where sensitive data flows what protections apply at each point and where security controls are needed","A network topology diagram showing the physical connections between cloud data centers globally","C","Data flow diagrams (DFDs) for cloud security: Document: (1) Data sources (where data enters system — user input, APIs, integrations, databases), (2) Processing (what transforms data — cloud functions, applications, analytics), (3) Storage (where data persists — S3, RDS, DynamoDB, Glacier), (4) Destinations (where data goes — users, external APIs, partners, backups), (5) Trust boundaries (lines where security context changes — internet to cloud, cloud service to cloud service). Use for: (1) Threat modeling (STRIDE at each component and boundary), (2) Compliance (trace where PII flows — required for GDPR Article 30 ROPA), (3) Security control placement (where to put encryption, authentication, monitoring — at every trust boundary crossing), (4) Data residency (identify if any flows cross jurisdictions), (5) Third-party data sharing identification (what data goes to third-party services?). Update when architecture changes. Level of detail: Level 0 (high-level context), Level 1 (major process decomposition), Level 2 (detailed process). CCSP: DFDs fundamental to security architecture and threat modeling."
"(ISC)2 CCSP","CCSP","700","150","125","25","180","Cloud Data Security","What is 'cloud data access governance' and what processes implement it?","A framework controlling who can access cloud data through provisioning processes periodic access reviews immediate revocation workflows and monitoring of data access patterns to ensure principle of least privilege is maintained over time","A cloud provider administrative process controlling how customers can access their cloud resources","A compliance reporting process documenting all cloud data access events for regulatory auditors","A financial governance process tracking cloud data storage costs across organizational units","A","Data access governance processes: (1) Provisioning (formal request → manager approval → data owner approval for sensitive data → IT implements → document justification), (2) Access reviews (periodic — quarterly for privileged access, semi-annual for standard; review who has access, is it still needed, is it appropriate to role; automate review collection and reminders), (3) Immediate revocation (when employee leaves or changes role — automated trigger from HRMS → deprovision all access including cloud data access; 24-hour SLA for departing employees, immediate for involuntary termination), (4) Segregation of duties (prevent same person from creating and approving data access, from both accessing and administering data), (5) Data access monitoring (UEBA — detect unusual access patterns: user suddenly accessing 1000 records they never accessed before), (6) Service account governance (service accounts for applications — own lifecycle, regular review, disable when application decommissioned). Tools: Saviynt, SailPoint (IGA — Identity Governance and Administration), combined with cloud-native IAM."
"(ISC)2 CCSP","CCSP","700","150","125","25","180","Cloud Data Security","What is 'pseudonymization' in cloud and how does it differ from anonymization?","Pseudonymization encrypts data with a pseudonym-based algorithm while anonymization uses stronger encryption","Pseudonymization is reversible by anyone with the data while anonymization requires a special key","Both techniques are legally equivalent under GDPR with anonymization being the newer preferred term","Pseudonymization replaces direct identifiers with pseudonyms maintaining a separately secured mapping that allows re-identification for authorized purposes while anonymization irreversibly removes re-identification possibility","D","Pseudonymization vs anonymization: Pseudonymization (GDPR Article 4(5)): replace identifier (John Smith, SSN 123-45-6789) with pseudonym (ID: XJ9K2M). Pseudonym table stored separately and securely. Re-identification possible if attacker gets pseudonym table. GDPR: pseudonymized data IS still personal data (re-identification possible) — GDPR still applies but recognizes it as a security measure. Article 89: pseudonymization enables relaxed requirements for research/statistics processing. Anonymization: true anonymization means re-identification not 'reasonably possible'. No pseudonym table. Proven techniques: data aggregation (only group statistics), generalization (age range instead of exact age), noise addition. If truly anonymous: not personal data under GDPR. Challenge: proving true anonymization difficult — motivated attacker with auxiliary data may re-identify (Narayanan & Shmatikoff Netflix prize anonymization attack). Cloud implementation: pseudonymization = tokenization vault or encrypted mapping table; anonymization = differential privacy or data aggregation. CCSP: know the legal distinction — GDPR treats them differently."
"(ISC)2 CCSP","CCSP","700","150","125","25","180","Cloud Platform and Infrastructure Security","What is 'cloud security group' rule analysis and what misconfigurations are most critical?","A cost optimization analysis identifying security groups that consume excessive cloud resources","A compliance review verifying that security groups follow naming conventions and documentation standards","Analyzing cloud security group rules to identify critical misconfigurations including unrestricted inbound access on all ports from any IP management port exposure to internet and overly broad CIDR ranges that create unnecessary attack surface","A performance analysis determining which security group rules cause the most network latency","C","Critical security group misconfigurations: (1) 0.0.0.0/0 on port 22 (SSH from anywhere — critical, enables brute force from internet), (2) 0.0.0.0/0 on port 3389 (RDP from anywhere — critical, enables brute force, BlueKeep), (3) 0.0.0.0/0 on all ports (open all traffic from internet — critical), (4) 0.0.0.0/0 on any management port (8080, 9200 for Elasticsearch, 27017 for MongoDB, 6379 for Redis — often exploited), (5) Internal network /16 or /8 allowing broad access (overly broad internal access — lateral movement), (6) Unrestricted egress 0.0.0.0/0 (no egress filtering — C2 and exfiltration unimpeded), (7) Default security group in use (attached to new resources by default — often too permissive). Analysis tools: AWS Trusted Advisor (basic check), AWS Security Hub (CIS findings for security groups), CSPM tools (Wiz, Prisma Cloud — find all unrestricted rules). Remediation: restrict to specific known IPs/ranges, use Systems Manager Session Manager instead of SSH/RDP (no inbound port 22/3389 needed), apply principle of least privilege to network access."
"(ISC)2 CCSP","CCSP","700","150","125","25","180","Cloud Platform and Infrastructure Security","What is 'cloud encryption in use' protection and what technologies provide it?","Protection for data while it is actively being processed in memory using confidential computing technologies like Intel SGX AMD SEV and cloud implementations like AWS Nitro Enclaves Azure Confidential Computing and Google Confidential VMs","Network encryption protecting data as it travels between cloud services during processing","A cloud provider feature encrypting all compute resources while they are processing workloads","Encrypting cloud data immediately as users actively enter it through web application forms","A","Data in use protection: actively processed data in CPU memory. Traditional encryption: protects at rest and in transit but data decrypted in memory during processing. Confidential computing: encrypt data even in memory. Technologies: (1) Intel SGX (Software Guard Extensions): hardware-enforced trusted execution environment (enclave), data encrypted in CPU cache, inaccessible to hypervisor or OS. (2) AMD SEV (Secure Encrypted Virtualization): VM memory encrypted, hypervisor cannot read VM memory. (3) Cloud implementations: AWS Nitro Enclaves (isolated compute environments, no persistent storage, no network, attestation of code running). Azure Confidential Computing (DCsv2/DCsv3 instances with SGX). Google Confidential VMs (AMD SEV). Use cases: (1) ML model training on sensitive data (medical records, financial data), (2) Key management in isolated environment, (3) Secure multi-party computation, (4) Blockchain key operations. Limitations: performance overhead, limited memory, specialized development. Attestation: verify correct code running in enclave — cryptographic proof of execution environment integrity."
"(ISC)2 CCSP","CCSP","700","150","125","25","180","Cloud Platform and Infrastructure Security","What is 'cloud service mesh' security architecture and what does it enforce?","A service mesh creates a dedicated infrastructure layer managing service-to-service communication with security enforcement including mutual TLS automatic certificate management authorization policies and telemetry without modifying application code","A physical network mesh topology connecting all cloud servers within a data center","A cloud provider network interconnecting multiple cloud regions for data replication","A compliance framework governing how cloud services can communicate with external APIs","A","Service mesh security (Istio, Linkerd, AWS App Mesh): dedicated infrastructure for microservice communication security. Security enforcement: (1) Mutual TLS (mTLS): every service-to-service call uses client and server certificates — both sides authenticate, all communication encrypted. Automatically provisioned and rotated by mesh. (2) Authorization policies: define which services can call which others on which paths. Enforced at the sidecar proxy (Envoy) level. (3) Certificate management: automatic certificate issuance, rotation, revocation via integrated CA (Istio uses SPIFFE/SPIRE). (4) Traffic policies: circuit breaker, retries, timeouts — security relevance when defending against cascading failures. (5) Observability: full telemetry of service calls — what called what, when, success/failure — critical for security investigation. Zero trust implementation: without mesh, developers must implement mTLS in every service (inconsistent, error-prone). Mesh makes it automatic and consistent. Adoption challenge: operational complexity of running mesh infrastructure itself. Resource overhead: sidecar proxies add CPU/memory per pod."
"(ISC)2 CCSP","CCSP","700","150","125","25","180","Cloud Platform and Infrastructure Security","What is 'cloud secret rotation' automation and what approaches are used?","A process where cloud administrators manually rotate all secrets quarterly during maintenance windows","A cloud provider service that automatically resets all customer credentials after detected breaches","A security monitoring process that detects when secrets are rotated outside of scheduled windows","Automatically changing cloud secrets such as database passwords API keys and certificates on a defined schedule using cloud-native services like AWS Secrets Manager rotation or custom Lambda functions to reduce exposure window from compromised credentials","D","Secret rotation automation: why: compromised secret with long validity = long exposure window. Automated rotation reduces window. Methods: (1) AWS Secrets Manager rotation (built-in rotation for RDS — Lambda function rotates password on schedule, updates secret, applications retrieve new secret automatically; supported databases: MySQL, PostgreSQL, SQL Server, Oracle, MongoDB). (2) Azure Key Vault rotation (rotation policy for keys and secrets, near-expiry notifications, custom rotation via Event Grid trigger → Function App). (3) HashiCorp Vault dynamic secrets (on-demand credential generation — Vault creates unique, time-limited database credential per request — no static password to rotate). (4) Custom Lambda/Function (for services without built-in rotation — create Lambda that rotates credential in target system and updates secret). Application consideration: applications must handle secret refresh — retrieve new secret without restart (use Secrets Manager SDK with caching and automatic refresh). Certificate rotation: ACM (AWS Certificate Manager) auto-renews ACM-managed certificates; deploy cert rotation automation for non-ACM certs. Target: critical secrets rotate 90 days or less, API keys annually."
"(ISC)2 CCSP","CCSP","700","150","125","25","180","Cloud Platform and Infrastructure Security","What is 'cloud security testing' in pre-production environments?","A cloud provider automated service that tests all customer applications before deployment","A compliance requirement performing annual security tests on all cloud-hosted applications","Comprehensive security testing in staging environments that mirrors production configuration including DAST penetration testing and configuration review before deployments reach production to identify vulnerabilities while they are cheaper to fix","Security testing performed exclusively in production environments to ensure tests reflect real conditions","C","Pre-production security testing strategy: staging environment must mirror production (same security controls, same configurations — if staging has different security group rules, tests don't reflect production reality). Test types: (1) DAST (automated scanning of running application — OWASP ZAP, Burp Suite Enterprise — runs against staging), (2) Penetration testing (manual adversarial testing — test authentication bypass, authorization flaws, injection, business logic), (3) Configuration review (compare staging config to production baseline — CSPM scan), (4) Integration testing with security cases (automated tests verifying security controls work: unauthenticated access returns 401, SQL injection returns sanitized error), (5) Infrastructure security testing (network segmentation verification, IAM policy testing). Pipeline gates: block promotion to production if critical security findings open. Prod-like environment cost: staging can be smaller scale but same architecture and security configuration. Never test only in production — unsafe for customers, harder to remediate safely."
"(ISC)2 CCSP","CCSP","700","150","125","25","180","Cloud Platform and Infrastructure Security","What is 'cloud-native access control' for storage resources?","Cloud storage access control using resource-based policies IAM identity-based policies ACLs and encryption context to implement fine-grained access that follows the principle of least privilege for each storage resource","Physical access control to cloud storage hardware managed by cloud provider security teams","A cloud provider certification program validating storage access control implementation quality","Network access control lists that determine which IP addresses can reach cloud storage endpoints","A","Cloud storage access control layers: (1) Resource-based policies (S3 bucket policy, Azure Blob SAS, GCP bucket IAM — define who can access this specific resource and what actions), (2) Identity-based policies (IAM policy attached to user/role/group — defines what this identity can access and do), (3) ACLs (S3 object ACLs — legacy, use bucket policies instead; fine-grained per-object), (4) Encryption context (AWS KMS — restrict key usage to specific context; decrypt only when correct context provided — service, bucket, operation), (5) VPC endpoint policies (restrict S3 access to specific VPC, specific buckets — prevent data exfiltration to attacker's bucket), (6) Presigned URLs (temporary access without credentials — time-limited, specific object, specific action). Least privilege: deny by default, explicit allow for specific principals and actions. Common mistake: setting bucket policy to 'Principal: *' (public). Block Public Access: AWS setting that overrides all public access even if bucket policy grants it — enable on all accounts as preventive control. Regular review: quarterly review of all bucket policies for over-permissive grants."
"(ISC)2 CCSP","CCSP","700","150","125","25","180","Cloud Platform and Infrastructure Security","What is 'cloud resource access control' for administrative interfaces?","Controlling access to cloud management consoles and APIs through strong authentication least privilege IAM policies MFA requirements break-glass procedures and comprehensive audit logging of all administrative actions","Physical access badges controlling entry to cloud provider data center administrative areas","Software licenses controlling which cloud management tools administrators can use","A cloud billing control limiting how much administrators can spend on cloud resources","A","Administrative access security: cloud admin accounts are highest-value targets. Controls: (1) MFA mandatory (all accounts with console access — hardware token preferred for root/break-glass — phishing-resistant FIDO2), (2) Root account security (enable MFA on root account, no access keys on root account, root account only for specific functions that only root can do — account email change, billing, close account), (3) Break-glass accounts (documented emergency access procedure, MFA required, all activity automatically alerted, time-limited), (4) Least privilege IAM (admins have specific scoped permissions — not AdministratorAccess policy unless specifically needed), (5) Privilege just-in-time (assume elevated role for specific task, relinquish after — AWS Identity Center permission sets with session duration), (6) CloudTrail (all API actions logged — cannot disable without detection, log to protected account), (7) IP restrictions (admin console access from corporate IP only — Condition key in IAM policy), (8) Separation of duties (security team can view but not modify, operations can modify but not delete, finance can view billing but not deploy). Regular review: quarterly review of all admin accounts and permissions."
"(ISC)2 CCSP","CCSP","700","150","125","25","180","Cloud Platform and Infrastructure Security","What is 'cloud application architecture security review' process?","A cloud provider certification of customer application security design before market launch","A post-deployment audit of cloud application security controls for compliance reporting","A performance review ensuring cloud application architecture meets throughput requirements","A structured review of cloud application architecture design to identify security risks before implementation including threat modeling trust boundary analysis IAM design review and compliance assessment conducted by security architects","D","Security architecture review process: When: design phase (before implementation — cheapest to change). Who: security architect (lead), cloud architect, developer lead, compliance (if regulated). What to review: (1) Component diagram (what services, how they connect — identify attack surface), (2) Trust boundaries (where trust changes — every boundary needs authentication/authorization), (3) Data flows (what data moves between components — classification appropriate for path?), (4) IAM design (proposed roles and permissions — least privilege? Separation of duties?), (5) Network design (proposed security groups, VPC design — appropriate segmentation?), (6) Third-party integrations (what external services? What data shared? DPAs?), (7) Logging and monitoring (what events logged? Sufficient for security investigation?), (8) Secrets management (how are credentials handled?), (9) Compliance mapping (does design meet regulatory requirements?). Output: (1) Security requirements for implementation team, (2) Findings to address in design, (3) Risk acceptance decisions (document trade-offs accepted), (4) Threat model documenting identified threats and mitigations. Track remediation: create tickets for each finding, verify implementation."
"(ISC)2 CCSP","CCSP","700","150","125","25","180","Cloud Platform and Infrastructure Security","What is 'cloud network threat detection' using ML and behavioral analysis?","Installing traditional signature-based IDS appliances on cloud virtual machine instances","A cloud provider service automatically blocking all suspicious network traffic without configuration","Using machine learning models trained on baseline network behavior to detect anomalous patterns like unusual communication paths unexpected data volumes and new external connections that may indicate intrusion or compromise","A compliance monitoring tool verifying that cloud networks follow approved architecture patterns","C","ML-based cloud network threat detection: Challenges: encrypted traffic (can't inspect payload), volume (cloud generates massive flow data), dynamic environments (legitimate behavior changes frequently). Approaches: (1) Baseline modeling (learn normal: which services communicate, what volumes, what times — flag deviations), (2) AWS GuardDuty (ML on CloudTrail + VPC Flow Logs + DNS: detect unusual API calls, unusual internal/external communication, crypto mining, exfiltration patterns), (3) Azure Sentinel / Microsoft Defender for Cloud (behavioral analytics on network and identity data), (4) Third-party NDR (Darktrace, Vectra AI — graph-based behavioral analysis — detect: lateral movement, command and control, data staging, exfiltration). Detectable patterns: (1) Impossible travel (same credential used from two distant locations), (2) Scanning behavior (one host connecting to many others on unusual ports), (3) Beaconing (regular interval connections to external IP — C2), (4) Large data transfer (unusual volume to external destination), (5) New communication path (service A never talked to service B — why now?). Training: initially high false positive rate, tune over 90 days to establish accurate baseline."
"(ISC)2 CCSP","CCSP","700","150","125","25","180","Cloud Platform and Infrastructure Security","What is 'cloud security hardening automation' pipeline?","A compliance automation tool that generates hardening reports for regulatory submission","A manual process where security teams harden cloud servers one at a time following a checklist","A cloud provider service that automatically applies security configurations to all customer instances","An automated process that creates and validates hardened cloud machine images or container base images applying security configuration benchmarks patching and testing before images are approved for use in production environments","D","Hardened image pipeline: build security into base images, not into running instances. Pipeline: (1) Base image selection (start from official/minimal image — AWS Marketplace hardened, CIS-hardened AMIs, distroless containers), (2) Hardening script (apply CIS Benchmark configurations — disable unnecessary services, set kernel parameters, configure audit logging, remove default credentials), (3) Patching (apply all available OS and package patches), (4) Security agent installation (EDR, monitoring agents), (5) Scanning (Trivy/Grype for container images, Inspector for AMIs — identify remaining vulnerabilities), (6) Compliance validation (InSpec/CIS-CAT — verify benchmark implementation), (7) Signing (sign image with cosign/Notary — cryptographic proof of provenance), (8) Publishing to private registry (internal registry only — prevent use of unvalidated images). Pipeline tools: Packer (build AMIs), Docker Build + GitHub Actions, AWS Image Builder (managed AMI building service). Enforcement: Binary Authorization (Kubernetes — only run signed, approved images), EC2 Image Builder pipeline with auto-publish on success. Refresh cycle: rebuild weekly with latest patches or immediately for critical CVEs."
"(ISC)2 CCSP","CCSP","700","150","125","25","180","Cloud Platform and Infrastructure Security","What is 'cloud network segmentation testing' methodology?","A performance test measuring network throughput between different cloud network segments","Verifying that cloud network segments are properly isolated by testing connectivity between segments attempting to traverse boundaries from compromised position and validating that firewall rules actually block unauthorized traffic","A compliance exercise documenting the intended network segmentation design for auditors","A cloud provider automated service that verifies customer network segmentation on request","B","Network segmentation testing: verify isolation actually works — not just that rules are configured. Methods: (1) AWS VPC Reachability Analyzer (test path between two resources — determines if connectivity exists and why, identifies allowing rules), (2) Network connectivity tests from compromised position (from web server, try to reach database directly — simulate lateral movement), (3) Security group rule review (automated CSPM check for overly permissive rules), (4) Traffic simulation (send test traffic that should be blocked — verify logs show it blocked), (5) Penetration testing (attacker simulated in web tier — can they reach database tier? Internal admin interfaces?). Test scenarios: (1) Internet → private subnet (should fail unless through load balancer), (2) Web tier → database tier (only on database port, not all ports), (3) Different VPCs without peering (should fail completely), (4) Dev environment → production (should fail), (5) Compromised web instance → cloud admin console (should fail — IAM role should not have admin access). Validate in change management: test segmentation after any network configuration change. Document expected behavior and actual behavior — gaps = findings to remediate."
"(ISC)2 CCSP","CCSP","700","150","125","25","180","Cloud Platform and Infrastructure Security","What is 'cloud infrastructure monitoring' for security operations?","Continuous monitoring of cloud infrastructure components including compute network storage and services for security-relevant changes performance anomalies availability issues and compliance violations enabling proactive security management","A physical monitoring system installed in cloud data centers measuring environmental conditions","A billing monitoring service tracking cloud infrastructure costs for financial planning purposes","A cloud provider service monitoring infrastructure health exclusively for performance optimization","A","Cloud infrastructure security monitoring: (1) Configuration monitoring (AWS Config — continuous recording of resource configurations, evaluate against compliance rules, detect unauthorized changes), (2) API activity (CloudTrail — all API calls, who changed what configuration, when), (3) Compute monitoring (CloudWatch — CPU, memory, disk, network metrics — anomalies may indicate malware: cryptocurrency mining CPU spike, exfiltration network spike), (4) Network monitoring (VPC Flow Logs — traffic patterns, unusual connections, volume anomalies), (5) Availability monitoring (service health dashboards, uptime monitoring — DoS or compromise may cause availability impact), (6) Security service health (are GuardDuty, Config, CloudTrail enabled? Alert if any disabled), (7) IAM activity (new users created, policies changed, access keys created — privilege escalation indicators). Alert tuning: start broad, tune out false positives while keeping true positive coverage. Operational security alerts vs. performance alerts: some teams separate, others combine in single SIEM. Cloud management plane is highest-value target — focus monitoring there first."
"(ISC)2 CCSP","CCSP","700","150","125","25","180","Cloud Application Security","What is 'open source risk' in cloud applications and how is it managed?","Risk from cloud providers making their platform code open source exposing implementation details","Financial risk from open source license fees that organizations may be unaware of","Risk from employees accessing open source communities and sharing proprietary company information","Risk from open source components including known CVEs transitive dependency vulnerabilities abandoned packages license compliance issues and potential supply chain attacks managed through SCA tools SBOM and dependency governance policies","D","Open source risk categories: (1) Known vulnerabilities (Log4Shell — CVE-2021-44228 in log4j, Spring4Shell, Struts — high-severity CVEs in widely used libraries), (2) Transitive dependencies (your code uses Library A, which uses Library B — B has vulnerability — you're affected), (3) Abandoned packages (maintainer stopped updating — no security patches for new CVEs), (4) Malicious packages (supply chain: attacker publishes malicious package with typosquat name or compromises maintainer account), (5) License compliance (GPL copyleft may require open-sourcing your code if you use GPL library in proprietary product). Management: (1) SCA scanning (Snyk, Dependabot, OWASP Dependency-Check — integrated into CI/CD), (2) SBOM (inventory all components), (3) Dependency pinning (pin specific versions, review updates deliberately), (4) Private registry proxy (internal registry proxies public, scans packages before serving), (5) Deprecation policy (remove abandoned dependencies), (6) License scanning (FOSSA, Black Duck for license analysis). Executive Order 14028 (US): SBOM mandated for government software supply chain."
"(ISC)2 CCSP","CCSP","700","150","125","25","180","Cloud Application Security","What is 'API authorization' and what are common implementation flaws?","The process of approving new APIs for deployment in organizational cloud environments","Controlling what authenticated API users can do with common flaws including BOLA accessing other users' resources BFLA accessing functions above their permission level and missing authorization checks on sensitive API endpoints","A cloud provider certification validating that APIs implement correct authentication mechanisms","Network-level controls determining which IP addresses can reach cloud-hosted APIs","B","API authorization flaws (OWASP API Security): (1) BOLA — Broken Object Level Authorization (API1): user can access resource IDs they don't own. GET /api/users/123/profile → change 123 to 124 → see another user's profile. Fix: server-side check that requesting user owns requested object. (2) BFLA — Broken Function Level Authorization (API5): regular user calls admin-only function. DELETE /api/admin/users/123 → regular user deletes any account. Fix: function-level access control check. (3) Missing authorization (all endpoints): developer forgets to add authorization check to one endpoint. Testing: with two user accounts, test all endpoints with each user's token to ensure proper isolation. (4) Broken property-level authorization (API3): user can update properties they shouldn't (PUT /api/users/123 with isAdmin:true in body). Fix: whitelist allowed properties, ignore extra properties. (5) JWT without signature validation: accept JWT without verifying signature — accept arbitrary claims. Testing tools: Burp Suite, custom scripts with two accounts, OWASP ZAP API mode, 42Crunch."
"(ISC)2 CCSP","CCSP","700","150","125","25","180","Cloud Application Security","What is 'cloud application logging' for security and what events are critical?","Performance logging capturing response times and error rates for application optimization","A cloud provider service that automatically logs all application activity without developer configuration","Security-relevant logging for cloud applications capturing authentication events authorization decisions security control failures and data access events enabling detection of attacks insider threats and compliance violations","Compliance logging that generates regulatory reports about application usage patterns","C","Critical application security log events: (1) Authentication: successful logins (who, when, from where), failed login attempts (potential brute force), MFA events (MFA enabled/disabled, MFA failures), session creation/termination, password changes/resets. (2) Authorization: access denied events (attempt to access unauthorized resource), privilege escalation (user granted elevated permissions), admin actions. (3) Data access: access to sensitive data (PII, PHI, financial), bulk data retrieval (potential exfiltration), data export/download, data modification, data deletion. (4) Security control events: security configuration changes, authentication policy changes, encryption key usage. (5) Input validation failures: SQL injection attempts detected, XSS attempts, invalid inputs (may indicate reconnaissance). (6) API security events: rate limit violations (potential abuse), invalid token attempts, expired token usage. Log format: structured (JSON) preferred — easier SIEM ingestion. Minimum fields: timestamp (ISO 8601), event type, user identity, source IP, result, affected resource. Central storage: log aggregation in SIEM with retention 1+ years. Alert on: multiple failed logins, access to sensitive data outside business hours, bulk data access, security configuration changes."
"(ISC)2 CCSP","CCSP","700","150","125","25","180","Cloud Application Security","What is 'cloud application encryption' implementation for sensitive fields?","A cloud provider feature that automatically encrypts sensitive form fields submitted by users","Encrypting specific sensitive data fields within cloud applications at the application layer before storage providing protection even if the database is compromised while requiring careful key management for the application to function","Using TLS to encrypt data as it travels between the application and the cloud database","Configuring cloud database services to encrypt all stored data using provider-managed keys","B","Application-layer field encryption: encrypt specific sensitive fields before storing (separate from TDE which encrypts entire database). Example: store encrypted SSN in database — even with database access, attacker sees ciphertext not SSN. Implementation: (1) Choose algorithm (AES-256-GCM — authenticated encryption — provides both confidentiality and integrity), (2) Key management (application retrieves key from Secrets Manager at startup or per-request — don't hardcode), (3) Deterministic vs. randomized (deterministic encryption — same input = same output, allows equality search but less secure; randomized — different each time, can't search but more secure), (4) Format-preserving encryption (FFP-1 — encrypted value looks like original format — useful for payment card numbers that must fit existing field sizes), (5) Tokenization alternative (replace with token, token vault maps back — no mathematical relationship). Trade-offs: can't perform range queries on encrypted fields, performance overhead, key management complexity. When: SSNs, payment card numbers, healthcare identifiers, passwords (hash not encrypt), other high-sensitivity identifiers. CCSP: understand when application-layer encryption appropriate vs. TDE vs. network encryption."
"(ISC)2 CCSP","CCSP","700","150","125","25","180","Cloud Application Security","What is 'cloud application business continuity' testing?","A cloud provider audit of customer application architecture for high-availability design validation","Testing cloud application availability and recovery through controlled failure injection chaos engineering load testing and DR testing to validate that applications maintain service continuity under various failure conditions","Annual compliance reviews validating that cloud application security controls remain effective over time","Performance benchmarking of cloud applications to ensure they meet peak capacity requirements","B","Application BC testing: (1) Chaos engineering (AWS Fault Injection Simulator, Chaos Monkey — inject: instance failures, network latency, CPU stress, dependency failures — observe application behavior and recovery), (2) Failure mode testing (manually terminate instances — does auto-scaling replace them? Does load balancer route away from failed instance?), (3) DR failover testing (trigger regional failover to DR region — validate application functions correctly, measure actual RTO vs. target), (4) Backup restoration testing (restore from backup, validate data integrity and application function), (5) Load testing (validate application handles peak load — security relevance: resource exhaustion under load may disable security controls), (6) Dependency failure simulation (take down dependent service — circuit breaker triggers? Graceful degradation?). Security aspects: during failures, do security controls remain active? (WAF still working during auto-scaling event? Logging pipeline still accepting events during high load?). Document: scenarios tested, results, issues found, improvements made. Test at appropriate frequency: critical applications monthly chaos tests, full DR annually."
"(ISC)2 CCSP","CCSP","700","150","125","25","180","Cloud Application Security","What is 'mobile application cloud security' consideration?","A cloud provider service managing the security of mobile applications from a central console","Network security controls filtering traffic from mobile devices to cloud services","Physical security of mobile devices that access cloud-hosted applications in the workplace","Mobile applications accessing cloud backends introduce security concerns including certificate pinning bypass client-side storage of sensitive data insecure API authentication and insufficient transport layer security that differ from traditional web application security","D","Mobile cloud application security concerns: (1) Certificate pinning (prevents SSL stripping MITM — pin expected certificate or public key; bypass: Frida hooking, objection tool; implement with multiple pins and fallback), (2) API authentication (mobile app stores credentials or tokens — where? Keychain/Keystore for tokens; OAuth 2.0 with PKCE for authorization code flow; avoid embedding API keys in app binary), (3) Data in transit (enforce TLS 1.2+, certificate validation — don't disable with sslSocketFactory hacks), (4) Local storage (never store PII/credentials in plaintext SQLite, SharedPreferences, NSUserDefaults; use Keychain/Keystore for sensitive values), (5) Root/jailbreak detection (detect compromised device — may indicate elevated threat), (6) Binary analysis protection (obfuscate code, anti-tamper — harder to reverse engineer API endpoints and secrets), (7) Emulator detection (in high-security apps). Testing: MobSF (Mobile Security Framework — static analysis), frida + objection (dynamic analysis, SSL pinning bypass). OWASP Mobile Application Security Verification Standard (MASVS) — structured testing checklist."
"(ISC)2 CCSP","CCSP","700","150","125","25","180","Cloud Application Security","What is 'cloud application monitoring' for security anomalies?","Instrumenting cloud applications to detect security anomalies through application performance monitoring unusual error rates authentication failure patterns data access anomalies and business logic violations that indicate attacks or compromises","Physical monitoring of servers hosting cloud applications for environmental conditions","A compliance tool verifying that cloud applications meet documented security requirements","A cloud provider service monitoring application performance for availability and latency optimization","A","Application security monitoring instrumentation: (1) Authentication anomalies (spike in failed logins from single IP = brute force; distributed failed logins from many IPs = credential stuffing; login from unusual country for user = potential account takeover), (2) Authorization anomalies (repeated 403 errors from one user = unauthorized resource probing; sudden access to high volumes of records = potential exfiltration or BOLA exploitation), (3) Business logic anomalies (order quantities > normal range, transactions at unusual times, discount codes applied multiple times), (4) Input validation events (requests triggering WAF, requests with SQL/XSS patterns — even if blocked, alert for investigation), (5) Error rate anomalies (application error spike may indicate exploitation attempt or dependency failure), (6) Performance anomalies (CPU/memory spike may indicate cryptomining or processing unusual input — zip bomb, ReDoS). Implementation: RASP (instruments application directly — real-time detection), APM tools with security rules (Datadog, New Relic, Dynatrace — custom anomaly detection), custom metrics (publish security events as CloudWatch metrics → alert on threshold). Zero false positive design: alert only on high-confidence indicators, tune aggressively, investigate every alert."
"(ISC)2 CCSP","CCSP","700","150","125","25","180","Cloud Application Security","What is 'cloud web application security' control implementation?","A cloud provider automatic security system that protects all web applications without configuration","A compliance framework listing required security measures for web applications in cloud environments","Implementing layered web application security controls including WAF for edge protection input validation in application code output encoding to prevent XSS parameterized queries for SQL injection prevention and security headers","Network-level firewall rules that protect cloud-hosted web applications from external threats","C","Layered web application security: (1) Edge/WAF layer (AWS WAF, CloudFront, ModSecurity — block common attacks: SQLi, XSS, RFI — managed rules + custom rules), (2) Load balancer (TLS termination, security headers, rate limiting at load balancer level), (3) Application server (input validation — whitelist/allowlist approach, reject invalid; output encoding — HTML encode before rendering, prevents XSS), (4) Application code (parameterized queries for database access — never concatenate user input into SQL; ORM usage; stored procedures), (5) Security headers (HSTS, CSP, X-Frame-Options, X-Content-Type-Options, Referrer-Policy — enforce in web server config or application), (6) Authentication and session management (HTTPS only, secure cookie flags, MFA), (7) Error handling (generic errors to users, detailed internal logs), (8) RASP (runtime application self-protection — detect attacks in context). Defense in depth: each layer catches what previous layers missed. WAF bypass possible — application-layer defenses essential. Parameterized queries: cannot bypass — true fix for SQL injection. Output encoding: cannot bypass — true fix for XSS. Don't rely solely on WAF."
"(ISC)2 CCSP","CCSP","700","150","125","25","180","Cloud Application Security","What is 'cloud application security debt' and how is it managed?","A compliance penalty that organizations accumulate when failing to meet security requirements","Accumulated security vulnerabilities and risks in cloud applications resulting from delayed security remediation technical debt and architectural decisions that compromise security managed through risk-based prioritization and systematic remediation programs","Financial debt incurred by organizations spending excessive amounts on cloud security tools","Cloud provider fees for security services that accumulate when security controls are over-provisioned","B","Security debt in cloud applications: accumulates from: (1) Deferred vulnerability remediation ('fix later' accumulates — later never comes), (2) Shortcuts in development (no input validation 'for now' — becomes permanent), (3) Architectural decisions (chose convenience over security — replatforming required to fix), (4) Outdated dependencies (never updated — vulnerabilities accumulate), (5) Undocumented customizations (security-relevant changes not documented — future changes break them). Impact: each security debt item is risk — probability of exploitation × impact. Debt grows: attackers always find the oldest known vulnerabilities first. Management: (1) Inventory (track all known security issues — risk register, JIRA security label), (2) Risk-based prioritization (CVSS + EPSS + business context → priority order), (3) Quarterly debt reduction (dedicate % of sprint capacity to security debt — not just new features), (4) Technical debt reviews (architecture decisions that created debt — plan modernization), (5) Metrics (track debt balance over time — is it growing or shrinking?). Prevention: enforce security quality gates in CI/CD — don't let new debt accumulate."
"(ISC)2 CCSP","CCSP","700","150","125","25","180","Cloud Application Security","What is 'zero trust application access' and how is it implemented for cloud apps?","A cloud application design pattern eliminating all trust relationships between components","A network security approach eliminating firewalls by assuming all traffic is untrusted","A user experience design philosophy where users must trust the application to use it","Verifying every request to cloud applications regardless of network origin by checking identity device health and context before granting access using tools like identity-aware proxies and continuous verification","D","Zero trust for cloud application access: 'never trust, always verify' — even requests from internal networks. Implementation: (1) Identity-aware proxy (Google BeyondCorp, Cloudflare Access, AWS Verified Access — user authenticates with IdP, device is verified, then proxy forwards to application; application never exposed to internet directly), (2) Continuous verification (each request re-verified — not just at login; user's risk score changes → access revoked dynamically), (3) Device health check (require managed, compliant device — MDM enrollment, security software installed, OS patched), (4) Context-based access (location, time, device, behavior — all factor into access decision), (5) Microsegmentation (application-level controls — even authenticated users can only access specific application functions they're authorized for). Benefits over VPN: (1) No network-level access (users access specific application, not entire network), (2) Application-layer authorization (per-application, per-function granularity), (3) No lateral movement risk (can't pivot to other services), (4) Works from any network (not tied to VPN connection). Implementation: integrate OIDC with identity-aware proxy, configure device trust, define per-application access policies."
"(ISC)2 CCSP","CCSP","700","150","125","25","180","Cloud Application Security","What is 'cloud application penetration testing authorization' and what documentation is needed?","A government permit required before conducting security testing on cloud-hosted applications","Written authorization from the application owner and cloud provider permission to conduct penetration testing with scope definition emergency contacts rules of engagement and notification procedures documented before testing begins","Automatic authorization granted to security teams employed by organizations using cloud services","A verbal agreement between security tester and application developer sufficient for cloud pen testing","B","Pen test authorization requirements: (1) Written authorization from application owner (explicit written permission — not verbal — authorizing specific testing activities on specific systems in specific timeframe. Protect tester and organization legally), (2) Cloud provider notification (AWS: penetration testing policy — no prior approval needed for listed services EC2, RDS, etc.; prohibited activities include DDoS, DNS zone walking, port flooding. Azure: submit penetration testing notification form. GCP: acceptable use policy — no explicit approval needed for your resources), (3) Scope documentation (exactly which URLs, IP addresses, API endpoints, cloud accounts are in scope — and explicitly what is out of scope), (4) Rules of engagement (testing hours if restricted, prohibited techniques, data handling — don't exfiltrate real data even in demo, stop criteria), (5) Emergency contacts (who to call if testing causes unexpected outage or finds active attacker), (6) Third-party impacts (any third-party services in scope? Get their authorization too — payments, identity providers). Documentation: signed authorization letter, scope document, ROE document. Store securely — present if questioned. Without documentation: testing = unauthorized access = criminal liability."
"(ISC)2 CCSP","CCSP","700","150","125","25","180","Cloud Security Operations","What is 'cloud security dashboard' design for executive reporting?","A cloud provider portal showing service availability and performance metrics for planning","A financial dashboard tracking cloud security tool expenditure against approved budget","A technical monitoring interface designed for security engineers to investigate cloud threats","A visualization presenting cloud security posture in business terms that executives can act on including risk trends compliance status major incidents and investment effectiveness without requiring technical expertise to interpret","D","Executive security dashboard design: (1) Business risk language (not 'CVSS score' — 'critical vulnerabilities on customer-facing systems: 3'; not 'CSPM findings: 127' — 'high-risk misconfigurations requiring immediate action: 8'), (2) Trend arrows (improving ↑, worsening ↓, stable → — direction matters as much as current value), (3) Compliance status (traffic light — green/yellow/red per framework per environment), (4) Incidents (this month vs. last month, severity breakdown, notable incidents with brief business impact description), (5) Top 3 risks (most important risks in non-technical language with risk owner and status), (6) Investment effectiveness (last quarter we reduced critical findings by 40% through this initiative — demonstrate value), (7) Forward-looking (upcoming audit, contract renewal, compliance milestone — what's coming?). Avoid: raw alert counts, technical jargon, too much data (executives need signal not noise), historical-only (they need to know what requires their decision). Format: monthly cadence, one-page summary + appendix with detail. Audience determines content: CISO gets more technical, CEO/Board gets highest-level business risk."
"(ISC)2 CCSP","CCSP","700","150","125","25","180","Cloud Security Operations","What is 'cloud security operations automation' tooling and what processes should be automated?","Using SOAR platforms and cloud APIs to automate high-volume repetitive security tasks including alert triage enrichment and response playbooks freeing analysts for complex investigations and threat hunting","A cloud provider managed service that handles all security operations automatically for customers","Programming cloud provider services to automatically implement all security configurations","Replacing human security analysts with AI systems in cloud security operations centers","A","SOAR for cloud security: Security Orchestration, Automation and Response. What to automate: (1) Alert enrichment (alert fires → automatically: get threat intel on IP, check CMDB for affected resource owner, check if IP in allowlist, gather related events → analyst gets enriched alert vs. raw alert), (2) Routine containment (GuardDuty: cryptomining → automatically: revoke IAM role, add IP to WAF blocklist, notify resource owner → analyst reviews post-action), (3) Phishing response (phishing email → automatically: extract IOCs, check email headers, search SIEM for other recipients, report to mail gateway), (4) Vulnerability triage (new critical CVE → automatically: check if in environment, identify affected assets, create risk-prioritized ticket → analyst reviews). What NOT to automate: complex investigations, novel attack patterns, decisions with significant business impact, cases requiring judgment. Tools: Splunk SOAR, Palo Alto XSOAR, AWS Step Functions for custom playbooks, Microsoft Sentinel Automation Rules. Metrics: automated response rate, time saved per alert, false positive rate of automated actions."
"(ISC)2 CCSP","CCSP","700","150","125","25","180","Cloud Security Operations","What is 'cloud security operation' in multi-region environments?","Assigning different security teams to each cloud region based on geographic location","Operating cloud security across multiple geographic regions requires centralized visibility aggregated logging unified alerting and coordinated response capabilities while respecting data residency requirements for logs from different regions","A cloud provider service managing security operations across regions on behalf of customers","Deploying identical security tools in each cloud region independently without central coordination","B","Multi-region security operations: Challenges: (1) Visibility (events in eu-west-1 visible in SIEM configured for us-east-1?), (2) Data residency (EU security logs may not be allowed to leave EU — need EU SIEM node), (3) Latency (correlation across regions — time synchronization essential, NTP), (4) Duplicate security service configuration (GuardDuty enabled in all regions? CloudTrail in all regions? Config in all regions?), (5) Alert fatigue (individual region alerts vs. correlated multi-region alerts). Architecture: (1) Centralized SIEM with regional nodes (if data residency permits — send logs centrally), (2) Regional SIEM + centralized correlation (regional SIEMs process logs locally, forward findings to central), (3) AWS Security Lake (centralize security data across regions and accounts — OCSF normalized), (4) AWS Security Hub (aggregate findings across regions and accounts — single pane). Response: establish regional IR contacts, understand legal differences in incident response, coordinate across time zones. Governance: ensure all regions use same security baselines, periodic audit of multi-region security posture."
"(ISC)2 CCSP","CCSP","700","150","125","25","180","Cloud Security Operations","What is 'cloud security operations measurement' framework?","A regulatory requirement for cloud operations teams to report specific security metrics monthly","A cloud provider scoring system evaluating customer security program maturity annually","A financial model for calculating the total cost of cloud security operations programs","A structured approach to measuring cloud security operations effectiveness through leading and lagging indicators operational metrics and business outcome metrics that demonstrate program value and guide improvement","D","Cloud SecOps measurement framework: Leading indicators (predict future performance): (1) Coverage metrics (% assets with security monitoring, % alerts with auto-enrichment, detection coverage per ATT&CK technique), (2) Hygiene metrics (% critical patches applied within SLA, % assets with MFA enabled, CSPM misconfiguration count trend), (3) Training metrics (% analysts with current certifications, tabletop exercises completed). Lagging indicators (measure past performance): (1) MTTD (mean time to detect — from incident start to alert), (2) MTTR (mean time to respond — from alert to containment), (3) Incident count by severity and category, (4) False positive rate (% alerts that are not real threats). Business outcome metrics: (1) Risk reduction (security debt trend, critical vulnerability age), (2) Compliance (% time in compliance, audit findings count trend), (3) Cost efficiency (cost per incident, security spend as % cloud spend). Reporting: operational metrics weekly to security team, monthly to CISO, quarterly to leadership. Trend analysis: direction matters — a worsening trend even from a good starting point requires attention."
"(ISC)2 CCSP","CCSP","700","150","125","25","180","Cloud Security Operations","What is 'cloud forensics' tool selection and what capabilities are needed?","A cloud provider service that automatically performs forensic investigations on behalf of customers","Cloud forensics tools need capabilities for acquiring cloud-native evidence including API-based collection of logs snapshots and IAM records memory analysis of cloud instances and timeline reconstruction across multiple cloud services","Traditional on-premises forensic tools that have been updated to run in cloud environments","Selecting physical forensic hardware for use in cloud provider data centers during investigations","B","Cloud forensics tool requirements: (1) API-based acquisition (collect evidence without physical access — CloudTrail logs, VPC Flow Logs, GuardDuty findings, IAM activity via API calls), (2) Disk image acquisition (snapshot EBS volumes, mount in forensic VPC, analyze — tools: Loki, EC2 Snapshot Manager), (3) Memory acquisition (volatile memory from running instance — SSM Run Command → dump memory, or capture before termination), (4) Log collection (harvest all relevant logs across services and regions — custom scripts or IR platforms), (5) Timeline reconstruction (correlate events across CloudTrail, GuardDuty, VPC Flow Logs, application logs — normalize timestamps), (6) Container forensics (capture running container state, log collection from container runtime). Tools: Magnet AXIOM Cloud (cloud evidence acquisition), Cellebrite Cloud (iOS/Android/cloud), Mandiant Incident Response tools (custom cloud IR scripts), PowerForensics, Velociraptor (can query cloud APIs), GRR (Google Rapid Response — modified for cloud). DIY: boto3/Azure SDK/Google Cloud SDK Python scripts for API-based evidence collection. Pre-prepare: have tools ready before incident — emergency acquisition under pressure is error-prone."
"(ISC)2 CCSP","CCSP","700","150","125","25","180","Cloud Security Operations","What is 'cloud threat hunting' hypothesis development and what sources inform it?","A compliance-driven process determining which threats must be investigated based on regulatory requirements","Developing threat hunting hypotheses from threat intelligence threat actor TTPs industry breach reports and knowledge of the specific cloud environment's attack surface to guide proactive searches for undetected threats","Automated generation of threat hunting queries by cloud provider machine learning systems","Random exploration of cloud security logs without a specific objective to discover unknown threats","B","Hypothesis-based threat hunting: start with specific hypothesis, gather evidence, confirm or refute. Hypothesis sources: (1) Threat intelligence (threat actor targeting your industry — what TTPs do they use? Hunt for those TTPs in your cloud data: 'APT29 uses OAuth token theft — hunt for token grants from unusual locations'), (2) ATT&CK Cloud (browse cloud-specific techniques — are you detecting T1078.004 Cloud Accounts? T1530 Data from Cloud Storage Object? Hunt if not), (3) Incident retrospectives (previous incidents — 'last breach: attacker pivoted via Lambda IAM role — hunt for unusual role assumptions'), (4) Peer intel (other organizations in your sector sharing what they've found — ISAC sharing), (5) Vendor intel (CSP security bulletins, GuardDuty new finding types), (6) Technical curiosity (security engineer notices something unusual — 'we have cross-account roles that seem over-permissive — hunt for suspicious use'). Hypothesis format: 'If attacker X is present in our environment, they would [technique], which would look like [specific data pattern], and I can find it by [specific query/analysis].' Document: hypothesis, data sources, query, findings, outcome — build hunt library for repeatability."
"(ISC)2 CCSP","CCSP","700","150","125","25","180","Cloud Security Operations","What is 'cloud security communications' during incidents?","Marketing communications about cloud security capabilities to potential enterprise customers","A cloud provider customer service channel for reporting security concerns to provider support","Structured communication during cloud security incidents including internal notifications to leadership and stakeholders external notifications to regulators and affected parties and media communications managed through predetermined templates and approval processes","Technical communication between cloud security tools during automated incident response","C","Incident communications structure: Internal: (1) Initial notification (IR lead → CISO → executive stakeholder: brief factual summary — what happened, what we know, what we're doing, estimated timeline for more info), (2) Stakeholder updates (defined cadence during active incident: every 2 hours for critical, every 4 hours for high), (3) All-hands communication (if business operations affected: what to do, what not to do, who to contact). External: (1) Provider notification (notify cloud provider security team — they may have additional insight, they need to know for their operations), (2) Regulatory notification (per requirements: GDPR 72 hours, HIPAA 60 days — prepare notification templates in advance with legal), (3) Customer notification (if customer data affected — legal determines threshold and timing), (4) Law enforcement (if criminal activity — FBI, CISA for critical infrastructure). Media: (1) Designated spokesperson only — never security analysts, (2) Approved messaging — legal/PR approved before any external statement, (3) Factual and limited — 'we are investigating a security incident and will provide updates as available'. Pre-prepare: communication templates, distribution lists, spokesperson training, regulatory notification templates — ready before incident occurs."
"(ISC)2 CCSP","CCSP","700","150","125","25","180","Cloud Security Operations","What is 'cloud security resilience' testing and how is it conducted?","A cloud provider test ensuring their infrastructure remains secure during customer security incidents","Testing the ability of cloud security controls and operations to withstand and recover from failures and attacks through controlled experiments including chaos engineering disabling security services and simulating compromise scenarios","Annual certification testing verifying that cloud security controls meet resilience standards","Stress testing cloud infrastructure capacity to ensure it handles peak load without security impact","B","Security resilience testing: not just can the system function — can security controls survive stress? Test scenarios: (1) Security service failure (disable GuardDuty — does monitoring detect the gap? Does alert fire? Do compensating controls activate?), (2) SIEM outage (what happens when log aggregation fails — are logs buffered? Any detection during outage?), (3) Security team unavailability (key personnel on vacation or unreachable — can others handle incidents? Runbooks sufficient?), (4) WAF overload (flood WAF with legitimate traffic — does it degrade security under load?), (5) Automated response overload (many simultaneous incidents — does SOAR queue? Are there resource limits?), (6) Simulated compromise in production-like environment (does detection/response work end-to-end?). Chaos engineering for security: AWS FIS (Fault Injection Simulator) — inject: service unavailability, network disruption, CPU stress — observe security control behavior. GameDay: scheduled resilience testing day — inject multiple simultaneous failures, observe team response. Documentation: resilience test plan, results, gaps found, remediation, retest verification. Key insight: security controls must remain functional when infrastructure is under stress — that's when they're needed most."
"(ISC)2 CCSP","CCSP","700","150","125","25","180","Cloud Security Operations","What is 'cloud security operations' handover procedures?","A cloud provider process transferring security responsibilities when customer contracts end","A cloud migration handover where security controls transfer from old to new provider","Documented shift handover procedures ensuring that cloud security operations continue effectively across team transitions including active incident status open investigations recent alerts and any ongoing response activities","A personnel management process managing security team staffing transitions and onboarding","C","Security operations handover (shift change, team transition): Without good handover: active incidents dropped, context lost, duplicate work, delayed response. Components: (1) Incident status (all active incidents — current status, last actions, next steps, expected updates, escalation status, who is primary), (2) Open investigations (investigations in progress — what found so far, hypotheses being explored, pending actions), (3) Alert queue status (outstanding alerts awaiting triage — any high priority?), (4) Ongoing monitoring priorities (anything being watched closely — 'watching this IP which showed suspicious activity 2 hours ago'), (5) Scheduled tasks (any automated jobs running, any expected maintenance activities that may generate alerts), (6) Recent context (major incidents from past 24 hours, any new threat intel, any new detection rules added that may generate alerts). Format: structured handover document (Google Doc, JIRA, ServiceNow — persistent record), verbal briefing for critical items. Continuity: 24/7 SOC requires every shift starts with full context. Follow-the-sun model: detailed written handover essential when crossing time zones and teams. Test: incident response should be unaffected by shift change — same quality response at 3 AM as 3 PM."
"(ISC)2 CCSP","CCSP","700","150","125","25","180","Cloud Security Operations","What is 'cloud security operations center' KPI target setting?","Establishing measurable targets for cloud SOC performance metrics based on industry benchmarks historical performance and organizational risk tolerance with realistic improvement goals for MTTD MTTR and detection coverage","A cloud provider requirement specifying minimum performance levels for customer security teams","A regulatory requirement mandating specific response time targets for cloud security incidents","A financial target-setting process determining how much cloud security operations should cost","A","Cloud SOC KPI target setting: Benchmarks to use: Verizon DBIR (industry breach data — median MTTD: days to months; target: hours), Ponemon Institute reports (cost of breach by detection speed), MITRE ATT&CK Evaluations (detection coverage across techniques). Target setting approach: (1) Start with baseline (measure current performance — this is where you are now), (2) Industry benchmark comparison (where are peers? Aspirational but realistic comparison), (3) Risk-based targets (higher risk assets/environments need tighter targets — MTTD 4 hours for production vs. 24 hours for dev), (4) Improvement trajectory (realistic improvement over 12-18 months — 50% MTTD reduction is ambitious but achievable with right investments). Example targets: MTTD: Critical alerts <4 hours (initial investigation started), High <8 hours. MTTR: Critical containment <2 hours from detection, remediation <24 hours. Detection coverage: 80% of relevant ATT&CK cloud techniques with detection. False positive rate: <20% of all alerts. Alert volume per analyst: <50 alerts/day/analyst (alert fatigue threshold). MFA coverage: 100% of privileged accounts within 90 days. Communicate: targets in SLAs, review quarterly, adjust based on performance and changing risk landscape."
"(ISC)2 CCSP","CCSP","700","150","125","25","180","Cloud Security Operations","What is 'cloud security operations' for serverless workloads specifically?","A cloud provider responsibility to monitor and secure all serverless function execution automatically","A compliance requirement that serverless functions undergo annual security certification","Serverless security operations require different approaches including function-level IAM monitoring per-invocation logging aggregation of ephemeral function telemetry and specialized detection for event injection and over-privileged function execution","Standard virtual machine security operations tools applied to serverless functions without modification","C","Serverless security operations challenges: (1) No persistent instance (function executes, terminates — no long-running agent for EDR, no OS to monitor, evidence ephemeral), (2) Massive event volume (functions invoked millions of times — logging every invocation is expensive, requires sampling strategy), (3) IAM complexity (each function has its own role — monitoring for role abuse across thousands of functions), (4) Trigger diversity (functions triggered by S3, SQS, API Gateway, EventBridge — each trigger source is attack surface). Monitoring approaches: (1) CloudWatch Logs (enable function logging — capture: invocation count, errors, duration, custom application logs), (2) AWS Lambda Insights (enhanced monitoring — memory usage, cold starts, function-level metrics), (3) CloudTrail (Lambda API calls — who updated function code? Who changed IAM role?), (4) IAM monitoring (unusual API calls FROM function role — function calling services outside normal pattern), (5) Falco/CloudTrail-based detection (function execution calling unexpected AWS services). Detection: (1) Over-privileged role (function uses only 2 of 20 granted permissions — recommend reducing), (2) Event injection (function receives unusual input pattern — base64 encoded payloads, SQL characters), (3) Cold start anomaly (unusual cold start pattern may indicate new code deployed), (4) Execution anomaly (function duration 10x normal may indicate unexpected processing)."
"(ISC)2 CCSP","CCSP","700","150","125","25","180","Legal, Risk, and Compliance","What is 'cloud risk quantification' using FAIR methodology?","A regulatory framework quantifying minimum acceptable risk levels for cloud deployments","A cloud pricing analysis framework comparing risk-adjusted costs across different providers","Factor Analysis of Information Risk expresses cloud security risks in financial terms by analyzing threat event frequency vulnerability and loss magnitude to produce annualized loss expectancy used to make risk-informed investment decisions","A performance benchmarking tool quantifying cloud security effectiveness numerically","C","FAIR (Factor Analysis of Information Risk) for cloud: quantify risk in financial terms ($) for business decisions. FAIR ontology: Risk = Loss Event Frequency × Loss Magnitude. Loss Event Frequency = Threat Event Frequency × Vulnerability. Vulnerability = Threat Capability > Resistance Strength. Loss Magnitude = Primary Loss + Secondary Loss (regulatory fines, reputation, response costs). Cloud FAIR examples: (1) Data breach via misconfigured S3 bucket: Threat Event Frequency (how often do attackers find public S3 buckets? → using Shodan statistics), Vulnerability (probability they find yours given controls), Loss Magnitude (number of records × cost per record breach). Result: annualized loss expectancy = $2.4M. Compare to control cost: implementing CSPM = $50k/year → ROI = 48x. (2) Use for: security budget justification ('this $200k investment reduces risk by $1M annually'), prioritizing remediation ('these 3 vulnerabilities contribute 80% of total risk'), communicating risk to executives (financial language resonates). Tool: RiskLens (FAIR-based SaaS platform), OpenFAIR (open source model)."
"(ISC)2 CCSP","CCSP","700","150","125","25","180","Legal, Risk, and Compliance","What is 'cloud security audit' preparation and what evidence is collected?","A cloud provider inspection of customer security practices conducted by provider auditors","Preparing for cloud security audits by collecting evidence of control implementation including CSPM compliance reports IAM access reviews CloudTrail logs security testing results and continuous compliance platform exports","Scheduling cloud provider technicians to visit customer offices for physical security inspection","A financial audit of cloud security expenditure confirming appropriate use of security budget","B","Cloud audit evidence collection: Types of evidence: (1) Technical (CSPM compliance reports — show continuous compliance status, current CVSS scores showing patching program, CloudTrail logs showing no unauthorized access, access review documentation showing least privilege), (2) Documentation (security policies, procedures, IaC — shows controls are defined not just implied), (3) Testing results (pen test reports, vulnerability scan results, DR test results — shows controls validated), (4) Change management (approved change records — shows no unauthorized changes), (5) Training records (security training completion — shows human element addressed). Continuous compliance platforms (Drata, Vanta) automate: evidence collection from cloud APIs (pull CloudTrail settings, GuardDuty status, S3 encryption status), test control operating effectiveness, generate audit-ready evidence packages. Preparation timeline: 3 months before (gap assessment), 2 months (remediate gaps, collect evidence), 1 month (readiness assessment with auditors), audit week (evidence presentation). Common audit asks: MFA status for all users, access review documentation, encryption status of data stores, patch compliance statistics, incident response plan and test results. Evidence storage: immutable, time-stamped, access-controlled — auditors must trust evidence authenticity."
"(ISC)2 CCSP","CCSP","700","150","125","25","180","Legal, Risk, and Compliance","What is 'cloud service level management' and what security SLAs matter?","A technical monitoring process verifying that cloud infrastructure meets availability targets","A cloud provider performance management process ensuring their services meet advertised speeds","Managing cloud service level agreements including availability commitments incident notification timelines security assessment rights and breach notification requirements that together constitute the security service level baseline","A financial agreement specifying discounts when cloud providers fail to meet performance metrics","C","Cloud security SLA components: (1) Availability (99.99% = ~52 min downtime/year; 99.999% = ~5 min — understand provider SLA covers provider infrastructure, not customer misconfiguration), (2) Incident notification (provider commits to notify customers of incidents affecting their data — timeline: typically 'without undue delay' or within 24-72 hours depending on negotiated terms), (3) Security assessment rights (right to receive SOC 2 Type II, request questionnaire completion, conduct limited testing — provider commits to provide), (4) Breach notification (per applicable regulations — provider must notify controller within 'undue delay' under GDPR Article 33), (5) Data deletion SLA (within X days of termination — provider commits to confirm deletion), (6) Patch SLA (when does provider patch their managed services? AWS/Azure/GCP patch rapidly for critical CVEs), (7) Response time (for security incidents affecting customer — how quickly does provider engage?). Negotiate: standard SLAs favor provider — enterprise agreements may allow stronger commitments. Review annually: SLAs should reflect current regulatory requirements and risk tolerance. Credits: SLA breach may result in service credits — typically far less than actual breach cost."
"(ISC)2 CCSP","CCSP","700","150","125","25","180","Legal, Risk, and Compliance","What is 'cloud compliance monitoring' versus 'compliance reporting'?","Compliance monitoring applies only to regulated industries while reporting applies to all organizations","Compliance reporting is the primary activity and monitoring is a secondary supporting function","Both terms describe identical activities with monitoring being the real-time version of reporting","Compliance monitoring is continuous automated verification that cloud controls are operating correctly while compliance reporting generates periodic documentation of compliance status for regulators auditors and leadership","D","Monitoring vs. reporting: Continuous compliance monitoring: automated, real-time. Tools check resource configurations continuously (AWS Config, Azure Policy), immediately alert on deviations, provide always-current view of compliance posture. Security value: detect misconfiguration in hours not in annual audit cycle. Example: AWS Config rule 'S3 bucket should not allow public access' → evaluated on every bucket creation/modification → alert if violated. Compliance reporting: generate documentation of compliance status at a point in time, for a defined period. Outputs: SOC 2 report (covers 12-month period — auditor tested controls), compliance dashboard (weekly/monthly executive summary), framework-specific reports (CIS score, PCI compliance percentage), audit evidence packages. How they relate: continuous monitoring ENABLES better compliance reporting — instead of point-in-time evidence collection, draw from continuous monitoring data to show controls operating over entire reporting period. Auditors prefer: evidence from continuous monitoring (shows controls operated throughout period) vs. point-in-time (only shows status on audit day). Continuous compliance platforms (Drata, Vanta): bridge gap between monitoring and reporting."
"(ISC)2 CCSP","CCSP","700","150","125","25","180","Legal, Risk, and Compliance","What is 'cloud service provider' liability exclusion and customer impact?","A cloud provider insurance product that covers customer losses from provider security failures","Cloud providers heavily limit their liability for security failures data breaches and service disruptions through contractual caps indemnification exclusions and service credit provisions that leave customers absorbing most actual losses","A regulatory framework holding cloud providers fully liable for all customer data breaches","A contractual provision ensuring customers bear no financial liability for cloud incidents","B","Provider liability limitations: Standard cloud contracts limit provider liability to: (1) Service credits (5-10% of monthly bill for SLA breach — not actual loss), (2) Liability cap (total liability limited to fees paid in last 12 months — often $1,000-$10,000 for small customers), (3) Exclusions (consequential damages, lost profits, business interruption, reputational harm all excluded), (4) Force majeure (internet outages, natural disasters — no liability), (5) Customer misconfiguration (if customer's own configuration caused the incident — no provider liability). Practical impact: Amazon Web Services liability for a major breach might be capped at your last year's AWS bill. If AWS had outage costing you $10M in lost revenue — you may receive a credit worth hundreds of dollars. Why: cloud economics only work if provider isn't liable for all customers' damages from their incidents. Customer implications: (1) Don't rely on provider to make you whole, (2) Implement strong security controls (your breach, your liability), (3) Cyber insurance (covers what provider won't pay for), (4) Negotiate enterprise contracts (some enterprises negotiate better terms), (5) Data breach insurance (first-party and third-party cyber coverage)."
"(ISC)2 CCSP","CCSP","700","150","125","25","180","Legal, Risk, and Compliance","What is 'cloud data breach' cost analysis?","A cloud provider billing analysis determining which services are most expensive after a breach","Financial analysis of cloud data breach costs including direct costs of incident response notification and remediation and indirect costs like regulatory fines business disruption reputational damage and customer churn that inform risk quantification and security investment decisions","A technical analysis of which cloud components were responsible for causing the breach","A compliance exercise documenting all costs for regulatory reporting after a breach","B","Cloud breach cost components: IBM/Ponemon Cost of a Data Breach Report (annual): Direct costs: (1) Detection and escalation ($1.23M average — forensic investigation, crisis management), (2) Notification ($290k — legal fees, notification services, credit monitoring for affected), (3) Post-breach response ($1.56M — helpdesk, identity theft protection, remediation), (4) Lost business ($1.59M — customer churn, system downtime, brand damage). Regulatory: GDPR fines (up to 4% global revenue or €20M — Meta fined €1.2B), CCPA ($100-$750 per record, private right of action), HIPAA ($100-$50,000 per violation), PCI DSS fines (up to $100k per month). Average total breach cost: $4.45M (2023) — cloud breaches historically slightly higher due to volume of data. Cloud-specific factors: (1) Data volume (cloud stores more data — breach impact potentially larger), (2) Detection time (organizations with cloud security tools detect faster — shorter dwell time = lower cost), (3) Encryption (encrypted data breach has lower cost — safe harbor in some jurisdictions). Use in risk quantification: annual breach probability × expected cost = annualized risk for FAIR analysis."
"(ISC)2 CCSP","CCSP","700","150","125","25","180","Legal, Risk, and Compliance","What is 'cloud incident regulatory impact' assessment?","A technical analysis of which regulatory controls failed during a cloud security incident","Analyzing cloud security incidents for regulatory notification obligations financial reporting requirements law enforcement involvement requirements and potential regulatory enforcement actions that may follow from the incident","A cloud provider assessment of how customer incidents affect their own regulatory standing","A compliance requirement for cloud providers to assess regulatory impact of customer incidents","B","Regulatory impact assessment after cloud incident: (1) Data breach notification analysis: What data was exposed? (PHI → HIPAA; PII of EU residents → GDPR; PII of California residents → CCPA; payment cards → PCI DSS). How many individuals affected? Which notification authority? (HIPAA: HHS OCR; GDPR: national DPA; CCPA: AG). Timeline from discovery: GDPR 72 hours, HIPAA 60 days, state breach laws vary. (2) Financial reporting: SEC: public companies must disclose material cybersecurity incidents — 'material' = reasonable investor would consider important, 4-business-day deadline for Form 8-K, annual disclosures of material incidents. (3) Financial sector specific: FFIEC guidance, DORA (EU), FCA notifications required. (4) Law enforcement: ransomware — consider OFAC sanctions risk before paying ransom (if paying sanctioned entity = additional regulatory violation). Critical infrastructure: CISA reporting requirements. (5) Insurance notification: trigger cyber insurance claim early — waiting may affect coverage. Pre-plan: map all potential notification requirements before incident, maintain template notifications, have counsel on retainer for incident. Document timeline: when discovered, when analyzed for notification obligation, when notified — regulators look for prompt notification."
"(ISC)2 CCSP","CCSP","700","150","125","25","180","Legal, Risk, and Compliance","What is 'cloud third-party risk' program specific to SaaS applications?","A financial audit of SaaS subscription costs and license utilization across the organization","A program managing risks from SaaS applications used by the organization including data handling assessment DPA execution security questionnaire review and ongoing monitoring for changes to provider security practices","A procurement process comparing SaaS application features and pricing across vendors","A technical integration program connecting SaaS applications to organizational cloud infrastructure","B","SaaS third-party risk program: Organizations use 100+ SaaS applications (Salesforce, Workday, Slack, Zoom, etc.) — each is a third-party processor. Program: (1) Inventory (catalog all SaaS applications including shadow IT discovered via CASB — know what you have), (2) Tier by risk (Tier 1 = sensitive data, critical business process; Tier 3 = low sensitivity, nice-to-have tool), (3) Due diligence by tier (Tier 1: SOC 2 Type II review, security questionnaire, DPA review, legal contract review. Tier 3: basic questionnaire, standard contractual terms), (4) DPA execution (for any SaaS processing personal data — GDPR requires written DPA), (5) Ongoing monitoring (annual re-assessment for Tier 1, SOC 2 renewal verification, track breach news for vendors, monitor for security incidents at vendors), (6) Offboarding (when terminating SaaS: confirm data deleted, revoke OAuth access, deactivate accounts, remove from inventory). CASB: discovers unauthorized SaaS usage, risk-rates applications, enforces policy. Concentration: excessive dependence on single SaaS provider — evaluate concentration risk for critical processes."
"(ISC)2 CCSP","CCSP","700","150","125","25","180","Legal, Risk, and Compliance","What is 'cloud security risk acceptance' process and governance?","A compliance approach accepting regulatory requirements as the baseline for security decisions","A technical process automatically accepting and closing low-risk security findings in CSPM tools","A formal process for documenting reviewing and approving decisions to accept cloud security risks that cannot be mitigated within acceptable cost or operational constraints with specific accountable approvers based on risk magnitude","A cloud provider process accepting liability for security risks on behalf of customers","C","Risk acceptance process: formal, documented, time-limited, with appropriate authority. Elements: (1) Risk description (specific vulnerability or gap — not generic 'we accept this finding'), (2) Justification (why can't we mitigate? Cost? Technical constraint? Operational impact?), (3) Compensating controls (what alternative controls partially address the risk?), (4) Risk rating (what is the residual risk level? Be honest), (5) Approver (appropriate authority for risk level — Low: security manager; Medium: CISO; High: CTO/CRO; Critical: Board level), (6) Expiration (review date — typically 6 months to 1 year — risk doesn't disappear, must be reassessed), (7) Affected systems/data (scope of accepted risk), (8) Owner (who monitors the accepted risk for changes?). Governance: risk register maintained, exceptions reviewed in monthly/quarterly risk reviews, escalation if risk changes, report accepted risk total to executive leadership. Audit: risk acceptance documentation is key audit evidence — regulators want to see formal, authorized decisions rather than informally ignored findings. Problem: 'accept' button in CSPM tools without formal process → not a real risk acceptance → compliance failure."
"(ISC)2 CCSP","CCSP","700","150","125","25","180","Legal, Risk, and Compliance","What is 'cloud governance' framework implementation roadmap?","A phased plan for establishing cloud governance including policy development organizational structure tooling deployment and process implementation with quick wins in first 90 days and sustained improvements over 12-18 months","A regulatory compliance calendar listing when cloud governance activities must be completed","A financial plan for cloud security governance tool procurement and staffing","A cloud provider deployment plan for implementing security infrastructure for customers","A","Cloud governance implementation roadmap: Phase 1 — Foundation (90 days): quick wins. (1) Establish cloud governance policy (acceptable use, security standards, data classification), (2) Inventory existing cloud usage (accounts, services, data), (3) Enable foundational controls (CloudTrail in all accounts/regions, GuardDuty, Security Hub — quick wins with significant security value), (4) Tagging strategy (define and begin enforcing required tags), (5) Account structure review (are environments separated?). Phase 2 — Structure (6 months): (1) Implement SCPs/Org Policies (preventive guardrails), (2) CSPM deployment (continuous compliance monitoring), (3) Security baseline enforcement (CIS Benchmarks), (4) IAM review and cleanup (right-size permissions), (5) Compliance framework mapping (map to PCI/HIPAA/SOC 2 as applicable). Phase 3 — Maturity (12-18 months): (1) Automation (auto-remediation for common findings), (2) Security operations (SOC procedures, playbooks, metrics), (3) Developer enablement (secure IaC templates, training), (4) Vendor management program (SaaS risk program), (5) Continuous improvement (metrics, benchmarking, tooling refinement). Success factors: executive sponsorship, cross-functional team, phased approach, metrics from day 1."
"(ISC)2 CCSP","CCSP","700","150","125","25","180","Legal, Risk, and Compliance","What is 'cloud privacy program' implementation for cloud environments?","Building a privacy program for cloud deployments including privacy by design principles data mapping for ROPA purposes consent management implementation privacy impact assessments and data subject rights fulfillment processes","A marketing program demonstrating the organization's commitment to cloud security to customers","A cloud provider service that automatically ensures all customer data handling meets privacy laws","A training program educating cloud administrators about employee privacy rights in the workplace","A","Cloud privacy program components: (1) Data mapping (ROPA — Records of Processing Activities for GDPR: purpose of processing, data categories, legal basis, data subjects, retention period, recipients, cross-border transfers. Map cloud services to data flows). (2) Privacy by design (embed privacy into cloud architecture from start: data minimization, default privacy settings, encryption, access controls, retention automation). (3) Consent management (if processing on consent basis: capture, store, honor consent; integrate with cloud applications for preference capture and enforcement). (4) Data subject rights automation (GDPR provides rights: access, rectification, erasure, portability, restriction, objection. Need processes and cloud tooling to fulfill: search all cloud stores for individual's data, extract/delete on request). (5) Privacy impact assessments (DPIA for high-risk processing: conduct before deploying new cloud processing activities involving personal data). (6) Privacy training (all staff — data handling in cloud; developers — privacy by design; HR/legal — data subject rights handling). (7) Vendor management (ensure DPAs with all cloud processors). (8) Breach management (notification procedure, regulatory reporting). Tools: OneTrust, TrustArc, Securiti.ai — privacy management platforms with cloud integrations."
"(ISC)2 CCSP","CCSP","700","150","125","25","180","Legal, Risk, and Compliance","What is 'cloud security due diligence' in vendor relationships?","A legal review ensuring cloud vendor contracts comply with applicable regulations","A systematic assessment of cloud vendor security practices including reviewing their certifications audit reports security questionnaires subprocessor lists and contractual security commitments before and during vendor relationships","A technical test of cloud vendor performance conducted before signing service agreements","A financial review of cloud vendor pricing to ensure value for security service purchases","B","Cloud vendor security due diligence: Initial assessment: (1) Certification review (current SOC 2 Type II — check: report date within 12 months, scope covers services you'll use, qualified opinion?, ISO 27001 certificate valid?), (2) Questionnaire (CSA CAIQ provides 294 questions covering CCM domains; custom questionnaire for specific concerns; SIG Lite/SIG Core for thorough assessment), (3) Contract review (DPA, security addendum, SLA, liability provisions, audit rights, breach notification, data deletion), (4) Subprocessor review (who processes data on vendor's behalf? Do you accept those subprocessors?), (5) Reference checks (speak with similar customers about security incidents and response quality). Ongoing monitoring: (1) Annual reassessment (re-request SOC 2 when renewed, annual questionnaire for Tier 1), (2) Security news monitoring (vendor breach news — how did they respond?), (3) Subprocessor change notifications (GDPR requires notification of material subprocessor changes), (4) Certification renewal tracking (know when certs expire — lapse indicates security program degradation). Risk rating: score each vendor by data sensitivity × security posture → determines monitoring intensity and remediation urgency."
"(ISC)2 CCSP","CCSP","700","150","125","25","180","Legal, Risk, and Compliance","What is 'regulatory cloud audit' by supervisory authorities?","Cloud provider audits of customer compliance conducted on behalf of regulatory agencies","Government and regulatory authority inspections of organizations' cloud deployments to verify compliance with applicable laws and regulations which may require demonstrating security controls to regulators who have increasingly specific cloud knowledge","Annual self-assessment reports submitted by organizations to regulators about cloud usage","Cloud provider regulatory registrations required before offering services in specific countries","B","Regulatory cloud audits: Government agencies increasingly audit cloud deployments directly. Examples: (1) Financial regulators (OCC, FDIC, FCA, ECB — bank examiners now asking specifically about cloud controls: 'Show us your cloud IAM controls', 'How do you manage configuration drift?'), (2) Data protection authorities (ICO, CNIL, EDPB — GDPR enforcement audits examining cloud processors and data transfers), (3) Healthcare (HHS OCR — HIPAA compliance audits including cloud storage of PHI), (4) Defense (DCSA — facilities clearance audits increasingly include cloud components). What regulators examine: cloud provider agreements (DPAs, SLAs), access controls (IAM screenshots, access review evidence), encryption (evidence of encryption at rest and transit), logging (CloudTrail exports, audit trails), incident response (IR plan, test results), data residency compliance (configuration screenshots showing region restrictions). Preparation: run compliance reports from continuous compliance platform, prepare pre-built evidence packages for common audit requests, assign regulatory liaison who understands cloud technical controls, brief technical staff on how to demonstrate controls to non-technical auditors. Know which specific cloud services process regulated data and which controls apply."
"(ISC)2 CCSP","CCSP","700","150","125","25","180","Legal, Risk, and Compliance","What is 'cloud contractual risk transfer' and what mechanisms are used?","A financial instrument allowing organizations to sell cloud security risk to investment banks","Shifting cloud security risk to other parties through contractual mechanisms including cloud provider security commitments cyber insurance indemnification clauses and vendor liability provisions","A legal strategy transferring all cloud security liability exclusively to cloud providers","A regulatory approach requiring governments to absorb financial losses from cloud breaches","B","Risk transfer mechanisms: (1) Cloud provider contract (provider agrees to specific security standards, breach notification obligations, some liability — though heavily limited/capped as discussed), (2) Cyber insurance (transfer financial risk of breach to insurer — first-party: covers your costs; third-party: covers claims from affected individuals/organizations), (3) Vendor indemnification (if using SaaS that processes your customer data and SaaS vendor is breached — contract requires vendor to indemnify you for losses caused by their failure), (4) Customer contracts (pass-through requirements to your customers — 'we are not liable for cloud provider outages beyond our control'), (5) Professional liability (errors and omissions insurance for security-related professional services). Limits of transfer: cannot transfer regulatory liability (GDPR fines are yours regardless of who caused the breach), cannot transfer reputational damage (customers lose trust in your organization not the cloud provider), cannot transfer operational disruption (business still stops even if insured). CCSP: risk transfer is one of four risk treatment options alongside avoidance, mitigation, acceptance."
"(ISC)2 CCSP","CCSP","700","150","125","25","180","Cloud Concepts, Architecture, and Design","What is 'cloud computing' adoption driver and what security considerations arise from each?","Cloud adoption drivers include cost efficiency agility global reach and managed services each introducing security considerations such as shared infrastructure risks accelerated change pace cross-border data flows and reduced visibility into managed service internals","Cloud adoption is driven exclusively by cost reduction with no other business benefits involved","Security considerations only arise from cloud adoption if the organization stores sensitive data","Cloud adoption drivers and security considerations are entirely separate concerns with no relationship","A","Cloud adoption drivers and security implications: (1) Cost efficiency (shared infrastructure = multi-tenancy risk; pay-per-use = security tools also pay-per-use — may be disabled to save cost), (2) Agility/Speed (faster deployment = faster deployment of misconfigurations; CI/CD pipelines = new attack surface), (3) Global reach (data flows cross borders = sovereignty and compliance complexity; global CDN = broader attack surface), (4) Managed services (provider manages more = less visibility; provider updates may change behavior unexpectedly; trust in provider increases), (5) Innovation/New capabilities (serverless, ML services = new attack surfaces without established security playbooks; rapid feature releases = new capabilities with unknown security implications), (6) Scalability (security controls must scale with workload — security bottlenecks in scaling path), (7) Resilience (provider has massive redundancy — but shared components mean provider-wide incidents affect all customers). Security must keep pace with each adoption driver — agility without security is risk."
"(ISC)2 CCSP","CCSP","700","150","125","25","180","Cloud Platform and Infrastructure Security","What is 'cloud infrastructure as code security scanning' and what tools are used?","A performance testing methodology for cloud infrastructure code before production deployment","A physical inspection of server hardware before cloud infrastructure deployment begins","Automated security scanning of Terraform CloudFormation Pulumi and other IaC templates before deployment to detect misconfigurations policy violations and security anti-patterns using tools like Checkov tfsec and KICS","A cloud provider service validating customer IaC templates before allowing their deployment","C","IaC security scanning: catch misconfigurations before deployment. Tools: (1) Checkov (Bridgecrew/Palo Alto): Python, supports Terraform/CloudFormation/Kubernetes/ARM/Bicep/Dockerfiles — 2000+ built-in checks, custom policies in Python or YAML), (2) tfsec (Terraform-specific, fast, opinionated checks, now maintained as Trivy's built-in), (3) Trivy (Aqua Security — all-in-one: IaC scanning + container image scanning + SBOM + secret detection), (4) KICS (Keeping Infrastructure as Code Secure — Checkmarx): supports 24+ IaC platforms), (5) Semgrep (custom rules for any code including IaC), (6) AWS CloudFormation Guard (policy-as-code for CloudFormation), (7) Snyk IaC. What they find: S3 bucket without encryption, security group allowing 0.0.0.0/0, IAM role with wildcard permissions, unencrypted RDS instance, logging not enabled. CI/CD integration: run in pull request — block merge if critical findings; developer sees findings in their workflow. Shift left: find misconfiguration in code review, not after deployment. Policy as code: organization-specific policies enforce internal security standards beyond generic checks."
"(ISC)2 CCSP","CCSP","700","150","125","25","180","Cloud Security Operations","What is 'cloud security alerting' strategy and what makes effective alerts?","A cloud provider service that generates all security alerts automatically without customer configuration","Effective cloud security alerts are high-fidelity actionable and specific providing enough context for analysts to triage quickly with low false positive rates that prevent alert fatigue from desensitizing analysts to real threats","Maximizing alert volume to ensure no security events are ever missed regardless of analyst capacity","A compliance requirement specifying which security events must generate alerts for regulatory purposes","B","Effective alert design principles: (1) High fidelity (low false positive rate — alert fires = very likely real threat; tune relentlessly, each false positive investigated wastes analyst time and erodes trust in alerting system), (2) Actionable (alert contains enough info to take action — who, what, where, when, severity, recommended action; analyst shouldn't need to hunt for context), (3) Context-enriched (auto-enrich with: asset owner, asset criticality, threat intel match, related recent events — reduce analyst investigation time), (4) Severity calibrated (critical = page on-call immediately; low = daily digest — alert severity must match response urgency), (5) Deduplicated (same event shouldn't generate 100 alerts — grouping/correlation, one alert per incident not one per log line), (6) Escalation path clear (each alert type has defined response procedure, escalation path), (7) SLA defined (critical alert: responded to within 15 minutes; high: within 1 hour). Anti-patterns: alert on everything (fatigue), no context (analyst must investigate to understand), no clear action (what am I supposed to do with this?), no priority differentiation (everything is critical). Metrics: alert-to-incident ratio (high = good fidelity), MTTD from alert creation to analyst assignment."
"(ISC)2 CCSP","CCSP","700","150","125","25","180","Cloud Data Security","What is 'data loss' prevention versus 'data leak' prevention distinction?","Data loss applies to unstructured data while data leak applies only to structured database records","Data loss refers to data becoming permanently unavailable through accidental deletion hardware failure or ransomware while data leak refers to unauthorized disclosure of data to parties who should not have it with DLP tools addressing the leak scenario","Data loss and data leak are identical terms used interchangeably in cloud security documentation","Data loss is an accidental event while data leak is always an intentional malicious action","B","Data loss vs data leak: Data Loss: data becomes inaccessible or permanently deleted. Causes: accidental deletion (developer runs rm -rf in wrong S3 bucket), hardware failure (unlikely in cloud — redundancy), ransomware (encrypts data, makes inaccessible without paying), software bugs (corruption). Prevention: backup and versioning (S3 Object Lock, versioning, cross-region backup), deletion protection (AWS deletion protection on RDS, Terraform lifecycle prevent_destroy), access controls (restrict delete permissions). Data Leak (exfiltration/disclosure): data accessed or copied by unauthorized parties. Causes: misconfigured public S3 bucket, insider exfiltration, external attacker, accidental sharing. Prevention: DLP (Data Loss Prevention tools — misnamed! They prevent data LEAK not data loss), access controls, CASB, egress monitoring. DLP (the technology): monitors data movement, detects policy violations, prevents unauthorized transmission — addresses leak not loss. Term confusion: industry uses 'DLP' for leak prevention, 'backup' for loss prevention. CCSP: understand the distinction — different threats require different controls."
"(ISC)2 CCSP","CCSP","700","150","125","25","180","Cloud Application Security","What is 'cloud application security champion' role and what do they do?","External security consultants who specialize in cloud application security assessments","Dedicated security engineers who replace all security review responsibilities within development teams","Executive sponsors who champion cloud security budget requests to organizational leadership","Security champions are developers or engineers with security interest and training who serve as security liaisons within their development teams providing security guidance on design reviews and reducing bottlenecks to security team","D","Security champion program: scale security expertise without growing security team proportionally. Role: (1) Design reviews (participate in architecture reviews within their team — apply security lens, catch issues early), (2) Threat modeling (facilitate STRIDE analysis for team's features), (3) Security tooling (help team use SAST, SCA, secrets scanning tools correctly — interpret results, prioritize findings), (4) Vulnerability triage (help developers understand and prioritize security findings — what's real vs. false positive), (5) Training (bring security awareness to team — new attack techniques, secure coding patterns), (6) Security feedback (channel security concerns from development team to security team — bidirectional communication). Champion enablement: dedicated training (OWASP, cloud security), regular champion meetings (share learnings across teams), recognition (career development path), access to security team as escalation path. Benefits: security review without bottleneck, developers learn from peer (trusted voice, not compliance enforcer), earlier detection. Challenge: time allocation (development managers resist 'taking' engineers for security work — need executive support and protected time)."
"(ISC)2 CCSP","CCSP","700","150","125","25","180","Cloud Platform and Infrastructure Security","What is 'cloud security posture' drift detection and why is it important?","Detecting when cloud resource configurations diverge from their secure baseline over time which is important because configuration drift is the primary cause of cloud security incidents and cloud environments change constantly through automated and manual processes","A compliance tracking method measuring when security certifications expire and need renewal","A performance monitoring technique detecting when cloud infrastructure slows below acceptable levels","A financial monitoring approach detecting unexpected changes in cloud infrastructure spending","A","Configuration drift detection: cloud changes constantly — IaC deployments, console changes, automated systems, provider updates. Without detection: compliant today, non-compliant tomorrow. Why drift happens: (1) Manual console changes (bypassing IaC review process), (2) Emergency changes (incident response changes left in place), (3) Automated processes (Lambda modifying resources, auto-scaling group settings changed), (4) Provider changes (managed service configuration updates), (5) Human error (misconfiguration during legitimate maintenance). Detection methods: (1) AWS Config (continuously compares resource configurations to defined rules — reports non-compliant resources immediately), (2) Terraform plan (shows drift between deployed state and code — 'what would change if we applied?'), (3) CSPM tools (continuously scan for misconfigurations — alert on new findings), (4) CloudTrail + alerting (alert on specific configuration changes — e.g., any security group modification triggers alert). Importance: misconfiguration is #1 cause of cloud breaches (Capital One, Twitch, etc.) — drift creates misconfigurations. Continuous detection + rapid remediation = small exposure window. Prevention approach: restrict who can make manual changes (SCPs prevent console changes, require IaC)."
"(ISC)2 CCSP","CCSP","700","150","125","25","180","Legal, Risk, and Compliance","What is 'cloud security program' annual review and what should it assess?","A comprehensive annual evaluation of the cloud security program examining control effectiveness emerging threats regulatory changes budget utilization and strategic alignment to update the security roadmap for the coming year","An annual financial audit of cloud security tool costs and vendor contract renewals","A regulatory requirement for annual disclosure of cloud security program details to authorities","A cloud provider yearly inspection of customer security controls for compliance verification","A","Annual cloud security program review components: (1) Threat landscape update (how have threats evolved? New attack techniques targeting cloud? New threat actors? Changes in attack surface?), (2) Control effectiveness review (did security controls prevent/detect incidents? What gaps did incidents reveal? Red team/pen test findings?), (3) Regulatory change assessment (new regulations affecting cloud? Changes to existing regulations? Upcoming compliance deadlines?), (4) Risk register review (update risk ratings based on year's experience, add new risks, close addressed risks, escalate worsening risks), (5) Security program metrics review (how did MTTD, MTTR, compliance scores trend? Where is improvement? Where did we regress?), (6) Budget review (did we spend efficiently? What provided most value? What should we stop funding?), (7) Strategic alignment (is security program aligned to business objectives? Is cloud strategy changing — new cloud services, regions, workloads?), (8) Roadmap development (based on above: what are top 5-10 security investments for coming year?). Output: updated security roadmap, budget proposal, board/executive presentation. Timing: Q4 for input to annual planning, Q1 for review of prior year. Stakeholders: CISO, security team leads, business unit leaders, audit committee."
"(ISC)2 CCSP","CCSP","700","150","125","25","180","Cloud Concepts, Architecture, and Design","What is 'cloud security' first principles approach to architecture?","A risk management approach accepting all cloud risks as acceptable given cloud provider security","A methodology requiring security architects to design cloud systems without using vendor documentation","A compliance approach using only government-mandated security standards for cloud architecture","Designing cloud security from fundamental security principles rather than copying on-premises security patterns recognizing that cloud's programmable elastic API-driven nature enables new security approaches that are more effective than traditional perimeter-based models","D","First principles cloud security: don't just lift-and-shift security mindset. Core principles rethought for cloud: (1) Identity is the new perimeter (network location doesn't imply trust — IAM everywhere, zero trust by default), (2) Encryption is cheap (use it everywhere — cloud providers handle key management, performance overhead minimal), (3) Logging is cheap (log everything — cloud storage cheap, generate rich audit trails), (4) Immutability beats maintenance (replace don't patch — consistency, no drift, forensically clean), (5) Automation beats manual (cloud scale makes manual impossible — automate security by default), (6) Everything is code (infrastructure, security policy, compliance checks — version control, review, test), (7) Assume breach (design for detection and response, not just prevention — attackers will get in), (8) Shared responsibility understood (know exactly which layer you're securing), (9) Elasticity applies to security (security controls must scale with workload). Contrast with perimeter thinking: 'we have a firewall = we are secure' (wrong in cloud). API-driven = attackers use APIs too — identity and API security primary. Cloud-native security: use provider-native tools built for cloud scale, not on-premises tools adapted to cloud."
"(ISC)2 CCSP","CCSP","700","150","125","25","180","Cloud Security Operations","What is 'cloud security operations' documentation and why does it matter?","Cloud provider technical documentation that security teams use to configure security services","A project management deliverable tracking completion of cloud security implementation tasks","A compliance documentation requirement for regulatory submissions about cloud security practices","Comprehensive documentation of cloud security operations including runbooks playbooks architecture diagrams and procedures that enables consistent repeatable responses and ensures operations continue effectively during personnel changes","D","Cloud SecOps documentation value: security operations fail when undocumented. Types: (1) Runbooks (step-by-step procedures for specific scenarios: 'How to investigate GuardDuty finding X', 'How to respond to compromised access key' — removes uncertainty during stressful incident), (2) Playbooks (higher-level response plans for incident categories: ransomware playbook, data breach playbook — who to notify, what decisions to make, what external resources to engage), (3) Architecture diagrams (current cloud architecture including security controls placement — required for threat modeling, forensics, onboarding), (4) Security control inventory (what controls are deployed where, who manages them, how they're configured — required for audit evidence), (5) Alert descriptions (what does each alert mean, why it fires, initial triage steps), (6) Escalation paths (who to call at 3 AM for each incident type — regularly updated contact list), (7) Recovery procedures (how to restore from backup, how to rebuild compromised instance, how to fail over to DR). Maintenance: runbooks and playbooks go stale — review after every incident, quarterly review for non-incident updates. Test documentation: tabletop exercises reveal gaps in written procedures. Bus factor: can any team member execute critical procedures or only one person?"
"(ISC)2 CCSP","CCSP","700","150","125","25","180","Cloud Data Security","What is 'cloud encryption algorithm selection' and what is currently recommended?","Current cloud encryption recommendations include AES-256-GCM for symmetric encryption RSA-3072 or ECDSA-256 for asymmetric TLS 1.3 for transport and SHA-256 or SHA-3 for hashing avoiding deprecated algorithms like DES 3DES RC4 and MD5","All encryption algorithms are equally acceptable as long as encryption is implemented consistently","Cloud providers automatically select the strongest encryption algorithms without customer choice","Encryption algorithm selection is a regulatory decision not a technical security decision","A","Cloud encryption algorithm recommendations (2024): Symmetric: AES-256-GCM (authenticated encryption — confidentiality + integrity in one; FIPS 140-2 approved; AWS KMS default for CMKs; preferred over AES-CBC which requires separate MAC). AES-128-GCM (acceptable, slightly less secure but significant performance advantage for some use cases). Avoid: DES (56-bit, broken), 3DES (deprecated in TLS 1.3), RC4 (broken). Asymmetric: RSA-3072 (secure through 2030+; use 4096 for long-term keys), ECDSA/ECDH P-256 (equivalent security to RSA-3072 with smaller keys, faster operations — preferred for TLS and certificates), EdDSA (Ed25519 — modern, fast, secure). Avoid: RSA-1024 (broken), RSA-2048 (marginal for long-term — still widely used, acceptable for shorter-term). Hashing: SHA-256 or SHA-3-256 minimum; SHA-384 or SHA-512 for stronger. Avoid: MD5 (broken — still seen in checksums, never for security), SHA-1 (deprecated — Chrome distrusts SHA-1 certificates). TLS: TLS 1.3 (preferred — forward secrecy mandatory, simplified cipher suite), TLS 1.2 (acceptable with good cipher selection), TLS 1.0/1.1 (disabled — required by PCI DSS v4.0). Post-quantum: NIST standardizing new algorithms — begin quantum readiness assessment for long-lived keys."
"(ISC)2 CCSP","CCSP","700","150","125","25","180","Cloud Platform and Infrastructure Security","What is 'cloud endpoint detection and response' (EDR) deployment in cloud?","A cloud backup service that retains historical endpoint states for recovery after security incidents","Deploying EDR agents on cloud virtual machines to provide behavioral monitoring threat detection memory analysis and incident response capabilities for persistent workloads where OS-level visibility is required","Network-based detection deployed at cloud perimeter to monitor all traffic to cloud workloads","A cloud provider service automatically monitoring all customer virtual machines for malicious activity","B","Cloud EDR deployment: persistent VM workloads benefit from OS-level visibility that flow logs and CloudTrail don't provide. EDR capabilities on cloud VMs: (1) Process monitoring (detect malicious process execution, unusual parent-child relationships), (2) Memory analysis (detect fileless malware, process injection), (3) File monitoring (detect modifications to system files, unusual file creation), (4) Network connections (process-level network connections — which process made connection to where), (5) Behavioral detection (ML-based anomaly detection on endpoint behavior), (6) Threat hunting (search across fleet for indicators). Deployment considerations: (1) Auto-scaling (agent must auto-install on new instances — use Auto Scaling lifecycle hooks, Systems Manager Distributor, or baked into AMI), (2) Immutable infrastructure (if replacing instances on update, agent installs on new instances from base image), (3) Container hosts (host-based EDR on EC2 running containers — see container-level events through host), (4) Performance (agent overhead — test before deployment, may affect right-sizing), (5) Not for serverless (no persistent OS for Lambda/Cloud Functions). Vendors: CrowdStrike Falcon, SentinelOne, Microsoft Defender for Endpoint, AWS Systems Manager/Inspector for lighter-weight options."
"(ISC)2 CCSP","CCSP","700","150","125","25","180","Cloud Application Security","What is 'cloud application secrets' rotation policy and implementation?","A manual procedure where developers update application secrets during scheduled maintenance windows","A policy defining how frequently different types of application secrets are rotated with implementation through Secrets Manager rotation functions or manual processes ensuring applications handle secret refresh without service interruption","A cloud provider automatic process rotating all application secrets without customer involvement","A compliance requirement specifying which secrets must never be rotated to maintain audit trails","B","Application secrets rotation policy: Rotation frequency by secret type: (1) Database passwords (90 days or less — AWS Secrets Manager automates for RDS; Lambda rotation function changes password in database and updates secret simultaneously), (2) API keys for external services (annually or upon any personnel change who had access), (3) TLS certificates (AWS ACM: auto-renews at 60 days before expiry; non-ACM: script or ACME protocol automation), (4) IAM access keys (90 days — or better: eliminate access keys using IAM roles), (5) Service account credentials (90 days), (6) Encryption keys (annually for symmetric — via KMS rotation policy). Zero-downtime rotation: (1) Create new secret value, (2) Update secret in Secrets Manager, (3) Applications using SDK with caching automatically refresh (cache TTL usually 5 min), (4) Verify new secret works, (5) Delete old secret value. Application design: never assume a cached secret is always valid — implement retry with fresh secret fetch on auth failure. Testing rotation: test rotation in staging before production, verify application doesn't fail during rotation. Emergency rotation: if secret suspected compromised — rotate immediately using same process, then investigate scope of exposure."
"(ISC)2 CCSP","CCSP","700","150","125","25","180","Cloud Security Operations","What is 'cloud security automation' error handling and testing?","Ensuring cloud security automation scripts and playbooks have proper error handling to fail safely alert on failures and are regularly tested to verify they work correctly before they are needed during actual security incidents","A development methodology requiring security automation code to be written before implementation","A compliance requirement documenting all automated security processes for audit purposes","A cloud provider quality assurance process testing all security automation before release","A","Security automation reliability: automation that fails silently during an incident = no automation. Error handling: (1) Fail safe (if automation fails, default to secure state — if 'block suspicious IP' automation fails, log and alert rather than silently do nothing), (2) Idempotent design (automation can run multiple times without harmful side effects — adding the same IP to blocklist twice = no problem), (3) Rollback capability (if auto-remediation makes things worse, ability to reverse — don't auto-remediate without rollback plan), (4) Alerting on failure (automation failure should alert — 'S3 public access remediation Lambda failed: 403 Forbidden'), (5) Timeout handling (don't hang indefinitely on API calls — timeouts with retry logic), (6) Input validation (don't act on malformed alert data — validate before taking action). Testing: (1) Unit tests (test automation code logic in isolation), (2) Integration tests (test against real cloud environment in non-production — verify API calls work, permissions correct), (3) Scheduled execution tests (run playbooks quarterly in sandbox — verify they still work, permissions haven't changed), (4) Tabletop exercises (walk through automation scenarios, validate human+automation coordination), (5) Game days (inject real failure scenarios, verify automation responds correctly). Documentation: what automation does, what happens on failure, how to manually override."
"(ISC)2 CCSP","CCSP","700","150","125","25","180","Legal, Risk, and Compliance","What is 'cloud security program' budget justification methodology?","A regulatory requirement for cloud security teams to document their spending to compliance officers","A procurement process for obtaining competitive bids on cloud security tools and services","Quantifying the business value of cloud security investments through risk reduction calculations (FAIR), regulatory compliance cost avoidance, breach cost prevention, and efficiency gains that demonstrate ROI to leadership","A financial accounting methodology for categorizing cloud security expenditures correctly","C","Cloud security budget justification: (1) Risk reduction quantification (FAIR analysis: without control, expected annual loss = $X; with control, expected annual loss = $Y; risk reduction = $X - $Y; if control costs less than risk reduction, positive ROI), (2) Compliance cost avoidance (GDPR fine for breach: up to 4% revenue; if control prevents breach: regulatory fine avoided = security investment ROI), (3) Breach cost prevention (IBM Ponemon: average breach $4.45M; probability of breach × breach cost = risk; security investment reduces probability), (4) Efficiency gains (SOAR reduces alert investigation time from 20 min to 5 min × 200 alerts/day × $50/hour analyst cost = $125k/year savings), (5) Cyber insurance premium reduction (strong security program = lower insurance premiums — quantify difference), (6) Business enablement (security controls enable new business: 'SOC 2 certification enabled $5M contract that required it'). Presentation: (1) Executive language (business risk not technical jargon), (2) Benchmark comparison (peer organizations spend X% of IT on security — we spend Y%), (3) Risk appetite (what level of risk is board willing to accept?), (4) Prioritized roadmap (if budget constrained: here are top 3 highest-ROI investments). Annual review: show last year's investments delivered promised ROI."
"(ISC)2 CCSP","CCSP","700","150","125","25","180","Cloud Concepts, Architecture, and Design","What is 'cloud security' as a competitive advantage?","A regulatory arbitrage approach finding jurisdictions with weaker security requirements to reduce costs","A marketing claim made by cloud providers to attract security-conscious enterprise customers","A competitive strategy where organizations use cheaper security as a cost advantage over competitors","Organizations with mature cloud security programs can use security as a differentiator by enabling faster delivery through automated security faster compliance certifications and customer trust built through transparency about security practices","D","Security as competitive advantage: traditionally viewed as cost center — reframe as value enabler. (1) Faster time to market (DevSecOps — security in pipeline prevents late-stage security holds that delay releases; automated security gates faster than manual review), (2) Compliance as differentiator (SOC 2, ISO 27001, FedRAMP — 'we are certified, our competitor isn't' wins enterprise deals; required for regulated industries), (3) Customer trust (transparency about security practices builds trust — security incident well-handled builds MORE trust than no incident), (4) Enable new markets (security controls enable entering regulated markets: healthcare, finance, government — security investment pays off in market access), (5) Reduce breach costs (mature security → fewer incidents → lower breach costs → cost advantage vs. competitors suffering breaches), (6) Attract talent (security-first culture attracts security-conscious engineers), (7) Partner ecosystem (partners require security assurance — security enables partnerships). Measurement: track customer questions about security (increasing = demand), deals won citing security, compliance certifications enabling new contracts. CISO as business partner: security enables business objectives rather than just saying no."
"(ISC)2 CCSP","CCSP","700","150","125","25","180","Cloud Application Security","What is 'cloud application test environment' security?","Allowing developers unrestricted access to test environments to maximize development velocity","A cloud provider managed service that creates secure test environments automatically","Using production security controls identically in test environments to ensure consistency","Securing non-production cloud environments with appropriate controls including preventing real production data from being used in development using synthetic or masked data enforcing access controls and ensuring test environments don't provide a bridge to production","D","Test environment security: test environments are often security afterthoughts but are attack vectors. (1) No production data (test environments frequently breached — they're less secure; if they contain real PII/PHI, breach has same regulatory impact as production breach; use synthetic or masked data in ALL non-production environments), (2) Network isolation (dev/test must not have network access to production — separate accounts, no peering, no cross-account roles that allow test → prod movement), (3) Access controls (more people have access to test — anyone on dev team; still need access controls, no shared credentials, MFA required), (4) Security control parity (test should mirror production security architecture even if scaled down — missing controls means security assumptions not tested), (5) No production-like credentials (test environments often have 'test' credentials that happen to work in production — enforce separate credential sets), (6) Data masking implementation (when copying production data to test, automated masking pipeline required — manual process always creates errors), (7) External access restriction (no public internet access to test environments without WAF and authentication — CI/CD doesn't need public access). Periodic audits: treat test environment security seriously — attackers use test as pivot to production."
"(ISC)2 CCSP","CCSP","700","150","125","25","180","Cloud Platform and Infrastructure Security","What is 'cloud certificate management' lifecycle and what should be automated?","Managing the full lifecycle of TLS and other certificates including issuance renewal before expiration distribution and revocation with automation critical for preventing certificate expiry outages and maintaining security","A cloud provider service that manages all certificates on behalf of customers without involvement","A compliance requirement for annual replacement of all encryption certificates regardless of expiry","A physical security control managing certificates granting access to cloud provider facilities","A","Certificate lifecycle management: certificates expire — outages and security failures result from poor management. Certificate types in cloud: TLS/SSL (web servers, APIs, load balancers), code signing certificates (sign deployment artifacts), client authentication certificates, CA certificates (internal CA for mutual TLS). Automate: (1) Discovery (find all certificates in environment — AWS Certificate Manager, Azure Key Vault, certificate transparency logs, network scanning — 'shadow certificates' are a real problem), (2) Expiry monitoring (alert at 90, 60, 30, 14, 7 days before expiry — give time to act), (3) Automated renewal (ACM: auto-renews ACM-issued certificates at 60 days before expiry; Let's Encrypt with ACME protocol: auto-renews; cert-manager in Kubernetes), (4) Distribution (when renewed, automatically deploy to all endpoints using the certificate — load balancers, web servers, API gateways), (5) Revocation (certificate compromise — immediately revoke and replace, don't wait). Manual processes that should be automated: any cert renewal involving human steps is a high risk of outage. Certificate pinning: if using certificate pinning in mobile apps, plan pin rotation process carefully — app update required. OCSP stapling: reduce client validation overhead and privacy issues."
"(ISC)2 CCSP","CCSP","700","150","125","25","180","Cloud Data Security","What is 'cloud data classification' based on regulatory requirements?","A cloud provider service that automatically applies regulatory labels to customer data","A legal process where regulators classify organizational data and assign compliance requirements","Classifying cloud data according to applicable regulatory categories such as PHI under HIPAA PII under GDPR cardholder data under PCI DSS and applying the handling requirements of the most restrictive applicable regulation","A technical schema for organizing cloud database tables according to data sensitivity levels","C","Regulatory data classification in cloud: data often subject to multiple regulations simultaneously. Classification approach: (1) Identify regulations (what regulations apply based on: data subject location — GDPR for EU individuals; industry — HIPAA for healthcare; data type — PCI DSS for payment cards; jurisdiction — state laws), (2) Map data to regulation (this database contains: names (PII — GDPR), email addresses (PII — GDPR, CCPA), birth dates (PII — GDPR), SSNs (HIPAA if health-related, state breach laws), diagnosis codes (PHI — HIPAA), credit card numbers (PCI DSS)), (3) Apply most restrictive requirements (if record is both PII under GDPR AND PHI under HIPAA: apply HIPAA requirements since stricter in most cases), (4) Technical controls per classification: PHI (HIPAA) — encryption required, access logging required, minimum necessary access, BAA with cloud provider; PAN (PCI) — encrypted at rest and transit, tokenize where possible, limited storage; PII (GDPR) — purpose limitation, retention limits, subject rights support, DPA with processor). Cloud implementation: tag data stores with applicable regulations, CSPM rules verify appropriate controls applied per tag, automated classification tool (Macie) identifies regulated data automatically. Annual review: regulations change, data classification must be updated."
"(ISC)2 CCSP","CCSP","700","150","125","25","180","Cloud Security Operations","What is 'cloud security operations center' playbook development?","Training materials for cloud security operations analysts studying for professional certifications","Creating documented response procedures for specific cloud security incident types including decision trees escalation criteria tool commands and communication templates that enable consistent repeatable incident response","A cloud provider service that generates automated incident response playbooks based on alert types","A regulatory requirement for cloud operations teams to document all security procedures annually","B","Cloud SOC playbook development: what a playbook contains: (1) Trigger (what alert or event activates this playbook), (2) Initial assessment (is this a real incident? Severity determination? Questions to answer in first 15 minutes), (3) Containment steps (specific cloud CLI/console steps: 'Run: aws iam delete-access-key --access-key-id [key]', 'In console: modify security group sg-xxx to remove rule 0.0.0.0/0 port 22'), (4) Evidence collection (what to capture and how: 'Create snapshot: aws ec2 create-snapshot --volume-id vol-xxx --description IR-[ticket]'), (5) Investigation steps (what questions to answer, what logs to review, what tools to use), (6) Notification matrix (who gets notified at what severity threshold — CISO at P1, team lead at P2), (7) Escalation criteria (when to escalate to provider, legal, law enforcement), (8) Communication templates (pre-written status updates for internal and external), (9) Recovery steps (specific steps to restore service after containment), (10) Post-incident actions (evidence preservation, retrospective scheduling, lessons learned). Cloud-specific playbooks to develop: compromised IAM credentials, cryptomining detected, public S3 bucket exposure, ransomware, unauthorized EC2 instance, cloud account takeover, GuardDuty high-severity finding. Test quarterly via tabletop."
"(ISC)2 CCSP","CCSP","700","150","125","25","180","Cloud Platform and Infrastructure Security","What is 'cloud network access control' for east-west traffic?","Security controls applied to traffic flowing between cloud workloads within the same environment using security groups NACLs microsegmentation and service mesh policies to prevent lateral movement after initial compromise","Security controls applied to traffic entering the cloud environment from the internet only","Physical access controls preventing unauthorized personnel from accessing cloud network hardware","Network performance optimization techniques reducing latency between cloud services","A","East-west security (internal traffic): North-south = internet to cloud (perimeter). East-west = service to service, VM to VM, pod to pod within cloud. Often neglected but critical: attacker who compromises one workload moves laterally via east-west traffic. Controls: (1) Security groups (instance-level stateful rules — allow only required service-to-service communication: web SG allows traffic FROM db SG on port 5432 only), (2) Network policies (Kubernetes — restrict pod-to-pod communication by label selectors), (3) Service mesh (mutual TLS between every service — Istio authorization policies), (4) Default deny (east-west should be default deny with explicit allow — not default allow for internal), (5) Microsegmentation (software-defined zero trust: Illumio, NSX — granular policies per workload). What prevents lateral movement: attacker in web tier cannot reach database because security group only allows web tier → database port 5432, not attacker's reverse shell → database port 22. Monitoring: VPC Flow Logs reveal unexpected east-west connections — alert on new service-to-service communication paths."
"(ISC)2 CCSP","CCSP","700","150","125","25","180","Legal, Risk, and Compliance","What is 'cloud security assurance' and what provides it?","A government program that certifies organizations have achieved satisfactory cloud security levels","A cloud provider guarantee that their services will never be subject to security incidents","Evidence-based confidence that cloud security controls are implemented and operating effectively provided through third-party audits certifications penetration testing and continuous compliance monitoring rather than self-attestation alone","A customer satisfaction measurement indicating how confident users feel about cloud security","C","Cloud security assurance sources: (1) Third-party audits (SOC 2 Type II — most valuable for cloud customers; independent auditor tests controls over 6-12 months — stronger than point-in-time; Type II shows controls OPERATED not just designed), (2) Certifications (ISO 27001 — demonstrates ISMS; FedRAMP — rigorous US government standard; PCI DSS AOC — payment card compliance), (3) Penetration testing (adversarial testing finds what audits miss — real-world exploitation testing, not just control review), (4) Continuous compliance monitoring (CSPM showing ongoing compliance state — not just audit day compliance), (5) Bug bounty programs (community-based ongoing testing — public programs demonstrate security confidence), (6) Security scanning results (DAST/SAST/SCA results demonstrating code security testing), (7) Incident response track record (how many incidents? How well handled? Recovery time?). Self-attestation (the organization says they are secure): lowest assurance value — no independent verification. Assurance pyramid: increasing confidence from self-assessment → questionnaire → third-party audit → continuous monitoring + audit. CCSP: know what provides meaningful assurance vs. what is marketing."
